image_id,source_split,original_manifest_path,local_image_path,DR grade,SHA-256,file_size_bytes,width,height,decode_status
4ce74e5eb51d,APTOS_TRAIN,model/datasets/train_manifest.csv,data/aptos2019/train_images/4ce74e5eb51d.png,2,246c9b4f18321e38fe406dec813a36ca6b853364436d26cc045759544442e1d6,2141583,3216,2136,PASS
91a88d3b0358,APTOS_TRAIN,model/datasets/train_manifest.csv,data/aptos2019/train_images/91a88d3b0358.png,2,dc0664c83bb174ee4b559348b8e2046e1166c14636cb37d7561f4d985681628c,2228063,2416,1736,PASS
84b4da14bc23,APTOS_TRAIN,model/datasets/train_manifest.csv,data/aptos2019/train_images/84b4da14bc23.png,0,231f1bc2d949ea44532702facc50300f0cbe33b3d71794fe9e2722a38d79c53b,825315,1050,1050,PASS
78b3f819dcc5,APTOS_TRAIN,model/datasets/train_manifest.csv,data/aptos2019/train_images/78b3f819dcc5.png,4,799514573d9c4d0a1619dba71c0d33b3fa1e16b79a7013a39de0d0fdfd8a876d,5157494,2588,1958,PASS
789434d095d1,APTOS_TRAIN,model/datasets/train_manifest.csv,data/aptos2019/train_images/789434d095d1.png,4,8ce2b356fde5769e0b109475b11bf4dd3824f5cc882c17a5294b5c8a54e36a82,2662022,3216,2136,PASS
2e79041ef722,APTOS_TRAIN,model/datasets/train_manifest.csv,data/aptos2019/train_images/2e79041ef722.png,2,d78f967e5e1983835523fbe9361895dcfa630c7ae16c446a1f229587b2130202,4999184,2588,1958,PASS
84b472c49cfa,APTOS_TRAIN,model/datasets/train_manifest.csv,data/aptos2019/train_images/84b472c49cfa.png,0,2888e3e7a3cb9fc2305d9505de5f82cc8de104800a0732cc8a7045e38b05261e,318777,819,614,PASS
a8aed92940fb,APTOS_TRAIN,model/datasets/train_manifest.csv,data/aptos2019/train_images/a8aed92940fb.png,0,026c3a578042f3e5a08e45c853df9ae1e087205f3fc5121b0666e5490d01cebf,272607,819,614,PASS
e322acd46152,APTOS_TRAIN,model/datasets/train_manifest.csv,data/aptos2019/train_images/e322acd46152.png,0,cc9bf91e88e7081e275bfa5a3470caa90107ea211299be41ca4584b9c4d617e6,1864465,2048,1536,PASS
1943983492e5,APTOS_TRAIN,model/datasets/train_manifest.csv,data/aptos2019/train_images/1943983492e5.png,2,9dc55ad650f4245efb931f38fef9b68d97313c5dd9f92385812a956d8ae5bfde,2456533,3216,2136,PASS
374535e0adb8,APTOS_TRAIN,model/datasets/train_manifest.csv,data/aptos2019/train_images/374535e0adb8.png,4,a3e25aac60edce13aeec137435c5a5316fd35ae66cbd4eda4ee4f4405fb78624,5971253,4288,2848,PASS
14ee87d6cc42,APTOS_TRAIN,model/datasets/train_manifest.csv,data/aptos2019/train_images/14ee87d6cc42.png,2,a49ca4701a15d3630253c18de71c47bd05e7206a6b731b2b29b2a1abeacd5cea,278989,640,480,PASS
61bbc11fe503,APTOS_TRAIN,model/datasets/train_manifest.csv,data/aptos2019/train_images/61bbc11fe503.png,4,bfadfcb1f9276b07b585ec389842d0a0f512bd38c19a8dcfbdaa29cf5e43d1a4,1995410,2416,1736,PASS
8bf2d925dc0c,APTOS_TRAIN,model/datasets/train_manifest.csv,data/aptos2019/train_images/8bf2d925dc0c.png,0,734c6e785b3400f7cd621c0ae76be3c5d26e0331eeba4a0a24f3be9914c03d7c,955596,1050,1050,PASS
870f433e8f37,APTOS_TRAIN,model/datasets/train_manifest.csv,data/aptos2019/train_images/870f433e8f37.png,0,566a4e2b02910c7091294506079acd14bb06d5f90e313423d4452b89df63a27e,920379,1050,1050,PASS
e55188915f9d,APTOS_TRAIN,model/datasets/train_manifest.csv,data/aptos2019/train_images/e55188915f9d.png,1,2f78fc88eb1723a40f442f41c2815aab4268639508a6ab5785fc95c9e0cd4d15,1939405,2416,1736,PASS
283c3aeba594,APTOS_TRAIN,model/datasets/train_manifest.csv,data/aptos2019/train_images/283c3aeba594.png,0,02a5de80b3949033bfa727d67e3518bdbbe48f7515ba7855a28f374d41535977,1944501,2048,1536,PASS
289a47dcbb82,APTOS_TRAIN,model/datasets/train_manifest.csv,data/aptos2019/train_images/289a47dcbb82.png,0,5af527ebcae89ef202649ecf3996d7e90a22c301d0aeb4f82eb38935181e509d,1886081,2048,1536,PASS
684dd88a0d49,APTOS_TRAIN,model/datasets/train_manifest.csv,data/aptos2019/train_images/684dd88a0d49.png,0,3d271d9870d20694d0357f38e90f25b1037582a9dec3ac0530114f69968be5b2,326644,819,614,PASS
83517eaeccb9,APTOS_TRAIN,model/datasets/train_manifest.csv,data/aptos2019/train_images/83517eaeccb9.png,0,e420e61920a6c73cfa2add073d3f0192c964d9418767272991da060577cebec8,1031600,1050,1050,PASS
bb2f89488ecd,APTOS_TRAIN,model/datasets/train_manifest.csv,data/aptos2019/train_images/bb2f89488ecd.png,0,9e7db8e386c196bd1154670d477a445265b6f29083968b1cfd07ad045686e191,895757,1050,1050,PASS
dfc7ec7db0e0,APTOS_TRAIN,model/datasets/train_manifest.csv,data/aptos2019/train_images/dfc7ec7db0e0.png,0,58f7d9f81582074210f9ffb1e47fcba195856d7440367b51304b5effb5f1b3b0,1028159,1050,1050,PASS
c5a0e84e955d,APTOS_TRAIN,model/datasets/train_manifest.csv,data/aptos2019/train_images/c5a0e84e955d.png,0,16e9b011fe1d4e84d88d87270076dacc42270eb572bcff9f4a060fc8b2544afc,1763581,2048,1536,PASS
d39752cb6e57,APTOS_TRAIN,model/datasets/train_manifest.csv,data/aptos2019/train_images/d39752cb6e57.png,0,e0fbc1fc8bbd90933f08a7a6e63e2f187937ab1b8fcd30a7ff8165a242c85c10,953188,1050,1050,PASS
2c9dfc270f1b,APTOS_TRAIN,model/datasets/train_manifest.csv,data/aptos2019/train_images/2c9dfc270f1b.png,0,51269cd741d98700fac3bc2b65bee81720528ef581d526cb1499f70bde275426,1017235,1050,1050,PASS
1e4650743fa2,APTOS_TRAIN,model/datasets/train_manifest.csv,data/aptos2019/train_images/1e4650743fa2.png,2,70ae9f445da3a680049dcd6baf2f44ab4dc69c67e25dd7ad5459511edb56ad8f,2584048,3216,2136,PASS
c5b58cc992af,APTOS_TRAIN,model/datasets/train_manifest.csv,data/aptos2019/train_images/c5b58cc992af.png,0,4b7f18cfc6c6843cfb6321deb719a51ccabb26b4c2404ce24ea02198c654f118,296621,819,614,PASS
13063d1bc4ea,APTOS_TRAIN,model/datasets/train_manifest.csv,data/aptos2019/train_images/13063d1bc4ea.png,2,09104f5898857ebcafad62647a5c31267d55acb9c10adf44be2db35b8f10014f,5054636,2588,1958,PASS
2d870833c0c9,APTOS_TRAIN,model/datasets/train_manifest.csv,data/aptos2019/train_images/2d870833c0c9.png,2,32809de53e00d5e638e33d3d84f92bd03b9442c054adffa859f5a91c07e391a2,6777331,3388,2588,PASS
b9d0b83d70c3,APTOS_TRAIN,model/datasets/train_manifest.csv,data/aptos2019/train_images/b9d0b83d70c3.png,0,e583b37d88d2f1784ab93101ad0adb2ad8c6d28a129a6f8522ff9d65b24d921d,295409,819,614,PASS
2cfe8703f265,APTOS_TRAIN,model/datasets/train_manifest.csv,data/aptos2019/train_images/2cfe8703f265.png,0,0ea1f3d7aac58c761c44a8f10746e3bedb8657e9a5dd7a01060153d1d5ef8040,5389869,2588,1958,PASS
e499434242cc,APTOS_TRAIN,model/datasets/train_manifest.csv,data/aptos2019/train_images/e499434242cc.png,2,183e692d7b9e69fa3d53c7ab9dad1346834962191408a04ac629cad38dc57d1f,2548486,3216,2136,PASS
191348830ddf,APTOS_TRAIN,model/datasets/train_manifest.csv,data/aptos2019/train_images/191348830ddf.png,2,dffc5e7c8d35c74a65bf66affb8646c41c4430b283201af82717c0fcab52d780,5313053,2588,1958,PASS
f02956bd7c50,APTOS_TRAIN,model/datasets/train_manifest.csv,data/aptos2019/train_images/f02956bd7c50.png,0,d279f2bac0939ea2d52c32f110fbe30a7bef7f3d94598a8e850ca53fab5115d3,1916114,2048,1536,PASS
ed246ae1ed08,APTOS_TRAIN,model/datasets/train_manifest.csv,data/aptos2019/train_images/ed246ae1ed08.png,4,ec77bd2fdc342bc6f7b4e419efde6ed9d1750eb1c533086ff621681c05e3cbb5,2187493,2416,1736,PASS
2c8101f14723,APTOS_TRAIN,model/datasets/train_manifest.csv,data/aptos2019/train_images/2c8101f14723.png,0,dc72ec7a3299b10404789fdc6ba2b86d66c74f0a6b98722eaff3c3c465250c3a,1801603,2048,1536,PASS
2fdfb80ea53c,APTOS_TRAIN,model/datasets/train_manifest.csv,data/aptos2019/train_images/2fdfb80ea53c.png,0,c8bd649540e9127394bb7dde4080ab6448e2bee5cb6ece159eedfe1e35b8c135,861817,1050,1050,PASS
b960142a8de7,APTOS_TRAIN,model/datasets/train_manifest.csv,data/aptos2019/train_images/b960142a8de7.png,3,3dd3cca578b987c2d4eea6780e36c27164d44ba97830183f2c0ec285b62a7393,2276697,2896,1944,PASS
bac1744955c2,APTOS_TRAIN,model/datasets/train_manifest.csv,data/aptos2019/train_images/bac1744955c2.png,0,d2e99127b96e4f659d2030e21630ac06f4b9baf087e59215934e691adf12e76b,1092949,1050,1050,PASS
12e6e66c80a7,APTOS_TRAIN,model/datasets/train_manifest.csv,data/aptos2019/train_images/12e6e66c80a7.png,2,bc095b9303d1836e75b66f3eb29d932017e41a69af0fda7ff8b4af20ca2724fb,383273,640,480,PASS
0f6e645466a2,APTOS_TRAIN,model/datasets/train_manifest.csv,data/aptos2019/train_images/0f6e645466a2.png,0,701d86446348687349ccaa81b5746ddd48fa54d9693366d7816e64e6424d1acd,292827,819,614,PASS
b310bd564329,APTOS_TRAIN,model/datasets/train_manifest.csv,data/aptos2019/train_images/b310bd564329.png,3,dea40beaee744420f1a025d1bb72cd2f011313027b26835a6044672d69000b7e,2220277,2416,1736,PASS
5a179c123fd8,APTOS_TRAIN,model/datasets/train_manifest.csv,data/aptos2019/train_images/5a179c123fd8.png,0,59f2a348dd0f3fe1a7881b4bebe90eaea88e9409c53766de48bd5413fd35975e,392671,819,614,PASS
a5a2a7003d60,APTOS_TRAIN,model/datasets/train_manifest.csv,data/aptos2019/train_images/a5a2a7003d60.png,1,4263195e6a5a541d9e940e68355943da4d722ce0e85e412d1be8f46a4d20cbe9,2431219,2416,1736,PASS
64c6c6ee0d98,APTOS_TRAIN,model/datasets/train_manifest.csv,data/aptos2019/train_images/64c6c6ee0d98.png,0,70fdcb109ddd871c76800b3ca590f7961c24e6193ac4c3997590c4f45dfc9574,5255759,2588,1958,PASS
155e2df6bfcf,APTOS_TRAIN,model/datasets/train_manifest.csv,data/aptos2019/train_images/155e2df6bfcf.png,0,309d64b0518f6260ef010c4b094ea8518270ed99783c2e291f547fc5396e0c60,1048082,1050,1050,PASS
bb5083fae98f,APTOS_TRAIN,model/datasets/train_manifest.csv,data/aptos2019/train_images/bb5083fae98f.png,3,3e008fdcb0fc51952399324738f3efc46d7c2ec1a37ca8e7ca34c30a79b9c442,2208114,2416,1736,PASS
d18b1d8ac4de,APTOS_TRAIN,model/datasets/train_manifest.csv,data/aptos2019/train_images/d18b1d8ac4de.png,2,12ce732f688e395153f684a4eb81fafaf5059494625dca22c5051b8885770217,2610207,2416,1736,PASS
b37aae3c8fe1,APTOS_TRAIN,model/datasets/train_manifest.csv,data/aptos2019/train_images/b37aae3c8fe1.png,4,3aaf1443752dd36ea4f46890e4d8d1022034e88bbe923115b07063b89f75e490,2174047,2416,1736,PASS
ab78a66dee6a,APTOS_TRAIN,model/datasets/train_manifest.csv,data/aptos2019/train_images/ab78a66dee6a.png,0,3f0aafd87b0d596bd4d45e227fe8a2bb9e754f3ef4d0716bbfa5662e579429c4,933699,1050,1050,PASS
6810410187a0,APTOS_TRAIN,model/datasets/train_manifest.csv,data/aptos2019/train_images/6810410187a0.png,2,18652af277f0875a50d08db0671ff29a09670bf6817372b334b74045d726e405,2740626,3216,2136,PASS
f36cb007a1ef,APTOS_TRAIN,model/datasets/train_manifest.csv,data/aptos2019/train_images/f36cb007a1ef.png,0,746695513c468e487247c8b335c97d3e5a999a01bb98d2ac2582f18db4a8bb2c,920809,1050,1050,PASS
cf603a9ef2d5,APTOS_TRAIN,model/datasets/train_manifest.csv,data/aptos2019/train_images/cf603a9ef2d5.png,1,e66c994ce58a791a1833c1cb25bdbb4c4ab2e2a0f3d728001bc59a6e249a103b,2222382,2416,1736,PASS
6fb656d506b2,APTOS_TRAIN,model/datasets/train_manifest.csv,data/aptos2019/train_images/6fb656d506b2.png,3,ac438deda885263f778530f7c14a890688baa52e9cf1a62039ca341c942f6fd1,4055943,3388,2588,PASS
f00ce9b9d6f4,APTOS_TRAIN,model/datasets/train_manifest.csv,data/aptos2019/train_images/f00ce9b9d6f4.png,0,2d8e38332217e7cdd28fbee55d9e5eed019f77c5ada78c3c13adcec51129015d,975742,1050,1050,PASS
a8a6588c8eb7,APTOS_TRAIN,model/datasets/train_manifest.csv,data/aptos2019/train_images/a8a6588c8eb7.png,0,6659f5d5eb38c039a85bf52c4d3ed148a233763bed040740fde1d6953a949c22,1927612,2048,1536,PASS
784d6d302f98,APTOS_TRAIN,model/datasets/train_manifest.csv,data/aptos2019/train_images/784d6d302f98.png,0,6178501e1826bc0b31477600a8695b94b7609c8a4d754c4f5c07ea4a6e3fb2be,1023371,1050,1050,PASS
6504b703c429,APTOS_TRAIN,model/datasets/train_manifest.csv,data/aptos2019/train_images/6504b703c429.png,0,d870de979d137785b0c0989f5ef7d9ff03269ffcf813b3e4dd1294fc8b3c527f,898448,1050,1050,PASS
467b7d9d811c,APTOS_TRAIN,model/datasets/train_manifest.csv,data/aptos2019/train_images/467b7d9d811c.png,2,b4f16d2e773dadb3ca6991b382add6e7f5ffa797352d854799517b6a439fe64c,2252307,2416,1736,PASS
d4f32b9c07df,APTOS_TRAIN,model/datasets/train_manifest.csv,data/aptos2019/train_images/d4f32b9c07df.png,1,79b0d760f97c552fa5d475b984eea7bc55dce7895e1362066b2d3a0ae341a135,2067018,2416,1736,PASS
150f92b45349,APTOS_TRAIN,model/datasets/train_manifest.csv,data/aptos2019/train_images/150f92b45349.png,0,d7c9385083f2de9cc02ecb6db453beddc336b6d6553bfa22711ee0e827ac9711,920545,1050,1050,PASS
b7f0bc7d399e,APTOS_TRAIN,model/datasets/train_manifest.csv,data/aptos2019/train_images/b7f0bc7d399e.png,0,1b6c9cd61842f9b54563749bd5bf5d68a2edbbd191a97a0fdefdf9122dfb3143,5526176,2588,1958,PASS
4c78d9d18da9,APTOS_TRAIN,model/datasets/train_manifest.csv,data/aptos2019/train_images/4c78d9d18da9.png,2,3783bf18f69fa334be8b9b5fb98197b6f6a48fe2a8069cd0383b3814eddfc3f9,2016477,2416,1736,PASS
080ee76c958c,APTOS_TRAIN,model/datasets/train_manifest.csv,data/aptos2019/train_images/080ee76c958c.png,4,37d75c6e2be9a9ae2ba8e1e1d49159799069600fb942e0eaf06a58ddb4754940,5935137,3216,2136,PASS
a2811f512c1c,APTOS_TRAIN,model/datasets/train_manifest.csv,data/aptos2019/train_images/a2811f512c1c.png,0,bbc8cd9941a762d349cfcda1dd4be92dc28dfe3aee58217ba9c8ce9452c954b1,971433,1050,1050,PASS
c704bd669f36,APTOS_TRAIN,model/datasets/train_manifest.csv,data/aptos2019/train_images/c704bd669f36.png,0,e663b801bd96f03d14055ba23b6b8b733663bc3a0214ccf6b6895457be9c7f7c,1065898,1050,1050,PASS
4dd71fc7f22b,APTOS_TRAIN,model/datasets/train_manifest.csv,data/aptos2019/train_images/4dd71fc7f22b.png,4,2813156139e9f27edef745ecce218d242de4e6da3eb9fd81c68dea9344f1b1db,357098,640,480,PASS
6a57a3db3eff,APTOS_TRAIN,model/datasets/train_manifest.csv,data/aptos2019/train_images/6a57a3db3eff.png,0,f8e210f39a111cf665e20e1a9ea35c86354870d8479766717550f81026e936cd,1020286,1050,1050,PASS
08b6e3240858,APTOS_TRAIN,model/datasets/train_manifest.csv,data/aptos2019/train_images/08b6e3240858.png,0,bfa585f10d3f034784594658e21963b941bebfde3f31f4df6caad251bcf59baf,5228284,2588,1958,PASS
5b1c4cefeb24,APTOS_TRAIN,model/datasets/train_manifest.csv,data/aptos2019/train_images/5b1c4cefeb24.png,0,4492cb62544637cb92cd8616f1ae68df078db6eac49effa1f951745a674b7dc4,1907847,2048,1536,PASS
11242a67122d,APTOS_TRAIN,model/datasets/train_manifest.csv,data/aptos2019/train_images/11242a67122d.png,4,46b631781bb2e68f04031a8f5fa6d8bfedf602c88a65eb11ac04238c545701e5,2808247,2144,1424,PASS
0d0b8fc9ab5c,APTOS_TRAIN,model/datasets/train_manifest.csv,data/aptos2019/train_images/0d0b8fc9ab5c.png,0,62c87a9785ea15935b29ec4514691f81a6972b733e527a64a1ee92a193ca57ee,1891993,2048,1536,PASS
9782c0489eca,APTOS_TRAIN,model/datasets/train_manifest.csv,data/aptos2019/train_images/9782c0489eca.png,1,7be152f811c0789f9c223783af6f5b85c83493ae95da30c6fc496a4d79cb54d2,2191845,2416,1736,PASS
f361060eda3e,APTOS_TRAIN,model/datasets/train_manifest.csv,data/aptos2019/train_images/f361060eda3e.png,0,9d7f9c57de0d4fcbf84dc49e0d7f8c75d340ef8c687c447fb9ec4b4eca458338,970405,1050,1050,PASS
300305ce82d2,APTOS_TRAIN,model/datasets/train_manifest.csv,data/aptos2019/train_images/300305ce82d2.png,2,7780a223b63be4827138d04191dc610cd215a3bf2bd906b1c86151eab19f3074,2369891,3216,2136,PASS
6028a575dc27,APTOS_TRAIN,model/datasets/train_manifest.csv,data/aptos2019/train_images/6028a575dc27.png,1,1a1ff962a2728eb21e003d39d96862ed084fa930b9f03fbd8eab1ce0afe1ded3,2269700,2416,1736,PASS
873dcc0b468f,APTOS_TRAIN,model/datasets/train_manifest.csv,data/aptos2019/train_images/873dcc0b468f.png,4,4de0064c8d9e3d1354d77ba3e6a896dd702a77ba444902a559ad3a1641a07f66,2288093,2416,1736,PASS
0eced86c9db8,APTOS_TRAIN,model/datasets/train_manifest.csv,data/aptos2019/train_images/0eced86c9db8.png,0,fe5403895b8e13c15f8e3be8fb3ff879ea465bbeda1bc750fcf365434afd4925,1928084,2048,1536,PASS
dee31065f8fe,APTOS_TRAIN,model/datasets/train_manifest.csv,data/aptos2019/train_images/dee31065f8fe.png,0,f48b445085c45eaa612cfbbbe1904ef18fcba23b04963f8d1720b703d51668d4,1098949,1050,1050,PASS
44e0d56e9d42,APTOS_TRAIN,model/datasets/train_manifest.csv,data/aptos2019/train_images/44e0d56e9d42.png,2,6bf3d81aceccd0e454251559e5182bece335a4d30fb4d9cc3ec429df9780c1c5,1961364,3216,2136,PASS
c9ea9d5eab65,APTOS_TRAIN,model/datasets/train_manifest.csv,data/aptos2019/train_images/c9ea9d5eab65.png,3,8e72f801cca48313fe72c57119ae0ddf4bc8758c979f3e1a0cada62dbd502f13,2398569,2416,1736,PASS
417f408ee8e0,APTOS_TRAIN,model/datasets/train_manifest.csv,data/aptos2019/train_images/417f408ee8e0.png,2,f6bd1fdaa119521ce00941e4ead48815a6b0c8f8ef9095b7bff8e08859f0009a,4946289,2588,1958,PASS
2bb3c492d6d3,APTOS_TRAIN,model/datasets/train_manifest.csv,data/aptos2019/train_images/2bb3c492d6d3.png,0,c4e842e60a6c57b9353dd36c66ecee11b63431850f8d82bda8fb78dc0edc56f5,5091029,2588,1958,PASS
18323d8f2470,APTOS_TRAIN,model/datasets/train_manifest.csv,data/aptos2019/train_images/18323d8f2470.png,2,4b830c3f1940a1093e84c68878b64b714bd9b5fc68cadfacb4dc0e605ae43eb3,1060800,1844,1226,PASS
fc1b1841eadf,APTOS_TRAIN,model/datasets/train_manifest.csv,data/aptos2019/train_images/fc1b1841eadf.png,2,7c9c038dd44681ea6a22513420cd0fa3449a58996178964c0db4389d7e5d1b4a,2310878,3216,2136,PASS
3aa2b1ce6700,APTOS_TRAIN,model/datasets/train_manifest.csv,data/aptos2019/train_images/3aa2b1ce6700.png,2,09b15714704daee9262853b87919776bd3faf5e281354267cd7b533f1165d03b,2607521,2416,1736,PASS
c4a8f2fcf6e8,APTOS_TRAIN,model/datasets/train_manifest.csv,data/aptos2019/train_images/c4a8f2fcf6e8.png,1,0aa777bfc615e150d494ed212e61fbc727e64136800d60256ded5e1edbe21387,2233151,2416,1736,PASS
0da09e3ce8f1,APTOS_TRAIN,model/datasets/train_manifest.csv,data/aptos2019/train_images/0da09e3ce8f1.png,2,5cf04f437ec823fdc9b8f0f697cf7f984a2b694e63e9c071cc8f0697f1f9c272,3038702,3216,2136,PASS
210bfe0127c6,APTOS_TRAIN,model/datasets/train_manifest.csv,data/aptos2019/train_images/210bfe0127c6.png,0,fe0fd2e9587c7917ab4f2c699e7529f459a8ccbfd8dcf01f7f3e75832182ffae,5581507,2588,1958,PASS
65a7fe9482fe,APTOS_TRAIN,model/datasets/train_manifest.csv,data/aptos2019/train_images/65a7fe9482fe.png,0,35a3a0cc46c51269377bdf7ae67373b135f26f6b31766d1e2a6d59bfeea3e845,1050561,1050,1050,PASS
ac0a48ccbf70,APTOS_TRAIN,model/datasets/train_manifest.csv,data/aptos2019/train_images/ac0a48ccbf70.png,0,45955fca2c56a7feff5191af3efa185924fd8ac3e8ba9e67ff834d51669ab995,360955,819,614,PASS
33b91def2035,APTOS_TRAIN,model/datasets/train_manifest.csv,data/aptos2019/train_images/33b91def2035.png,0,8f327035b2cf8d528dfc0322baf99efdd4c1314521f601f46bb38a62797e32d2,306225,819,614,PASS
0212dd31f623,APTOS_TRAIN,model/datasets/train_manifest.csv,data/aptos2019/train_images/0212dd31f623.png,0,ceb4a567ebeff12f9a5a9a6d34272a09b5f4a57f553d41819f47ea9b8f49b931,999997,1050,1050,PASS
b50b30aa6e6c,APTOS_TRAIN,model/datasets/train_manifest.csv,data/aptos2019/train_images/b50b30aa6e6c.png,1,ee856d141268e547e398e1e085d3f7dc0d850b60a451fd38d2e31646c095d762,2521777,3216,2136,PASS
5db895d3f1fc,APTOS_TRAIN,model/datasets/train_manifest.csv,data/aptos2019/train_images/5db895d3f1fc.png,0,792f3cf24f8126963ff8db846c8f8ccb633d5d769c5d2d7572b1ee666dee5c93,1735970,2048,1536,PASS
39aa3cd93c50,APTOS_TRAIN,model/datasets/train_manifest.csv,data/aptos2019/train_images/39aa3cd93c50.png,3,a298166fab13878271b2d6ba4a5b4d352593a52a24a18cd3b774da3f60c9f698,5501068,2588,1958,PASS
059bc89df7f4,APTOS_TRAIN,model/datasets/train_manifest.csv,data/aptos2019/train_images/059bc89df7f4.png,1,2e3db03e1bc6e6f0e23a8e8d74e92a4085716700f4d32eeea3c61fa264c6f388,2517339,2416,1736,PASS
4e8585a96739,APTOS_TRAIN,model/datasets/train_manifest.csv,data/aptos2019/train_images/4e8585a96739.png,0,5969e2650b5af83a804b19613a8836c43565d2ae7cb5bc1ec009d6de7dd8bc6c,372272,819,614,PASS
ca9c912ebad7,APTOS_TRAIN,model/datasets/train_manifest.csv,data/aptos2019/train_images/ca9c912ebad7.png,2,30c42676bac82c5171161c58096bbe21eca9d97663a21935cd3df42a5f7795fc,1769245,3216,2136,PASS
2b48daf24be0,APTOS_TRAIN,model/datasets/train_manifest.csv,data/aptos2019/train_images/2b48daf24be0.png,3,3aec0f7a7a79e0669e7c6b60886fbaa3bb5b6eeecaf7d1d775470d5874f8ed95,1902849,2416,1736,PASS
03747397839f,APTOS_TRAIN,model/datasets/train_manifest.csv,data/aptos2019/train_images/03747397839f.png,2,3a099b5f518d0fc52d0db63d4c022b46e46ff47738de45e64879df77992af052,2504028,3216,2136,PASS
b640e3bdff75,APTOS_TRAIN,model/datasets/train_manifest.csv,data/aptos2019/train_images/b640e3bdff75.png,1,6bc7640f3855bc90c92bd333039d17d5ad528117e341ae78c6bea102519cfc11,2179803,2416,1736,PASS
1ab8d3431ffc,APTOS_TRAIN,model/datasets/train_manifest.csv,data/aptos2019/train_images/1ab8d3431ffc.png,0,135ff7e39fd2307c437d4c807a12b39a6ec624829e3f895bb99f206317b7eea2,5649556,2588,1958,PASS
8b568d47a1fd,APTOS_TRAIN,model/datasets/train_manifest.csv,data/aptos2019/train_images/8b568d47a1fd.png,0,73cab5c1724891aa0d9f59be7f5725c644d090e1fece8cad03ebabf235103a16,985274,1050,1050,PASS
1b8ad0afe9fb,APTOS_TRAIN,model/datasets/train_manifest.csv,data/aptos2019/train_images/1b8ad0afe9fb.png,2,119ad16e51e14bb906f6acb38f0e2c3c5210693917dbf37a3a1e48d6f6808d6b,5477665,2588,1958,PASS
ca7570c5925c,APTOS_TRAIN,model/datasets/train_manifest.csv,data/aptos2019/train_images/ca7570c5925c.png,2,ce1c4b55ae763dc7d115ff5595c6e77c4a168b9f6a320873b98fc37115756ca8,2085690,2416,1736,PASS
6d292ca4c9ad,APTOS_TRAIN,model/datasets/train_manifest.csv,data/aptos2019/train_images/6d292ca4c9ad.png,1,993d36d0bea2575f63d2675e112839e429f6c2419632c1f00ad9551974c53da4,2320193,2416,1736,PASS
cd8da43e3069,APTOS_TRAIN,model/datasets/train_manifest.csv,data/aptos2019/train_images/cd8da43e3069.png,0,151334d13959dedb318ed564bd2f6ef196e0039d2b726bde34102d4f393fb3b9,988721,1050,1050,PASS
ae20112e7a1e,APTOS_TRAIN,model/datasets/train_manifest.csv,data/aptos2019/train_images/ae20112e7a1e.png,0,a0847c0d00dc32440f5e6f7b793d90411e7d67322c731a2f3da7681f95be9a02,373403,819,614,PASS
d2afca74cbc3,APTOS_TRAIN,model/datasets/train_manifest.csv,data/aptos2019/train_images/d2afca74cbc3.png,0,665f52501011b1bfcfea3ce1727640b3c1fdd5cb1448894e2afaae572c1969dd,291034,819,614,PASS
c25e02b39c01,APTOS_TRAIN,model/datasets/train_manifest.csv,data/aptos2019/train_images/c25e02b39c01.png,0,4cb41f2b2d3cf44c46230bf8a20d465094943d8009ed7dfc86d80886a3a871c4,1010838,1050,1050,PASS
33b893e18eb3,APTOS_TRAIN,model/datasets/train_manifest.csv,data/aptos2019/train_images/33b893e18eb3.png,1,9f6fe7bfe730465e1401fdb19aaabe010361ccae034a55b5a7921f3bdd9ba127,2032647,2416,1736,PASS
63d217b059b6,APTOS_TRAIN,model/datasets/train_manifest.csv,data/aptos2019/train_images/63d217b059b6.png,2,d5134afd243aebffde03f4d11f192f9648a0cd1c8576b68a202b3c7fc4ce5ac1,2087331,2416,1736,PASS
52edbe29d655,APTOS_TRAIN,model/datasets/train_manifest.csv,data/aptos2019/train_images/52edbe29d655.png,0,d9f56d017ad7ed14dfeb01e5513f3d64ebb330e7288de9a83484a5d1b305ee93,907072,1050,1050,PASS
5a03fe3ed15c,APTOS_TRAIN,model/datasets/train_manifest.csv,data/aptos2019/train_images/5a03fe3ed15c.png,2,88a088700d4a511afcfbc317a87a4b0d5cd3fa076d84356c5335fd3d4e9212b3,2358111,2416,1736,PASS
57760be09c03,APTOS_TRAIN,model/datasets/train_manifest.csv,data/aptos2019/train_images/57760be09c03.png,2,0b5877f37d6e4711c50967430172249511738a9ecbf870b60c9276013444175a,3445508,3216,2136,PASS
ffc04fed30e6,APTOS_TRAIN,model/datasets/train_manifest.csv,data/aptos2019/train_images/ffc04fed30e6.png,0,cd1c269d1445278b1bdc8dc2c1e1f74ab27102cafd77e33c9e8c965736f529f4,1705204,2048,1536,PASS
afc744fad65e,APTOS_TRAIN,model/datasets/train_manifest.csv,data/aptos2019/train_images/afc744fad65e.png,0,cd8656610f5c7ef248c746511adb09eb681a7bace4f13c710f7017d05dfb5d85,996396,1050,1050,PASS
02da652c74b8,APTOS_TRAIN,model/datasets/train_manifest.csv,data/aptos2019/train_images/02da652c74b8.png,0,33a66ab908f38cae1fde91623c288f278c3173d27a85201178accea61fa07d82,938287,1050,1050,PASS
4a7dc013e802,APTOS_TRAIN,model/datasets/train_manifest.csv,data/aptos2019/train_images/4a7dc013e802.png,4,0ca7b5cbc67e868770ed0c603e9b98774c0f59b4e3060af9cab3acd23cafc8d5,4865195,2588,1958,PASS
75ed83dbccce,APTOS_TRAIN,model/datasets/train_manifest.csv,data/aptos2019/train_images/75ed83dbccce.png,0,15e0cf2d8d57c9c72a7098e1fc2c1dbc2c97d9f15b0673ec73de147b758fea42,1023275,1050,1050,PASS
99c626e58464,APTOS_TRAIN,model/datasets/train_manifest.csv,data/aptos2019/train_images/99c626e58464.png,0,0f4c1f2e2ff59f0bc7348c9da8f23066aa1f75d1f07aef7928f59a90a9e5e9c6,1925303,2048,1536,PASS
ef99c499d665,APTOS_TRAIN,model/datasets/train_manifest.csv,data/aptos2019/train_images/ef99c499d665.png,0,289fcbab995ed7afee85f58cf7c465a9ebe949c32c9b7d1368223169ff6fa2e1,901914,1050,1050,PASS
0b3efe669365,APTOS_TRAIN,model/datasets/train_manifest.csv,data/aptos2019/train_images/0b3efe669365.png,0,e6dbf6c58c008eb44f67c2ecad95d7800b9043dd26ad55020520e2e27c0b4790,1761392,2048,1536,PASS
c56e65f74187,APTOS_TRAIN,model/datasets/train_manifest.csv,data/aptos2019/train_images/c56e65f74187.png,1,51860f1141b44c9b2b07cddb99745a1ee0b88c347093e91214e267da91a5853b,2857293,2588,1958,PASS
7fdb177b8f7d,APTOS_TRAIN,model/datasets/train_manifest.csv,data/aptos2019/train_images/7fdb177b8f7d.png,0,709bac05c899021812b8091ed83264022879cbc02837e9da95f82226bd5044d6,995727,1050,1050,PASS
5d9c841eb245,APTOS_TRAIN,model/datasets/train_manifest.csv,data/aptos2019/train_images/5d9c841eb245.png,0,e4cb8ba9bf497b59efe2f91bd0a9d5a547f45e63c358331b5d940c44f5dbdcd9,1935355,2048,1536,PASS
8e63fc4ab532,APTOS_TRAIN,model/datasets/train_manifest.csv,data/aptos2019/train_images/8e63fc4ab532.png,2,ae36cb7938dda5a2227d2d2fa5411f5ec428628be88901a069a1833d6a0127bd,3142629,3216,2136,PASS
a62ea0043aa7,APTOS_TRAIN,model/datasets/train_manifest.csv,data/aptos2019/train_images/a62ea0043aa7.png,2,3cbd6763f51b0777bb7ec154a7db102d2b78c2973bea41c08c7a4ce1089d46d9,2265244,2416,1736,PASS
803120c5d287,APTOS_TRAIN,model/datasets/train_manifest.csv,data/aptos2019/train_images/803120c5d287.png,2,5f55e31a3a122c8a80a2673716b4e6676b7537d467835bb018b03142816493d5,7460822,3388,2588,PASS
62318d514160,APTOS_TRAIN,model/datasets/train_manifest.csv,data/aptos2019/train_images/62318d514160.png,4,3601a774286a1473cb466aac20dbcdc109ac8a62486ebe567ac69cb8dd15ca4a,2093954,2416,1736,PASS
76df141d966b,APTOS_TRAIN,model/datasets/train_manifest.csv,data/aptos2019/train_images/76df141d966b.png,0,116c79135acdfbeaa8eab5660afb5155205ca3b7e884ca98cf9f69a1f7f5c0de,1926921,2048,1536,PASS
03fd50da928d,APTOS_TRAIN,model/datasets/train_manifest.csv,data/aptos2019/train_images/03fd50da928d.png,2,c92c8b74587f89077fddc55bf4c891c32fbb9e482e0deb1afc5dcadcc7eaf185,7202844,3388,2588,PASS
3cdda8b3df19,APTOS_TRAIN,model/datasets/train_manifest.csv,data/aptos2019/train_images/3cdda8b3df19.png,2,4f8bc0ab10d8020ee15a11e590041b7a146b416f4adac36f81a1c4d235b3c4e5,2090426,2416,1736,PASS
59e5212f7139,APTOS_TRAIN,model/datasets/train_manifest.csv,data/aptos2019/train_images/59e5212f7139.png,1,0f41cbcd7ba8c56460cfe1464f7f5d60e6289f2a2d21c6ee4989dbed03762331,1886417,2416,1736,PASS
389552047476,APTOS_TRAIN,model/datasets/train_manifest.csv,data/aptos2019/train_images/389552047476.png,0,6f350fd3166a69db0ec7c0dc33c99933b565676d4deab874a8a6e69d361c8e45,932443,1050,1050,PASS
2682e6da9050,APTOS_TRAIN,model/datasets/train_manifest.csv,data/aptos2019/train_images/2682e6da9050.png,0,cae245f639a01e212cc4c2e23072e6358a7b9d1f54d2d6555976af62cbe52f1d,5042375,2588,1958,PASS
19244004583f,APTOS_TRAIN,model/datasets/train_manifest.csv,data/aptos2019/train_images/19244004583f.png,3,fb98cf103f35f8a0e78e91e90699a26d08d857a8081e16da1363d56617139d38,2156859,2416,1736,PASS
242fc19be06f,APTOS_TRAIN,model/datasets/train_manifest.csv,data/aptos2019/train_images/242fc19be06f.png,0,3f051c720592c9da53bcf93cb6d69921f0121c6340303fcb996006d06d61ecbe,1042368,1050,1050,PASS
90b8bf342032,APTOS_TRAIN,model/datasets/train_manifest.csv,data/aptos2019/train_images/90b8bf342032.png,3,87c0a1ea2c2f8255ed6d8189838f2f89d1d8c7b00a344f77b0753e181cd260a7,2640150,2416,1736,PASS
a06b353e7bed,APTOS_TRAIN,model/datasets/train_manifest.csv,data/aptos2019/train_images/a06b353e7bed.png,0,d174d4791784d72379a25182bb1d3a8b9f9f5f7b25272d48d3416bf93cb48462,1880750,2048,1536,PASS
1d11794057ff,APTOS_TRAIN,model/datasets/train_manifest.csv,data/aptos2019/train_images/1d11794057ff.png,1,89d2bed72fdd22981132eb7931f4eac3ac2fe5780113e4cde50f180a0567e2f9,345246,819,614,PASS
4a693dd3921a,APTOS_TRAIN,model/datasets/train_manifest.csv,data/aptos2019/train_images/4a693dd3921a.png,4,4a42e00b9013a411705762abefb710b593ecb38e19ead6a1accc06e3e8222e5b,5054501,2588,1958,PASS
09934421c79e,APTOS_TRAIN,model/datasets/train_manifest.csv,data/aptos2019/train_images/09934421c79e.png,0,da3c93360f1c75256a96fb860bc898f444a134f87c4c9248552547067897f097,1711376,2048,1536,PASS
3abac0961bfd,APTOS_TRAIN,model/datasets/train_manifest.csv,data/aptos2019/train_images/3abac0961bfd.png,0,0f1abd89be3eb357c66938b92c764040d1cfa54f615d113e5f306235075d99cf,964534,1050,1050,PASS
51d574513bcb,APTOS_TRAIN,model/datasets/train_manifest.csv,data/aptos2019/train_images/51d574513bcb.png,2,48ca7acd16e0b4b0106cfb3915134e6ab68a64615b4d723aecd68edf301eaf24,995875,1844,1226,PASS
6bb30ec3231a,APTOS_TRAIN,model/datasets/train_manifest.csv,data/aptos2019/train_images/6bb30ec3231a.png,0,a13786f6bfb17b75e68221f3b62192917e39cdbfaae1a30ac57e5a3ee8831866,1059310,1050,1050,PASS
fa573163dd8b,APTOS_TRAIN,model/datasets/train_manifest.csv,data/aptos2019/train_images/fa573163dd8b.png,0,875db09b631a13aec3c394388dcdacba404efbc32fcdaa839d103badfc21b4f6,914524,1050,1050,PASS
096436d68d06,APTOS_TRAIN,model/datasets/train_manifest.csv,data/aptos2019/train_images/096436d68d06.png,0,da3feae8157dd6ce036f1b6bf9e5cdcbad094232e9a8bd302548a5cb11523f21,5497225,2588,1958,PASS
f7508f14dd7b,APTOS_TRAIN,model/datasets/train_manifest.csv,data/aptos2019/train_images/f7508f14dd7b.png,0,850ef1d677b00cf9980e035aa05a58b62c79598d4f8bf9bf87d392f724302ed0,1664062,2048,1536,PASS
7831ce1d895e,APTOS_TRAIN,model/datasets/train_manifest.csv,data/aptos2019/train_images/7831ce1d895e.png,0,924595e452e996ccaf959494d5859d9075d9000809957b4d1044a4349830d886,986573,1050,1050,PASS
57a710de68a4,APTOS_TRAIN,model/datasets/train_manifest.csv,data/aptos2019/train_images/57a710de68a4.png,0,18147d4c620765bad6d913fb5911822b93f46418426d1cebce396903d40f5488,980721,1050,1050,PASS
a61723fc38c2,APTOS_TRAIN,model/datasets/train_manifest.csv,data/aptos2019/train_images/a61723fc38c2.png,0,7396ec59d8f0012a2dfee714ffd0cdf56c9f5c14b8038f3f302f64be36ff1f87,1039923,1050,1050,PASS
aebe87a423c8,APTOS_TRAIN,model/datasets/train_manifest.csv,data/aptos2019/train_images/aebe87a423c8.png,0,820b3cbb1d10baa0fee91cf444162d2e0b43b100d31af4163b75521e93a7ef42,274861,819,614,PASS
ace2281f00c4,APTOS_TRAIN,model/datasets/train_manifest.csv,data/aptos2019/train_images/ace2281f00c4.png,0,661b80b9b365e763eba0ff61e766cbdc552e9ddd9181f97a80a5f335ac5bb91f,1940176,2048,1536,PASS
f69400b316a7,APTOS_TRAIN,model/datasets/train_manifest.csv,data/aptos2019/train_images/f69400b316a7.png,2,6b615db9125a005efe4809259382e6197b52027e489e862fe97205b383271470,2148897,2416,1736,PASS
0104b032c141,APTOS_TRAIN,model/datasets/train_manifest.csv,data/aptos2019/train_images/0104b032c141.png,3,6caef7f25e09486785215d517a03d610048d026b6dc7ea26b7d9eee7f6e1e27f,2440864,2416,1736,PASS
1a7e3356b39c,APTOS_TRAIN,model/datasets/train_manifest.csv,data/aptos2019/train_images/1a7e3356b39c.png,4,947e74fa3480028c14276cf37cee1bdee83f060865e94037216bd9695430d86b,5189683,4288,2848,PASS
187f6ccda87a,APTOS_TRAIN,model/datasets/train_manifest.csv,data/aptos2019/train_images/187f6ccda87a.png,4,b6a5b959fb60f5b30d14e523991a5b194ca2ac608d41292255bfd88f97c19465,5805468,4288,2848,PASS
4b422b48d0d4,APTOS_TRAIN,model/datasets/train_manifest.csv,data/aptos2019/train_images/4b422b48d0d4.png,2,d1ba2f07ba4e0bae2a5c00f83fd430e69cc8039f95cdfe0392c3a580079cc13c,5106777,2588,1958,PASS
57f933d3d7c7,APTOS_TRAIN,model/datasets/train_manifest.csv,data/aptos2019/train_images/57f933d3d7c7.png,2,851bf61515d22c1ca8298bde70419e9ca35e4d6859baf0913a01d41ed4ed1876,5082531,2588,1958,PASS
4c17e85686f0,APTOS_TRAIN,model/datasets/train_manifest.csv,data/aptos2019/train_images/4c17e85686f0.png,0,370d031192ba30dfdbc3a01b758412ae361799239f199816a4c174b7ac9a48d4,886663,1050,1050,PASS
d1cf31577a59,APTOS_TRAIN,model/datasets/train_manifest.csv,data/aptos2019/train_images/d1cf31577a59.png,0,8a9a9aa67dd9ab0838d75fcbf56827474b60a4ffffe6962399d02d1d37197520,2804724,2588,1958,PASS
b72a86d61959,APTOS_TRAIN,model/datasets/train_manifest.csv,data/aptos2019/train_images/b72a86d61959.png,0,bcaeec9fb0ee7cca74e0108dbb9d021d1bd6d7953bf26c59dba386330b2ab4db,1058587,1050,1050,PASS
54bdcdecd8f3,APTOS_TRAIN,model/datasets/train_manifest.csv,data/aptos2019/train_images/54bdcdecd8f3.png,0,606c8ca10180fa3256861f1d26825cd8abb325a108f3eead2777119cb85278cf,1935294,2048,1536,PASS
61c667663f2f,APTOS_TRAIN,model/datasets/train_manifest.csv,data/aptos2019/train_images/61c667663f2f.png,0,a8f8887cad72274bd018eb8f85f039ca8b48a995e8486f32d90ac444f82d13e3,1015135,1050,1050,PASS
67d8f94f04e0,APTOS_TRAIN,model/datasets/train_manifest.csv,data/aptos2019/train_images/67d8f94f04e0.png,0,19a5965e84de1d7eb6e2f978b4d9cd9db340e938d398d8278c8688ed7e07781e,1930121,2048,1536,PASS
9faad91b6578,APTOS_TRAIN,model/datasets/train_manifest.csv,data/aptos2019/train_images/9faad91b6578.png,2,ab2168c0e152826430127bb8863ff70dff346300d8d8c2ed9c5fceab2d293885,2441766,2416,1736,PASS
f8cf7ed8ef00,APTOS_TRAIN,model/datasets/train_manifest.csv,data/aptos2019/train_images/f8cf7ed8ef00.png,4,2ea90ac5b2fd19f2688989b9fe8c33956f1e42ef1174c6471d3e1d0c14f788ec,2137760,2416,1736,PASS
af7a36454670,APTOS_TRAIN,model/datasets/train_manifest.csv,data/aptos2019/train_images/af7a36454670.png,0,124d2c3e01022dd2d15733c38f978130c5b3cb12e20527990573d4beebb841a6,959134,1050,1050,PASS
8f10e41a2f02,APTOS_TRAIN,model/datasets/train_manifest.csv,data/aptos2019/train_images/8f10e41a2f02.png,0,2fe2a688841fe82d986fed34316450cd0ab2f999de7f4e47c2e8c77d2cfc6d47,906844,1050,1050,PASS
9f285b3e57ed,APTOS_TRAIN,model/datasets/train_manifest.csv,data/aptos2019/train_images/9f285b3e57ed.png,0,33a46c48df61e95f8f34c91440a67876869c196a4b58d30875932659a87c892d,928896,1050,1050,PASS
be7bc89f5fec,APTOS_TRAIN,model/datasets/train_manifest.csv,data/aptos2019/train_images/be7bc89f5fec.png,2,c00dc4f6bcdfdb37d2754442769e58224c650ce28154de2fcb920a49096f3138,304250,640,480,PASS
9cf7c1349673,APTOS_TRAIN,model/datasets/train_manifest.csv,data/aptos2019/train_images/9cf7c1349673.png,0,c2cabfff565a68c4dac63cbbee9a534f2aad9dcbe498e5ee980c49c5e5536370,1055354,1050,1050,PASS
87295c5fa1cc,APTOS_TRAIN,model/datasets/train_manifest.csv,data/aptos2019/train_images/87295c5fa1cc.png,0,886c31953538eea8e4fc0f9995498b2fdb4accb4aa9b5fc0f77c3b9f911950df,1021189,1050,1050,PASS
5dc23e440de3,APTOS_TRAIN,model/datasets/train_manifest.csv,data/aptos2019/train_images/5dc23e440de3.png,2,642db247fd9e5c10f4917012e1b2ff3f85852b7411a34a8ccb29f9c1379dcba3,6048552,3216,2136,PASS
caec68f11c86,APTOS_TRAIN,model/datasets/train_manifest.csv,data/aptos2019/train_images/caec68f11c86.png,2,3deacec2ae9d7a0666b0da2fc4a50b0f899f36211f5473b9b167f95ffe876ba3,900689,1050,1050,PASS
b99afe7137fb,APTOS_TRAIN,model/datasets/train_manifest.csv,data/aptos2019/train_images/b99afe7137fb.png,4,135b472a537bd4a04f5d084be5f83f95a7eec670f367a64cd4ba4ee9e2f4fb72,5283006,2588,1958,PASS
92f313287a29,APTOS_TRAIN,model/datasets/train_manifest.csv,data/aptos2019/train_images/92f313287a29.png,2,bca6d81470142cd9e3204a95dcdf72d6d7eda9cfabee2a0ec2cbd7b7db5b1608,2153944,2416,1736,PASS
8dfff47b06b7,APTOS_TRAIN,model/datasets/train_manifest.csv,data/aptos2019/train_images/8dfff47b06b7.png,2,1c35abf57cc6fc284160c10fa81c65470921bcb3cc2a27776a28c9512be711e9,2726454,3216,2136,PASS
96a9706b8534,APTOS_TRAIN,model/datasets/train_manifest.csv,data/aptos2019/train_images/96a9706b8534.png,1,5dc8b6e2a615c7be2710aace78fa185cb24e1c8b779b1f26a888212ec733a5f7,7257981,3388,2588,PASS
188a9323be03,APTOS_TRAIN,model/datasets/train_manifest.csv,data/aptos2019/train_images/188a9323be03.png,2,f977b00a52e6432083df680bb87a421c604d6810d73793d3b54af16c92f9e4f9,391982,640,480,PASS
348598d01e18,APTOS_TRAIN,model/datasets/train_manifest.csv,data/aptos2019/train_images/348598d01e18.png,0,f9ad1f7d8b96e5630b34209afe00d4fd668c5461c82797e58893e48eca0a231e,991764,1050,1050,PASS
2408799a09b2,APTOS_TRAIN,model/datasets/train_manifest.csv,data/aptos2019/train_images/2408799a09b2.png,0,56dbc41b31521ca628693173629826510fce9b5af6af600f262e454dd08b1cd2,1027879,1050,1050,PASS
b5204c0decc7,APTOS_TRAIN,model/datasets/train_manifest.csv,data/aptos2019/train_images/b5204c0decc7.png,0,dad40077256383e457586ec94c670df1f22bede94d3b069c2bfa82913dbf0816,972672,1050,1050,PASS
905cc86bf100,APTOS_TRAIN,model/datasets/train_manifest.csv,data/aptos2019/train_images/905cc86bf100.png,4,f32b72956988189d3c1946e18bc0b62a59b4aac12e38b1c00dfd239a3021ff39,2855416,3216,2136,PASS
51405d042000,APTOS_TRAIN,model/datasets/train_manifest.csv,data/aptos2019/train_images/51405d042000.png,2,cadd526c1c0cad47a30656edae6f77f447736960fc8cf1a358df01f8899deaa5,3020342,3216,2136,PASS
a9a3225cf4b5,APTOS_TRAIN,model/datasets/train_manifest.csv,data/aptos2019/train_images/a9a3225cf4b5.png,0,95fa9b83ed29053055f55fbab38bf8d530bae5c40894e9f8abbde53765c3b9b1,988593,1050,1050,PASS
1a90fad9ffa2,APTOS_TRAIN,model/datasets/train_manifest.csv,data/aptos2019/train_images/1a90fad9ffa2.png,4,a75850c5093df6ff59ff8a2b43125ec8191bde1896ecaf1abf223a9072a78b07,7448000,3388,2588,PASS
c9c563864ab1,APTOS_TRAIN,model/datasets/train_manifest.csv,data/aptos2019/train_images/c9c563864ab1.png,0,dcddec4965c5a4469fcccb44b97a15db42e3e05c1ab7971eee83467d54c3dcef,1933168,2048,1536,PASS
bf7b4eae7ad0,APTOS_TRAIN,model/datasets/train_manifest.csv,data/aptos2019/train_images/bf7b4eae7ad0.png,0,6a9383bd4caa8bc446fa1d7e56389ac9b748ee2efd31beef4ee8b849b9fa5304,1010607,1050,1050,PASS
86e7f98f73f1,APTOS_TRAIN,model/datasets/train_manifest.csv,data/aptos2019/train_images/86e7f98f73f1.png,2,db3e5f867be7be6dc428e38252aa2fdae14e57fcc36195aa4030c0fa38216629,2483896,3216,2136,PASS
1b3647865779,APTOS_TRAIN,model/datasets/train_manifest.csv,data/aptos2019/train_images/1b3647865779.png,0,e4a5d10f80bc3bcce9fc515f2f651be5d9cf164a97e31e93e2708dc8ccd0bfb7,300710,819,614,PASS
bd34a0639575,APTOS_TRAIN,model/datasets/train_manifest.csv,data/aptos2019/train_images/bd34a0639575.png,0,63e606fbbddeb6c9c9e6d9dbd2de8aa5b007a2f8ee19414a90860b738324eaf2,978805,1050,1050,PASS
1f0e223b8055,APTOS_TRAIN,model/datasets/train_manifest.csv,data/aptos2019/train_images/1f0e223b8055.png,2,1cf4ba284f381871bc363b7244d79823a5fbf2f5be1b4ae565b2735a7562f9c5,4231092,3388,2588,PASS
18f1f979d30d,APTOS_TRAIN,model/datasets/train_manifest.csv,data/aptos2019/train_images/18f1f979d30d.png,2,51bfd0ff55fc96a93a7b07984c1e46ad1d29e3dfe8063f90ea99a7426b23659d,5218743,2588,1958,PASS
84a72e15b23c,APTOS_TRAIN,model/datasets/train_manifest.csv,data/aptos2019/train_images/84a72e15b23c.png,1,2c163228d50d0fcdde7c30fb68963bd1d89fdba83239fcdee080b1ca794b907d,2107849,2416,1736,PASS
3ccf96c1dd6d,APTOS_TRAIN,model/datasets/train_manifest.csv,data/aptos2019/train_images/3ccf96c1dd6d.png,4,41530787676d6123a18ef49c272794d3b2aa4eee0fd7a54fcaa82df973f7133a,3092215,3216,2136,PASS
e10190a9d52f,APTOS_TRAIN,model/datasets/train_manifest.csv,data/aptos2019/train_images/e10190a9d52f.png,2,d8a026ff0db90c78954aaaccfe123521c59b3ee7b2c5aaca2ca5e2b7e2c93a3e,4097475,3388,2588,PASS
c1819db0aece,APTOS_TRAIN,model/datasets/train_manifest.csv,data/aptos2019/train_images/c1819db0aece.png,0,70d6552c8952e12e12b451bd1dfd60a9fb50ed3de3461ab1c4eb3319234ab0cc,973351,1050,1050,PASS
a627eb8c08c5,APTOS_TRAIN,model/datasets/train_manifest.csv,data/aptos2019/train_images/a627eb8c08c5.png,0,def8d7253bf40f9da866b6e62ba6ddb7f54280d445e506b1960120febd8296a2,314392,819,614,PASS
4a0890b08532,APTOS_TRAIN,model/datasets/train_manifest.csv,data/aptos2019/train_images/4a0890b08532.png,2,794098122f76dd69c659f6584ee2bb9bf69c5751afa6c5a65eb1f54a0cd89011,3007896,3216,2136,PASS
86d6808f0609,APTOS_TRAIN,model/datasets/train_manifest.csv,data/aptos2019/train_images/86d6808f0609.png,3,e57166a77aa004b0da13d55433822782affff4a5459c041d202f00aaec86da40,2130360,2416,1736,PASS
4384fa687afa,APTOS_TRAIN,model/datasets/train_manifest.csv,data/aptos2019/train_images/4384fa687afa.png,2,87d71c3b9f3bf1472ecb0842f1bf4c49293393792fda94526c428f737d41b683,2209761,2416,1736,PASS
ee77763a6afb,APTOS_TRAIN,model/datasets/train_manifest.csv,data/aptos2019/train_images/ee77763a6afb.png,0,7e97eea894954845ea25aa67a1c2f3960b0451bd3af0b4e73a7891ebf5b1c55c,1774636,2048,1536,PASS
50d8249f7bc9,APTOS_TRAIN,model/datasets/train_manifest.csv,data/aptos2019/train_images/50d8249f7bc9.png,0,7d3b248b5d60310b911e33a54b18050c8e8c33b4cc0691ec3ae6e27691d5b720,1897318,2048,1536,PASS
23fca0693e2a,APTOS_TRAIN,model/datasets/train_manifest.csv,data/aptos2019/train_images/23fca0693e2a.png,2,eb68c99da95048140b07f1a66b9636010668806bb12896f427920c0be057b289,2292635,2416,1736,PASS
a476fd984005,APTOS_TRAIN,model/datasets/train_manifest.csv,data/aptos2019/train_images/a476fd984005.png,2,ff891e2c817c5fe80cc3edb4802d6b2d5abe5ed325376b7597d053d218d79665,3708569,3388,2588,PASS
523ff163211b,APTOS_TRAIN,model/datasets/train_manifest.csv,data/aptos2019/train_images/523ff163211b.png,2,8fea8d2b3b0d70628b52302ec0e81b32092e4ccc26f0c00666213f1ec314f530,5504778,4288,2848,PASS
fa9bece586fc,APTOS_TRAIN,model/datasets/train_manifest.csv,data/aptos2019/train_images/fa9bece586fc.png,0,1af77d1aa75a670993704879093489e1ef8851ec3941db187da25c488cfa0103,5088590,2588,1958,PASS
b7aca95b97b9,APTOS_TRAIN,model/datasets/train_manifest.csv,data/aptos2019/train_images/b7aca95b97b9.png,0,42d324f44a6ba7f08e1522146f90c040de0bb9ea1d47ffe62cd6c4d5a3fe4b1e,395739,819,614,PASS
4d7d6928534a,APTOS_TRAIN,model/datasets/train_manifest.csv,data/aptos2019/train_images/4d7d6928534a.png,1,eb62fc8eca985173c3f9b3d6f010cacbf967d99561d176b50d0f8c65ccd77e08,1290907,1504,1000,PASS
bcb0498ed2c1,APTOS_TRAIN,model/datasets/train_manifest.csv,data/aptos2019/train_images/bcb0498ed2c1.png,0,7032a10405b9e1bd643401600c13e9ae3f8e529a345792c13fb18b145db4db78,5219296,2588,1958,PASS
26cd40b57ad1,APTOS_TRAIN,model/datasets/train_manifest.csv,data/aptos2019/train_images/26cd40b57ad1.png,0,1a6f3b2e0abb3759c58061314cefc3efe712233e42224b66072dfe58c76eecdd,1051516,1050,1050,PASS
6e3526053de0,APTOS_TRAIN,model/datasets/train_manifest.csv,data/aptos2019/train_images/6e3526053de0.png,0,43458582c15431a064bf8f4a5291ad35c90a01213ac7af182a5ec411d4b9f8d4,343027,819,614,PASS
999115d9386b,APTOS_TRAIN,model/datasets/train_manifest.csv,data/aptos2019/train_images/999115d9386b.png,2,8907cce1d40295a66191037458dc1588f7292c6f8ba39a8f831f5b25aa09102d,3289431,3216,2136,PASS
00a8624548a9,APTOS_TRAIN,model/datasets/train_manifest.csv,data/aptos2019/train_images/00a8624548a9.png,2,d58fa57e455fc0111d212e0a4836c8881e4c3cb4f79f45191a31ad78b0da0f8e,2515726,3216,2136,PASS
84e8c62165b5,APTOS_TRAIN,model/datasets/train_manifest.csv,data/aptos2019/train_images/84e8c62165b5.png,2,1d7ae62039f5abbd8311216ca307b6dfff26e3d22ffd166c4a13424fb0dddb5a,2559176,3216,2136,PASS
812d5adafaf2,APTOS_TRAIN,model/datasets/train_manifest.csv,data/aptos2019/train_images/812d5adafaf2.png,2,7af14da6dafab2c6ab501edbf13ccf485b22a49b230517eb96c3d00beee56e8a,2449287,2416,1736,PASS
3f0d3629d69e,APTOS_TRAIN,model/datasets/train_manifest.csv,data/aptos2019/train_images/3f0d3629d69e.png,0,62e564979e2f775ce3ad70cea256a9b7e55ee668a01e2b2cba4024769c75ef39,1965539,2048,1536,PASS
7d94a000c2d0,APTOS_TRAIN,model/datasets/train_manifest.csv,data/aptos2019/train_images/7d94a000c2d0.png,0,f4419fb1352789adb10f95e4e8ceb098e201ebd601200f564d73f29f1e3de161,949901,1050,1050,PASS
2974c6ad1d58,APTOS_TRAIN,model/datasets/train_manifest.csv,data/aptos2019/train_images/2974c6ad1d58.png,0,027f8ff9491d32aea84e013b8ab171a71b0fbe031c284aaa6e0fa9c8ccb670c3,985256,1050,1050,PASS
42c65af5ab16,APTOS_TRAIN,model/datasets/train_manifest.csv,data/aptos2019/train_images/42c65af5ab16.png,0,4d325f182141d04449ee2aeb19f6cefe5fec9f8bc86a33feaf833d6a97c16d1e,1791779,2048,1536,PASS
83df53d58f28,APTOS_TRAIN,model/datasets/train_manifest.csv,data/aptos2019/train_images/83df53d58f28.png,0,8f39828cf36917d0c76b778557d4d609be5b00f6da4ec3ec6dafbb87dac62976,945714,1050,1050,PASS
fe3b0e50be78,APTOS_TRAIN,model/datasets/train_manifest.csv,data/aptos2019/train_images/fe3b0e50be78.png,0,4e52c7ef1f1c7d6ec092c481dd3c94017f5f1ac36ef09ad69f7db5936a9b1ace,342982,819,614,PASS
d6dbb0820ea5,APTOS_TRAIN,model/datasets/train_manifest.csv,data/aptos2019/train_images/d6dbb0820ea5.png,0,36defd0d000df55f871ce94a1647fb8508608ca648f7408b4157470ac0655b06,1014096,1050,1050,PASS
c64c0966b4cf,APTOS_TRAIN,model/datasets/train_manifest.csv,data/aptos2019/train_images/c64c0966b4cf.png,0,74b33172024d0672b895cd45eb01b16afa77fa35093e7a7fccfe536483119bf1,967349,1050,1050,PASS
f549294e12e1,APTOS_TRAIN,model/datasets/train_manifest.csv,data/aptos2019/train_images/f549294e12e1.png,4,37be2ba55fcfbd8055ad9be166281105093226fd8778970010a1958742b82dd5,7455903,3388,2588,PASS
6de39b94f634,APTOS_TRAIN,model/datasets/train_manifest.csv,data/aptos2019/train_images/6de39b94f634.png,0,f452ffd768afa9239d9ef85528ae2155122909900d89f3d16fc9a44040125a62,1950318,2048,1536,PASS
4b237b958555,APTOS_TRAIN,model/datasets/train_manifest.csv,data/aptos2019/train_images/4b237b958555.png,0,fed24181519d23211786d159f538d28628b289c1b8f239f5f836e0809774a3f5,1046119,1050,1050,PASS
37c4dfe03aba,APTOS_TRAIN,model/datasets/train_manifest.csv,data/aptos2019/train_images/37c4dfe03aba.png,4,7df6797dcbe8fc8eacb680c099fca22a58791e4db9256d68ee87a47b30fb9392,383454,640,480,PASS
1002f3fe38f0,APTOS_TRAIN,model/datasets/train_manifest.csv,data/aptos2019/train_images/1002f3fe38f0.png,0,3544983bf9d91e53cfa050f4c491c7a14398c6b4447f018ce88fa5a0c863e0be,973782,1050,1050,PASS
c24bcf7a1bc4,APTOS_TRAIN,model/datasets/train_manifest.csv,data/aptos2019/train_images/c24bcf7a1bc4.png,0,7386a7c9d51bbff3190932101d50e8e207e7a124e7058577280f69c4c06b7f40,989910,1050,1050,PASS
aeab0a63bcaf,APTOS_TRAIN,model/datasets/train_manifest.csv,data/aptos2019/train_images/aeab0a63bcaf.png,0,cc6809277e5e52e5934df92d320b9bbc4e4d20571047fda9d0fa760cb9827654,1894284,2048,1536,PASS
8fd7ad26e691,APTOS_TRAIN,model/datasets/train_manifest.csv,data/aptos2019/train_images/8fd7ad26e691.png,4,98bd3eea094d2f41b67839683c28b7f1cadab1b2fbe00c112c3766113183c0e7,3314327,3216,2136,PASS
fdd18ccbbdc5,APTOS_TRAIN,model/datasets/train_manifest.csv,data/aptos2019/train_images/fdd18ccbbdc5.png,1,5a8efa003d71921968faaad8342e950c65ab9c1fb07872a38287193cade33b7c,1976889,2416,1736,PASS
15528e740543,APTOS_TRAIN,model/datasets/train_manifest.csv,data/aptos2019/train_images/15528e740543.png,2,1fd3c7c9df8516595db19d9810b4ca34b1814d4820eecf2ee08b7a4c4190c915,5668611,2588,1958,PASS
190a309f2cc5,APTOS_TRAIN,model/datasets/train_manifest.csv,data/aptos2019/train_images/190a309f2cc5.png,0,a36f5d9a9cc997006d33600d1fbadb3ae252351eae74bd9f2573aaf63d0719e0,277924,819,614,PASS
e582e56e7942,APTOS_TRAIN,model/datasets/train_manifest.csv,data/aptos2019/train_images/e582e56e7942.png,0,fce8f9aa378146e5a8e80f459fcfccd9ee0a7a70eb8de58ce137d9e5435074e9,1073949,1050,1050,PASS
6ba5ed791444,APTOS_TRAIN,model/datasets/train_manifest.csv,data/aptos2019/train_images/6ba5ed791444.png,2,57e69cb9d387d9f944a2995123eb275bf8b07765cc08fa01d770f864ebe57f4f,7397031,3388,2588,PASS
9f1b14dfa14c,APTOS_TRAIN,model/datasets/train_manifest.csv,data/aptos2019/train_images/9f1b14dfa14c.png,0,76136bbcd91c56e3c07e1527f9fd0f8c2ec44942ea3b0480cebb053953f9b5b4,279702,819,614,PASS
052d9a3fe55a,APTOS_TRAIN,model/datasets/train_manifest.csv,data/aptos2019/train_images/052d9a3fe55a.png,2,5ef5e2d214fd7ca456f1d6e8c15b7458352b54c432ffdbd86c8dd34b909af332,5166466,2588,1958,PASS
fce93caa4758,APTOS_TRAIN,model/datasets/train_manifest.csv,data/aptos2019/train_images/fce93caa4758.png,4,814b96065e9bdb4f07ecc0f633d6996838ad47d93282cb823762c1f150a00e4d,2241041,2416,1736,PASS
849a91e9ab28,APTOS_TRAIN,model/datasets/train_manifest.csv,data/aptos2019/train_images/849a91e9ab28.png,1,3df13fb7e9ae7322cbf4eb18fa15de7aa0c42487604f3e72d323c53c6d971559,2312547,2416,1736,PASS
0daddc45d832,APTOS_TRAIN,model/datasets/train_manifest.csv,data/aptos2019/train_images/0daddc45d832.png,0,04447b9b49626b917706d71100be968138c077c4c18fa137f3319d6c204a0c61,997201,1050,1050,PASS
57db4781e7ec,APTOS_TRAIN,model/datasets/train_manifest.csv,data/aptos2019/train_images/57db4781e7ec.png,0,a70a051e1aff3c8132688f75ea9357e09ca6146da02d94a7e6eae1e2ad457e8a,999837,1050,1050,PASS
e150935f66a6,APTOS_TRAIN,model/datasets/train_manifest.csv,data/aptos2019/train_images/e150935f66a6.png,2,b68cdebdfdef8d1e1bb8989812eb1ee3a19b2b8ea03570b0421e1f5d210e29f3,954233,1050,1050,PASS
0ceb222f6629,APTOS_TRAIN,model/datasets/train_manifest.csv,data/aptos2019/train_images/0ceb222f6629.png,4,cba2ab3b006b027fe3bfbf8c6daab18d058a3881337acf30526a253a81a680d2,2391315,2416,1736,PASS
a15470303941,APTOS_TRAIN,model/datasets/train_manifest.csv,data/aptos2019/train_images/a15470303941.png,2,ec24721f542ed2e0032c4c11a1dc13dcf84242e0307767f83e31f6c01833e757,2254170,2416,1736,PASS
207a580de0ea,APTOS_TRAIN,model/datasets/train_manifest.csv,data/aptos2019/train_images/207a580de0ea.png,2,63bb8bd8ab502dd341eef54937b1efe3ca92a506af4942c1d4cdac68d9aa8019,2901785,3216,2136,PASS
7a0cff4c24b2,APTOS_TRAIN,model/datasets/train_manifest.csv,data/aptos2019/train_images/7a0cff4c24b2.png,2,b24b001545e866adc920f0d0673c40a5f1e3555bc61f53a34264a042c82eeb41,6323715,3216,2136,PASS
8201cab8322d,APTOS_TRAIN,model/datasets/train_manifest.csv,data/aptos2019/train_images/8201cab8322d.png,3,bd0a310cf64576596cdcfb3f02e913c40e62ba08cb5f3e6cb14a380c5359e7c7,412913,640,480,PASS
d1a60c3b9fe5,APTOS_TRAIN,model/datasets/train_manifest.csv,data/aptos2019/train_images/d1a60c3b9fe5.png,0,46730b4f74cb6d13c3c5e89fb514dd643abdc056063456ccbf1d15a38f12a117,820560,1050,1050,PASS
42b93b574f23,APTOS_TRAIN,model/datasets/train_manifest.csv,data/aptos2019/train_images/42b93b574f23.png,2,7d3b27bcf5ea93d82eb73a7bbfef7a98ff8b28232889ddc0d91b981d9f99c2d0,835306,1050,1050,PASS
43823561c3f0,APTOS_TRAIN,model/datasets/train_manifest.csv,data/aptos2019/train_images/43823561c3f0.png,0,adf69a68e06289b2de39f9e3b7ae167286305c04308dd9c0c2e61ed643cdab37,1914981,2048,1536,PASS
dec5595e6154,APTOS_TRAIN,model/datasets/train_manifest.csv,data/aptos2019/train_images/dec5595e6154.png,0,f31404871ff034be0796317b622a7b93ec8826b1f540f6c6d5fcbcad6a0ac3ca,970261,1050,1050,PASS
2f4e81787d9b,APTOS_TRAIN,model/datasets/train_manifest.csv,data/aptos2019/train_images/2f4e81787d9b.png,1,61d9a534804ea5738f67e890c238085d8b1518356f37a99283b164bf77789299,3934609,3388,2588,PASS
042470a92154,APTOS_TRAIN,model/datasets/train_manifest.csv,data/aptos2019/train_images/042470a92154.png,3,755c014e66396abca5d350ad483005c836485a2a524828ee33409419d7241155,2168885,2416,1736,PASS
1dbdc32c17db,APTOS_TRAIN,model/datasets/train_manifest.csv,data/aptos2019/train_images/1dbdc32c17db.png,2,6813c6d5e0ce7b4e0626d8bb14e72b773a42d03e4a0be45a33e24801d0ecf1c4,380247,640,480,PASS
dd02d60bef14,APTOS_TRAIN,model/datasets/train_manifest.csv,data/aptos2019/train_images/dd02d60bef14.png,0,2cb729299690deacac472c3d61f87c588d77e3c4c55d208b117a8064eaa02d0c,1929426,2048,1536,PASS
a0b7ad98df57,APTOS_TRAIN,model/datasets/train_manifest.csv,data/aptos2019/train_images/a0b7ad98df57.png,0,90a48e74a9e62b4ac051f3d6fa64dc654ddb00e303974271f57572e3173bd689,950189,1050,1050,PASS
921433215353,APTOS_TRAIN,model/datasets/train_manifest.csv,data/aptos2019/train_images/921433215353.png,2,26a86858eebc09a957ce925b9a68bfb402db3a1269c0f94ba4bb052e96f63b9c,2067308,3216,2136,PASS
9a496b1e20f9,APTOS_TRAIN,model/datasets/train_manifest.csv,data/aptos2019/train_images/9a496b1e20f9.png,4,42c859a9edd2a55fcb520bc572675c22d5025bdf1cda29bf722f24acbfac6fe7,5036254,2588,1958,PASS
a2ddabee14e9,APTOS_TRAIN,model/datasets/train_manifest.csv,data/aptos2019/train_images/a2ddabee14e9.png,4,d3a7d5ddc639aee12971ca1edf28f3a65f19b79e61ebaba279f2e12fe54c5f40,2123235,2416,1736,PASS
f2d2a0c92034,APTOS_TRAIN,model/datasets/train_manifest.csv,data/aptos2019/train_images/f2d2a0c92034.png,4,53d7c21e67e3f1f6581918c93617c4401309e8839dfbd93f88ae7d47bf53ce09,3364936,3216,2136,PASS
7f2cce721e19,APTOS_TRAIN,model/datasets/train_manifest.csv,data/aptos2019/train_images/7f2cce721e19.png,0,5627c8f829c8bc1ac1f653127ba1818804c6e7c83f7a25ddfef2bb1235c407cd,984382,1050,1050,PASS
c5e238aa18be,APTOS_TRAIN,model/datasets/train_manifest.csv,data/aptos2019/train_images/c5e238aa18be.png,4,f5c57ae8e5b74e2d593298d13404b5b7b008c5a04eb4338eac3f8a0d341633c9,2406852,2416,1736,PASS
6c250a30593b,APTOS_TRAIN,model/datasets/train_manifest.csv,data/aptos2019/train_images/6c250a30593b.png,4,ad913a99340654a423f7f13cc5c8f94b7ba61e8d21308fd3e1f79d131eca692e,2221241,2416,1736,PASS
a3706ce27869,APTOS_TRAIN,model/datasets/train_manifest.csv,data/aptos2019/train_images/a3706ce27869.png,2,708f934ffdc4401c23aa5d03aa5005680e3065fcd244a1afe1cd62e2cc2884d2,1042119,1050,1050,PASS
f901d460517c,APTOS_TRAIN,model/datasets/train_manifest.csv,data/aptos2019/train_images/f901d460517c.png,3,f2cb0f8fa14cf7302bb93ac280fc4a40e8f850ca78e4fe039bd3a65a35ddb93a,7448084,3388,2588,PASS
dd285d9e97fe,APTOS_TRAIN,model/datasets/train_manifest.csv,data/aptos2019/train_images/dd285d9e97fe.png,0,16e410c5fcb311f49399738355db6d08085113dcc00851a99a4171cb0c86e60c,1076538,1050,1050,PASS
a8263d248523,APTOS_TRAIN,model/datasets/train_manifest.csv,data/aptos2019/train_images/a8263d248523.png,0,638b608c070d6dbdc8e7eeaf3aa01bf99c9ba17b57062dafd3a07326cf884d0e,5261097,2588,1958,PASS
03e25101e8e8,APTOS_TRAIN,model/datasets/train_manifest.csv,data/aptos2019/train_images/03e25101e8e8.png,1,6f34bafa981582eb3e8b5155bf8218f644d057cf0a9ded8843d0daa8d82cb180,4587050,2588,1958,PASS
bfd5c0e55420,APTOS_TRAIN,model/datasets/train_manifest.csv,data/aptos2019/train_images/bfd5c0e55420.png,2,f7d1c53c7831c35ae6f92f55b3b0804f088babaeb80059a8e25434400882900f,3212225,3216,2136,PASS
da6bbb76d562,APTOS_TRAIN,model/datasets/train_manifest.csv,data/aptos2019/train_images/da6bbb76d562.png,0,dc91b495e224ee9c6de9f00157b96e95963095ce7ff63e0d33cb692dbe67f322,5450374,2588,1958,PASS
a879c3569552,APTOS_TRAIN,model/datasets/train_manifest.csv,data/aptos2019/train_images/a879c3569552.png,2,6e585876ffc6c4bb9f05d5b87b60db061a4ad0c113b17bbee6148bc4e894f407,3365016,3216,2136,PASS
3178559fbf57,APTOS_TRAIN,model/datasets/train_manifest.csv,data/aptos2019/train_images/3178559fbf57.png,0,8b78484a4901219ade0dff15566e6bf473dbb0c891412dad4c1de4151516b6a9,907871,1050,1050,PASS
0083ee8054ee,APTOS_TRAIN,model/datasets/train_manifest.csv,data/aptos2019/train_images/0083ee8054ee.png,4,47cc5ecdd63df3daf7174d51366100b726cc95a910527b29d259308b1dc3c498,7401201,3388,2588,PASS
fc8fce67fbf8,APTOS_TRAIN,model/datasets/train_manifest.csv,data/aptos2019/train_images/fc8fce67fbf8.png,0,989dc5d844117f9f98828eeaac77a59d5a10895ffac4b1fff7dbe6ebd26893f1,1924944,2048,1536,PASS
f5650eb52640,APTOS_TRAIN,model/datasets/train_manifest.csv,data/aptos2019/train_images/f5650eb52640.png,1,8dd77762798744f542e2508fb2d64c32e4abb3d9c54528d64ae4eece50f717cd,1918794,2416,1736,PASS
15f440753916,APTOS_TRAIN,model/datasets/train_manifest.csv,data/aptos2019/train_images/15f440753916.png,3,b59bc09443acbab7c395f13c155ff65131bc2b3221f0704a05a1df3b9a50f025,1946801,2416,1736,PASS
0afdfe5f422c,APTOS_TRAIN,model/datasets/train_manifest.csv,data/aptos2019/train_images/0afdfe5f422c.png,2,5494eaca4e40ea021c1e95f143eee01d5d6cbca0467c8184fa6a5596df262731,2634891,3216,2136,PASS
bca2bdc15fc5,APTOS_TRAIN,model/datasets/train_manifest.csv,data/aptos2019/train_images/bca2bdc15fc5.png,2,380dc773c7e2831bb338b4fa0bfc0f9f766533651bf79cecfbe0c24566aa88d9,5172674,2588,1958,PASS
72595230840c,APTOS_TRAIN,model/datasets/train_manifest.csv,data/aptos2019/train_images/72595230840c.png,3,e7b62b51374c7321c303d898e2370f3e65c1c8a445876f538fbd04b18cbb450a,5542685,2588,1958,PASS
4c3c1ed09771,APTOS_TRAIN,model/datasets/train_manifest.csv,data/aptos2019/train_images/4c3c1ed09771.png,1,3d5392252d063be059abbfe166bd426ed29475682219dffc94c330df33f9f3c3,2075037,2416,1736,PASS
bf7221a016b5,APTOS_TRAIN,model/datasets/train_manifest.csv,data/aptos2019/train_images/bf7221a016b5.png,0,006894d93a376910bf7f7723cdb336a6bb41fafb436c87d3f5f077edf57352a4,5660965,2588,1958,PASS
39f8935185e6,APTOS_TRAIN,model/datasets/train_manifest.csv,data/aptos2019/train_images/39f8935185e6.png,0,b6e6de1ed8a40ee3a0b0b90d6ef83f626d55ca801fb2c1dcfd556e2df02e1c91,1061351,1050,1050,PASS
fa0c87bd75ce,APTOS_TRAIN,model/datasets/train_manifest.csv,data/aptos2019/train_images/fa0c87bd75ce.png,0,04cbb28caa101957e6d7d5e86c1655c7df2b1c33f3835d7493fd575fd16d3c43,5249636,2588,1958,PASS
5511f114e7ee,APTOS_TRAIN,model/datasets/train_manifest.csv,data/aptos2019/train_images/5511f114e7ee.png,0,9f55fb2f7e0d201325762773a85cf6ed4aa626c4c324f6c7996c1e1452dcd253,1945806,2048,1536,PASS
3c9529918097,APTOS_TRAIN,model/datasets/train_manifest.csv,data/aptos2019/train_images/3c9529918097.png,0,78792f4be4fae4c4a05dc4fb5b7195c36974a1b82f909c4991fcb36857f170a7,981233,1050,1050,PASS
1fd5d860d4d7,APTOS_TRAIN,model/datasets/train_manifest.csv,data/aptos2019/train_images/1fd5d860d4d7.png,4,62b098036e9f10df250e6bbde3ea197ab0653a90010557458cb1cf82abcfb52c,7549287,3388,2588,PASS
b22354b5f94b,APTOS_TRAIN,model/datasets/train_manifest.csv,data/aptos2019/train_images/b22354b5f94b.png,1,a7a272cafcea2f87f2cc60aa816bbd65af114c28f0f0a76c27d82f14df278230,2255562,2416,1736,PASS
ffd97f8cd5aa,APTOS_TRAIN,model/datasets/train_manifest.csv,data/aptos2019/train_images/ffd97f8cd5aa.png,0,76d914a84c0ebf88195bf0ca2a57546749a98dad4c4ab43677fd2ce612ac0e49,1012109,1050,1050,PASS
8ceff4c4c860,APTOS_TRAIN,model/datasets/train_manifest.csv,data/aptos2019/train_images/8ceff4c4c860.png,0,5e3a0fe03b0b801bbe0bab206adb7177a4833daa9b141efde94210d31740cc02,965299,1050,1050,PASS
12ab2f6397f0,APTOS_TRAIN,model/datasets/train_manifest.csv,data/aptos2019/train_images/12ab2f6397f0.png,0,a5816eb4c5c2b5cc93b29e5d3212b5894a3111fcafaf508d1a0fd40e11dd14d7,974254,1050,1050,PASS
bcd503c726ba,APTOS_TRAIN,model/datasets/train_manifest.csv,data/aptos2019/train_images/bcd503c726ba.png,4,a954b0c5ad56ee4d4cc123432c48dc097520da9e69b9a03482f25dfc0b0b7330,2626966,2416,1736,PASS
df84e7113003,APTOS_TRAIN,model/datasets/train_manifest.csv,data/aptos2019/train_images/df84e7113003.png,4,7688eb4e37edaa181cb7eacf74bc6b582c514e7bd91e9461c1760a91d0393920,2279689,3216,2136,PASS
0097f532ac9f,APTOS_TRAIN,model/datasets/train_manifest.csv,data/aptos2019/train_images/0097f532ac9f.png,0,0ce92059990bb2aa444f45d73f074df40347c028ba284760807b727ab7bc8cf9,5223375,2588,1958,PASS
6b7cf869622a,APTOS_TRAIN,model/datasets/train_manifest.csv,data/aptos2019/train_images/6b7cf869622a.png,2,ff3766ba75635fb9455bf07a152543b84f4c4aa9b03b13ed3f13d5c9579d7015,5002716,2588,1958,PASS
f80118bbda18,APTOS_TRAIN,model/datasets/train_manifest.csv,data/aptos2019/train_images/f80118bbda18.png,2,751bc9368a084113ccf8ba952ea10368869a3e675fff28afcce2c1669009f63d,2129987,2416,1736,PASS
c26f98f58350,APTOS_TRAIN,model/datasets/train_manifest.csv,data/aptos2019/train_images/c26f98f58350.png,0,ce3e50479992fcb70cc67b0b1ff3f2e561b02ff6f009de1530b69e70f767f666,1871909,2048,1536,PASS
a5c9a8c726b2,APTOS_TRAIN,model/datasets/train_manifest.csv,data/aptos2019/train_images/a5c9a8c726b2.png,4,27dfd7d835852b422263423743be5f0f1a6fa6eff92b6bd632477c0fbcd49b64,1028584,1050,1050,PASS
1269ab57c2e6,APTOS_TRAIN,model/datasets/train_manifest.csv,data/aptos2019/train_images/1269ab57c2e6.png,2,ee4dceabbcca1e47f22784c33e133054b82cad28768b5b914945153af8f02364,1987961,2416,1736,PASS
44976c3b11a6,APTOS_TRAIN,model/datasets/train_manifest.csv,data/aptos2019/train_images/44976c3b11a6.png,0,33fbb01ea618e56989f8987695f84d3fd0bb3148565514b61cfeb3853425fe16,5346144,2588,1958,PASS
4fa26d065ad3,APTOS_TRAIN,model/datasets/train_manifest.csv,data/aptos2019/train_images/4fa26d065ad3.png,1,a322289c7bce10b8a788092846b73c61a1e8cf4e2402f920f8be8413cadeb9d7,2378478,2416,1736,PASS
4cf4d528c08e,APTOS_TRAIN,model/datasets/train_manifest.csv,data/aptos2019/train_images/4cf4d528c08e.png,0,9efdc0fc9adb0ebc51df8c79e1fcc5c869d5afe84701d6f9a151517df00227bf,1808436,2048,1536,PASS
97c6cb55866d,APTOS_TRAIN,model/datasets/train_manifest.csv,data/aptos2019/train_images/97c6cb55866d.png,0,f4eb876d0910cb9492cd6f17d1a9edeed0583d57b7c9129f6c7cb3a33a7fd6e7,5576293,2588,1958,PASS
6cb96a6fb029,APTOS_TRAIN,model/datasets/train_manifest.csv,data/aptos2019/train_images/6cb96a6fb029.png,0,b4bd0fffbaf8b02a150a1e507b99286c3ed236c8e34117d06c5c22409a2d5ed6,1832439,2048,1536,PASS
510aa0a898fa,APTOS_TRAIN,model/datasets/train_manifest.csv,data/aptos2019/train_images/510aa0a898fa.png,2,4cf699ab43b5de328f06b089fbeecbb5503d6316350847aac65cc911cf0d2c28,5300226,2588,1958,PASS
9a4f370d341b,APTOS_TRAIN,model/datasets/train_manifest.csv,data/aptos2019/train_images/9a4f370d341b.png,2,5e5e332bb6dbb18c1d017e110c97359a908cc674577d0ad15d4ca696f1cfda94,2129760,2416,1736,PASS
67ed8cc78b97,APTOS_TRAIN,model/datasets/train_manifest.csv,data/aptos2019/train_images/67ed8cc78b97.png,0,7631d8a817073a36a7a450330329323a5af7a1e4b9fe82c9f7ced9417041c167,294662,819,614,PASS
f819c65b803c,APTOS_TRAIN,model/datasets/train_manifest.csv,data/aptos2019/train_images/f819c65b803c.png,0,2e347828659be8c581990c2677efa99423566c12f874ac2c7669b6a350b7d9f6,1735458,2048,1536,PASS
4294a14c656a,APTOS_TRAIN,model/datasets/train_manifest.csv,data/aptos2019/train_images/4294a14c656a.png,3,d5c1a4dce3873a7a42d9b72d47834fe11d5549e008111730a2af4a6f1d62326d,2796239,3216,2136,PASS
b11dcdcbc8c8,APTOS_TRAIN,model/datasets/train_manifest.csv,data/aptos2019/train_images/b11dcdcbc8c8.png,0,f59db20735bc9d157b83df0047cd196fcd61fc74f4d553c4912950f05f961ac3,5534944,2588,1958,PASS
6c3589d7ed8d,APTOS_TRAIN,model/datasets/train_manifest.csv,data/aptos2019/train_images/6c3589d7ed8d.png,0,0081b64510194b18586dbf37421e1fe0d443b4e24b86d47e652a38fc64bd33aa,1090396,1050,1050,PASS
3a122851e526,APTOS_TRAIN,model/datasets/train_manifest.csv,data/aptos2019/train_images/3a122851e526.png,2,c0a05e85f31e63e8f6d28f3e62cefd52d9de7e7b26590e95915cf52abbb6ea94,347763,640,480,PASS
525acfea47e8,APTOS_TRAIN,model/datasets/train_manifest.csv,data/aptos2019/train_images/525acfea47e8.png,2,0aa7afee202380402d943140767480490c11b2834a2e877bc867557d942aad3e,2138503,2416,1736,PASS
aeb6f4fd2eed,APTOS_TRAIN,model/datasets/train_manifest.csv,data/aptos2019/train_images/aeb6f4fd2eed.png,0,ec5a2e6ec519f7e2ec0f5408842813f69590ec46215a049fa5c27e5a87191266,1878971,2048,1536,PASS
e387311a840e,APTOS_TRAIN,model/datasets/train_manifest.csv,data/aptos2019/train_images/e387311a840e.png,2,0a755f007e669dbf4c5ddff0ddf98728560eccac99edfa67d89215d4d9594b37,2157747,2416,1736,PASS
2f7fbdcc9a4b,APTOS_TRAIN,model/datasets/train_manifest.csv,data/aptos2019/train_images/2f7fbdcc9a4b.png,0,614ebd552fccd137cf7e0dd78e68474a9607f94d3d340beaa147459cfca0ce85,1929525,2048,1536,PASS
d4583e9525dc,APTOS_TRAIN,model/datasets/train_manifest.csv,data/aptos2019/train_images/d4583e9525dc.png,0,cf4839193693ea0269e7b661b1f6f1140b91b1e2d50092f1a7ae5fd83b62c6e9,1831753,2048,1536,PASS
b842b43cb7fb,APTOS_TRAIN,model/datasets/train_manifest.csv,data/aptos2019/train_images/b842b43cb7fb.png,0,c027df0c1727ef0fb6c1f29dc308224ed87a3a033c8b41eb943de4545516e5d7,1820326,2048,1536,PASS
b8e20c076b03,APTOS_TRAIN,model/datasets/train_manifest.csv,data/aptos2019/train_images/b8e20c076b03.png,0,66ad2ce9875342888bf8885f3c138401bf5c62ee40f71f7925e4949a552467a3,5730772,2588,1958,PASS
ce6f33a81ad5,APTOS_TRAIN,model/datasets/train_manifest.csv,data/aptos2019/train_images/ce6f33a81ad5.png,0,1aaad5b9b7f984f71cacd77803918c7950714d23b6518d3cc1720fc11d42d730,957428,1050,1050,PASS
e19936582c61,APTOS_TRAIN,model/datasets/train_manifest.csv,data/aptos2019/train_images/e19936582c61.png,3,fc67434b596a3ed75ddd5aaa7721560d43c9bc51222d56f0faea9bb814a2eaf5,3060006,3216,2136,PASS
ee36ca728641,APTOS_TRAIN,model/datasets/train_manifest.csv,data/aptos2019/train_images/ee36ca728641.png,0,461d5318ca6829290bd31ef9a04cb522b364fea45f8944332330a99abe1fa524,1912030,2048,1536,PASS
499c8df39222,APTOS_TRAIN,model/datasets/train_manifest.csv,data/aptos2019/train_images/499c8df39222.png,4,878479d69d9a7559cea8d97defe08d85275162ac16545693542fc482e69cb3ef,2137571,2416,1736,PASS
85cc6d636898,APTOS_TRAIN,model/datasets/train_manifest.csv,data/aptos2019/train_images/85cc6d636898.png,2,1c3334330c0d50394a85349b97ca87b7f3b7c38e130f555ea3c1e73f13999886,2227145,2416,1736,PASS
5a091e8cd95c,APTOS_TRAIN,model/datasets/train_manifest.csv,data/aptos2019/train_images/5a091e8cd95c.png,1,a40bda86435cf6b64bb6129f2189bc7cefd4d78f0531cc0a637d39aa0a672964,2407257,2416,1736,PASS
bc92a61a1f9c,APTOS_TRAIN,model/datasets/train_manifest.csv,data/aptos2019/train_images/bc92a61a1f9c.png,0,56c2fe2bacca7de3b891b98110eaf5c2a5d82c80456e5ae1f34922ca9d937709,929922,1050,1050,PASS
c23ff6dcf15e,APTOS_TRAIN,model/datasets/train_manifest.csv,data/aptos2019/train_images/c23ff6dcf15e.png,0,e97ff2693efb7e3a8735257142730d20a89873b7f24826b9cf8981fa09756763,1941514,2048,1536,PASS
4242c0d87f57,APTOS_TRAIN,model/datasets/train_manifest.csv,data/aptos2019/train_images/4242c0d87f57.png,2,05c401a71a151fb11fb5b0704af9a864e97a1c3fc2de3d0d1a95de44bd05722d,5424660,2588,1958,PASS
d160ebef4117,APTOS_TRAIN,model/datasets/train_manifest.csv,data/aptos2019/train_images/d160ebef4117.png,0,64d425d89de7535273447eab22130ea7b317c69f6d47e87ea1c979c1a607a5c8,318121,819,614,PASS
c252da9b41d8,APTOS_TRAIN,model/datasets/train_manifest.csv,data/aptos2019/train_images/c252da9b41d8.png,2,0aba9b4b87291d41b8681533d1acdbeca6a73588434d14d23a34fe297e41ef86,3224750,3216,2136,PASS
7828dd083cdc,APTOS_TRAIN,model/datasets/train_manifest.csv,data/aptos2019/train_images/7828dd083cdc.png,0,8bbf2915cd2fa69667518684bfee45219110c73b9645564e678ed045ef28e076,1043156,1050,1050,PASS
4d9fc85a8259,APTOS_TRAIN,model/datasets/train_manifest.csv,data/aptos2019/train_images/4d9fc85a8259.png,3,2a6b026d3fb6acdaa9e26ba7ad641a6bc1da4a5f08facd97bfffb2cb8156ac5a,1964158,2416,1736,PASS
e25ccfe38e44,APTOS_TRAIN,model/datasets/train_manifest.csv,data/aptos2019/train_images/e25ccfe38e44.png,1,01f3994011c14b3f3e808b0292a9c9ab8c494e7a1d40b86301503670d34637ad,333090,819,614,PASS
a484bdf85b4c,APTOS_TRAIN,model/datasets/train_manifest.csv,data/aptos2019/train_images/a484bdf85b4c.png,0,bb4b518d9cab2db60ef7de292738069ec5a03b1bc5e8bd92a8b1c31fc0b039a5,979244,1050,1050,PASS
aae8f9f3ef8c,APTOS_TRAIN,model/datasets/train_manifest.csv,data/aptos2019/train_images/aae8f9f3ef8c.png,3,fb121b7c278e544899aa83257deca656efb5d4626477c5c8c95989eaaedc0995,2700780,3216,2136,PASS
2ba0b0d9bda2,APTOS_TRAIN,model/datasets/train_manifest.csv,data/aptos2019/train_images/2ba0b0d9bda2.png,2,09cffde7120ee3ccf429ab7e7e976127cdbd3fe95d03946b6a2af4b98e6f377c,2239390,2416,1736,PASS
08037e4490e5,APTOS_TRAIN,model/datasets/train_manifest.csv,data/aptos2019/train_images/08037e4490e5.png,0,59d2e1c0e513412b335de304482b44cab70098400bb38863649cf39fe8e2eba7,283524,819,614,PASS
e82232a3c28b,APTOS_TRAIN,model/datasets/train_manifest.csv,data/aptos2019/train_images/e82232a3c28b.png,0,6e051144918e228d13678c5e0e00c43bbc8e4578b02082e23ce4b73745ad058a,1052270,1050,1050,PASS
8f318a978844,APTOS_TRAIN,model/datasets/train_manifest.csv,data/aptos2019/train_images/8f318a978844.png,4,d843ea29cf0ba9bad2deba295b9bafb7843177305f7923e8217a7b43a7cc7737,715652,1844,1226,PASS
de16416220de,APTOS_TRAIN,model/datasets/train_manifest.csv,data/aptos2019/train_images/de16416220de.png,4,d83468b27f382779cacebff55bace36cab06bf1037c7e462125eba8a600ee038,7089391,3388,2588,PASS
281d7b7c7676,APTOS_TRAIN,model/datasets/train_manifest.csv,data/aptos2019/train_images/281d7b7c7676.png,4,0dbe9e592229359d69539282691d63de9ca6101420bcada2322e6682d466ec05,7395178,3388,2588,PASS
633fe9dbaf39,APTOS_TRAIN,model/datasets/train_manifest.csv,data/aptos2019/train_images/633fe9dbaf39.png,0,1d85c7c6fdc4543e46d77e106ca11cb2406c7711ef9c8cddba68cd49101a7c21,2445339,2588,1958,PASS
9fefe2b44795,APTOS_TRAIN,model/datasets/train_manifest.csv,data/aptos2019/train_images/9fefe2b44795.png,3,b59da220dfc36f030361ab65c65031a99216278fb251a04345e61936f35442e8,3890479,3388,2588,PASS
2fb3a8606a77,APTOS_TRAIN,model/datasets/train_manifest.csv,data/aptos2019/train_images/2fb3a8606a77.png,2,95ddb65b2f37a2c4ca894fa337ba9611352fe93c67e257ecc375076c1e51c434,7196127,3388,2588,PASS
c58e5c0c5b33,APTOS_TRAIN,model/datasets/train_manifest.csv,data/aptos2019/train_images/c58e5c0c5b33.png,0,57871ad081c8c61585083625e3fe5adb6abcc470b26d7ee68c9231fef199ec7f,1039015,1050,1050,PASS
50915e2329a1,APTOS_TRAIN,model/datasets/train_manifest.csv,data/aptos2019/train_images/50915e2329a1.png,0,2566b590caf12c701166b0ec489be5fce3d63a81ede68391e0feabcad2012dfd,1917612,2048,1536,PASS
33e7bf536fc5,APTOS_TRAIN,model/datasets/train_manifest.csv,data/aptos2019/train_images/33e7bf536fc5.png,0,65ce54a439270f4a07da5637e1afbc9f4ab6a4a8e7f594eddd17c89e4e609dfc,5228985,2588,1958,PASS
d3e884109b45,APTOS_TRAIN,model/datasets/train_manifest.csv,data/aptos2019/train_images/d3e884109b45.png,3,c8a303bd2565edd9e590ef2a6e593b6fa21969fac3587838f7d0bb40f18f2f92,5696371,2588,1958,PASS
b402daa0864c,APTOS_TRAIN,model/datasets/train_manifest.csv,data/aptos2019/train_images/b402daa0864c.png,2,c34fe0a6a823938258432296fab023c18bab6050f6fdd51293d330704e97c69a,2484989,3216,2136,PASS
4a5a6efc0bef,APTOS_TRAIN,model/datasets/train_manifest.csv,data/aptos2019/train_images/4a5a6efc0bef.png,0,89e2d74cc7ed90cd9d2caf7828c1ed5176a6497b0f3809386f75695b94e35e10,965212,1050,1050,PASS
ababe19ed448,APTOS_TRAIN,model/datasets/train_manifest.csv,data/aptos2019/train_images/ababe19ed448.png,1,9c182851e94cd6311470ab4562b03b28351af48f0a19570ed5dedb8be774ba1e,4604660,2588,1958,PASS
5ce5eeaf757a,APTOS_TRAIN,model/datasets/train_manifest.csv,data/aptos2019/train_images/5ce5eeaf757a.png,0,10552e838652b3727318f4cfb9e22bba938ca1b632d5f12e3b06406c08dd17a3,1767650,2048,1536,PASS
e0b5a982a018,APTOS_TRAIN,model/datasets/train_manifest.csv,data/aptos2019/train_images/e0b5a982a018.png,3,c0cad22adba4dbadcbbb138a5a84a0555a89ba41526195a726f51759292a8b0a,2303848,2416,1736,PASS
6a905a7202d2,APTOS_TRAIN,model/datasets/train_manifest.csv,data/aptos2019/train_images/6a905a7202d2.png,0,9241e9107d9d4d300ffc4b2fc431f9dac1f07d3ab847961a31cb1e69610baf32,997723,1050,1050,PASS
d29096bd94aa,APTOS_TRAIN,model/datasets/train_manifest.csv,data/aptos2019/train_images/d29096bd94aa.png,2,b90b4cefb160985539ca27fb02372639a6b39e8bf19956eb6ae75defa0eb1e75,2092375,2416,1736,PASS
05113073b268,APTOS_TRAIN,model/datasets/train_manifest.csv,data/aptos2019/train_images/05113073b268.png,0,4bbb677438f5871786621dfd9df79c18b49fbcd2d54eeacc05eed8e5c877ed8d,5441702,2588,1958,PASS
1c4f3aa4df06,APTOS_TRAIN,model/datasets/train_manifest.csv,data/aptos2019/train_images/1c4f3aa4df06.png,4,be7008f1fafaa58dad258e9d166aeef083a6a49f9b8ffdb43f7ba787026dd1ea,2901103,3216,2136,PASS
b9b6ee2b9453,APTOS_TRAIN,model/datasets/train_manifest.csv,data/aptos2019/train_images/b9b6ee2b9453.png,2,7c681dc236d8525d000760e833659f3a1f049e5b2a45e0eb1615c2e70e0cc2e4,2215380,1467,1110,PASS
7d1da90d3ca9,APTOS_TRAIN,model/datasets/train_manifest.csv,data/aptos2019/train_images/7d1da90d3ca9.png,2,b353fe14d1798eb16134543aa0943e85e4ff10de0c7c612bb6ad69ff52ed1df3,5545354,2588,1958,PASS
31452ad8808c,APTOS_TRAIN,model/datasets/train_manifest.csv,data/aptos2019/train_images/31452ad8808c.png,2,b0986e75f797b45b4aea77fea77a07fa688688d51e5c09cb00bfdfa052e3422f,914776,1844,1226,PASS
72c31aa48e2c,APTOS_TRAIN,model/datasets/train_manifest.csv,data/aptos2019/train_images/72c31aa48e2c.png,0,83f97f90fc348e0c505fc3bd6c77d3b259012a1fdd53efc214044ddf5cad7d9a,1031422,1050,1050,PASS
f531232ecb55,APTOS_TRAIN,model/datasets/train_manifest.csv,data/aptos2019/train_images/f531232ecb55.png,0,9216fa21679026729466163fd3b7905e58783b1fa1686ed6eb1b275f284e0016,959100,1050,1050,PASS
b8dab47a260e,APTOS_TRAIN,model/datasets/train_manifest.csv,data/aptos2019/train_images/b8dab47a260e.png,0,cb5f88a2641133a5f47b81ea6e0779a88fca1611ea8a86367962c83338ca8cee,1031062,1050,1050,PASS
06586082a24d,APTOS_TRAIN,model/datasets/train_manifest.csv,data/aptos2019/train_images/06586082a24d.png,0,4ff0bbba5ead65e6851d8aa18d1b19e9aa033288bb0213eb3e453a4f5bced2f9,1934041,2048,1536,PASS
3cd9713c0ecb,APTOS_TRAIN,model/datasets/train_manifest.csv,data/aptos2019/train_images/3cd9713c0ecb.png,0,d93380ee3d8dac4831b8a5eb1ed246d659a77c444dfdc2f101190ca4cfaeb783,965164,1050,1050,PASS
9e2ba2b979f1,APTOS_TRAIN,model/datasets/train_manifest.csv,data/aptos2019/train_images/9e2ba2b979f1.png,0,dfe1c5348c0969fa51664156a7dd3de1b4911d6b923791aef81b50f9edbca565,2001912,2048,1536,PASS
d9311f7497cb,APTOS_TRAIN,model/datasets/train_manifest.csv,data/aptos2019/train_images/d9311f7497cb.png,2,24b965a9e2b457b9451faaa370cf5c6e1e5ee7672c9550f9dca094f28c0a1145,7418047,3388,2588,PASS
0c38940e1f80,APTOS_TRAIN,model/datasets/train_manifest.csv,data/aptos2019/train_images/0c38940e1f80.png,0,ad1b9684f7797bdd15c5c1f80544f0099b27c3256986569ce285c5cff8c77c4c,285871,819,614,PASS
1dfe599d12a9,APTOS_TRAIN,model/datasets/train_manifest.csv,data/aptos2019/train_images/1dfe599d12a9.png,0,fd0cd601af586f02b58be6962e16a3dd426766479acb4772021c4cfc3b769ca4,297760,819,614,PASS
157d17349cc6,APTOS_TRAIN,model/datasets/train_manifest.csv,data/aptos2019/train_images/157d17349cc6.png,2,9b332c25a1c00b9835d38c65f129d91722561c59da7600efaa9992ed599f76f9,7355357,3388,2588,PASS
bb783d8e496f,APTOS_TRAIN,model/datasets/train_manifest.csv,data/aptos2019/train_images/bb783d8e496f.png,1,77497c74c2a43415a767e5d515226b53fe5b3e402253e1c67291eb285555d0e4,2023780,2416,1736,PASS
b09101adb478,APTOS_TRAIN,model/datasets/train_manifest.csv,data/aptos2019/train_images/b09101adb478.png,0,da920d352fe65f886bdcc18c955eb35bf7c74a2b702910e806ac19ea57b3688e,1058334,1050,1050,PASS
12058bbb8299,APTOS_TRAIN,model/datasets/train_manifest.csv,data/aptos2019/train_images/12058bbb8299.png,0,101376d8272d88995cdf6915485e974a982741bae3797a2e13b95967fda50a70,999333,1050,1050,PASS
6d7d26025122,APTOS_TRAIN,model/datasets/train_manifest.csv,data/aptos2019/train_images/6d7d26025122.png,4,6e5a6c128644dd23126877bc163602192a85beae12b1f6f95fd3933cee13b59b,7481208,3388,2588,PASS
a56729de89e9,APTOS_TRAIN,model/datasets/train_manifest.csv,data/aptos2019/train_images/a56729de89e9.png,2,48d5bd482d9cf314c36051257e08a114eb39816ccf17e99dafc8e47b988b033b,921306,1050,1050,PASS
f2ee81781411,APTOS_TRAIN,model/datasets/train_manifest.csv,data/aptos2019/train_images/f2ee81781411.png,2,ca25633291ced69a7862c491182f85e2ae1883fe51f28bb65ea3b909a61febb1,1738488,3216,2136,PASS
9ab18a4a957f,APTOS_TRAIN,model/datasets/train_manifest.csv,data/aptos2019/train_images/9ab18a4a957f.png,0,fc626988d13001e610158681cd780fee3eb4ff3d08b2decd4dc1172d0be6c32e,1845843,2048,1536,PASS
c0f15fe3b4b7,APTOS_TRAIN,model/datasets/train_manifest.csv,data/aptos2019/train_images/c0f15fe3b4b7.png,1,d7a70ff9b648ac952a4fe95a310b8c1332aafe3f0ee11ec3d9d3d24c68e36fdd,5493596,4288,2848,PASS
2db0cd3e30da,APTOS_TRAIN,model/datasets/train_manifest.csv,data/aptos2019/train_images/2db0cd3e30da.png,0,ced50ec76a557ca326ea1867d816b87bf36775aea24868d9cc57abb026dc1832,5283264,2588,1958,PASS
ff1e940105f9,APTOS_TRAIN,model/datasets/train_manifest.csv,data/aptos2019/train_images/ff1e940105f9.png,0,3c07eb6b6c3fc0f17676cfbe2dd9ce8e478cfa327ad7202dd6f6bae1d335a3a6,949217,1050,1050,PASS
d6e26fe51dce,APTOS_TRAIN,model/datasets/train_manifest.csv,data/aptos2019/train_images/d6e26fe51dce.png,1,d9a992d7395a998f817c88db558eec9ba90936e4e30398621575b22f94318cea,2479279,3216,2136,PASS
6c315ad3d07f,APTOS_TRAIN,model/datasets/train_manifest.csv,data/aptos2019/train_images/6c315ad3d07f.png,2,a248070e790004b378d94a43e5e663dbaae9b193de8b16dd4a1beafee1154c10,350760,640,480,PASS
abf0f56c6f12,APTOS_TRAIN,model/datasets/train_manifest.csv,data/aptos2019/train_images/abf0f56c6f12.png,2,2e50642ed53bf51999f1192f2fcd4aad8cf655d05e7b11b5b171e35ba9fb26fd,2033581,3216,2136,PASS
0a9ec1e99ce4,APTOS_TRAIN,model/datasets/train_manifest.csv,data/aptos2019/train_images/0a9ec1e99ce4.png,2,484c1cce271f1b0fb4811f56d84cbc895854f17a07f38532afd8217bf97af615,5266891,2588,1958,PASS
c0a117de7d0a,APTOS_TRAIN,model/datasets/train_manifest.csv,data/aptos2019/train_images/c0a117de7d0a.png,0,32c2a1fd4217ae26d7f542b7c1934ad1f3bd9420d5e5d0aebc4cf717d80faf05,1941306,2048,1536,PASS
0f882877bf13,APTOS_TRAIN,model/datasets/train_manifest.csv,data/aptos2019/train_images/0f882877bf13.png,3,959b7081c963f5b8af82acd54ee26b4bf12016f75aef9d516261141143363348,3624906,2588,1958,PASS
e97ecf4355cb,APTOS_TRAIN,model/datasets/train_manifest.csv,data/aptos2019/train_images/e97ecf4355cb.png,0,75dc3965d87f00298b1f52f0edc09d499a943f0b56aff66ea7b31404bd0baff1,1783921,2048,1536,PASS
ff4955e76894,APTOS_TRAIN,model/datasets/train_manifest.csv,data/aptos2019/train_images/ff4955e76894.png,0,8e03d4884485feeba55ff540443ab38a597869a1b2c1176660be7b177cc76da3,2333015,2416,1736,PASS
d868acdccb5b,APTOS_TRAIN,model/datasets/train_manifest.csv,data/aptos2019/train_images/d868acdccb5b.png,3,cc3a7fd6160d763fac1c06913d1acb284eeefc717d860f0d9cb7bf060beb1e1d,2181686,2416,1736,PASS
e1418d28d668,APTOS_TRAIN,model/datasets/train_manifest.csv,data/aptos2019/train_images/e1418d28d668.png,2,d339cd8a7cf13e9dc47986194d111ae3320b2c633ce8d73812ddbd97f1d3459e,4829741,2588,1958,PASS
b77b88926843,APTOS_TRAIN,model/datasets/train_manifest.csv,data/aptos2019/train_images/b77b88926843.png,0,24834cf3a2be4fe61244c43a2314183bedab5bd130421e0f36cb9bb2de51a897,986654,1050,1050,PASS
ed2c06fcc573,APTOS_TRAIN,model/datasets/train_manifest.csv,data/aptos2019/train_images/ed2c06fcc573.png,2,26058f70bd13d5d020e1bdbfa0dc64621827773064b4f5e932cdac908bb94713,2344592,2416,1736,PASS
3c42512c81e0,APTOS_TRAIN,model/datasets/train_manifest.csv,data/aptos2019/train_images/3c42512c81e0.png,0,d2e37346040dfb8e166e8c562b0ffd4dda7eceab72cf57751771d05a8e446300,953767,1050,1050,PASS
525d0dd8dc45,APTOS_TRAIN,model/datasets/train_manifest.csv,data/aptos2019/train_images/525d0dd8dc45.png,0,27f61703572cea5c42f0bda37d7701891fb86f1e23eb4c977cfab4a485e019ad,340064,819,614,PASS
1a1e974a7dbf,APTOS_TRAIN,model/datasets/train_manifest.csv,data/aptos2019/train_images/1a1e974a7dbf.png,0,36cfd7f7420e90e475726e3716a1a43752af7845d46475d6e553ee34caaf8ce7,1094695,1050,1050,PASS
75238d945315,APTOS_TRAIN,model/datasets/train_manifest.csv,data/aptos2019/train_images/75238d945315.png,0,976149e306a595693a9ffbf5e4dc50476cc4080c70c22f8da4963606165f6f7c,1023222,1050,1050,PASS
e60e4edb3ca9,APTOS_TRAIN,model/datasets/train_manifest.csv,data/aptos2019/train_images/e60e4edb3ca9.png,0,4dc7b9395efb53a37eedf82b130ded659748f55ded0ef7c5b574b4271490f4db,982024,1050,1050,PASS
a6b6d27c1b32,APTOS_TRAIN,model/datasets/train_manifest.csv,data/aptos2019/train_images/a6b6d27c1b32.png,0,675758f47ec72ed072af5180613cb74431ba1683034f43d1563212b2b551ef49,1919284,2048,1536,PASS
d838d5b9f571,APTOS_TRAIN,model/datasets/train_manifest.csv,data/aptos2019/train_images/d838d5b9f571.png,0,bbe398f436ab8c1d7c339cfa675931a732c9e9be1b4f47d12d58224a9721d931,1004371,1050,1050,PASS
0e94cd271c00,APTOS_TRAIN,model/datasets/train_manifest.csv,data/aptos2019/train_images/0e94cd271c00.png,0,226a71b8d4802455f8a6a720560f7656694bf2ce07d786f440156c14ee08eb55,984763,1050,1050,PASS
2d7666b8884f,APTOS_TRAIN,model/datasets/train_manifest.csv,data/aptos2019/train_images/2d7666b8884f.png,1,066f8f82702ceb48f462079a2e02a56b3c545be155de80f421eec5c1cde1c829,1051765,1844,1226,PASS
de2eb5c8aa83,APTOS_TRAIN,model/datasets/train_manifest.csv,data/aptos2019/train_images/de2eb5c8aa83.png,0,632e51f3f612bc75fce2a380d2007b384d13c22ab27d930fe29a5df967ee9d41,1740197,2048,1536,PASS
f7defe70afc3,APTOS_TRAIN,model/datasets/train_manifest.csv,data/aptos2019/train_images/f7defe70afc3.png,0,f156b27d52939edfc788934e0472c1f7c40e5881efebbd5d36dc1a4ddd585609,5432220,2588,1958,PASS
4abca30b676b,APTOS_TRAIN,model/datasets/train_manifest.csv,data/aptos2019/train_images/4abca30b676b.png,4,1deeba9658095354bebd3fcd155c95a9bd758a0e1b84a816c5233a1e7aa3bcd6,2069614,2416,1736,PASS
cf1b9d26d38d,APTOS_TRAIN,model/datasets/train_manifest.csv,data/aptos2019/train_images/cf1b9d26d38d.png,4,44547d54c5f775cd9b72505133295cd5389d1f591ef4191fe15da4a5c1a63328,3977165,3388,2588,PASS
9df31421cdd2,APTOS_TRAIN,model/datasets/train_manifest.csv,data/aptos2019/train_images/9df31421cdd2.png,2,9a6f5669d8cefd44acd76521b0f94a5303efbdd867a78b949374985e69a891c2,5500950,2588,1958,PASS
90960ddf4d14,APTOS_TRAIN,model/datasets/train_manifest.csv,data/aptos2019/train_images/90960ddf4d14.png,0,359638b8584f61b30849e9e509c09d5a7255698d41707875247c8d1ded1e4ee3,1995692,2048,1536,PASS
71a39c660432,APTOS_TRAIN,model/datasets/train_manifest.csv,data/aptos2019/train_images/71a39c660432.png,3,f0be3ad143eaa54e5272138d356598bbf61145e07288d19bd85d6d228664fb23,3682364,3216,2136,PASS
cc1eebed9276,APTOS_TRAIN,model/datasets/train_manifest.csv,data/aptos2019/train_images/cc1eebed9276.png,2,fc1a84d29137f9a02b7e939dca22acd80f959e9e0f140c199bc7576cfd4d7de1,1958212,2416,1736,PASS
1b398c0494d1,APTOS_TRAIN,model/datasets/train_manifest.csv,data/aptos2019/train_images/1b398c0494d1.png,0,73d391cb437861b073d02c76efe954660d93d9ac701374ab9e819dfeca131a31,910772,1050,1050,PASS
e12f9f19d1be,APTOS_TRAIN,model/datasets/train_manifest.csv,data/aptos2019/train_images/e12f9f19d1be.png,0,bcf574c3fe32a5cae6dccbee5f4e763f2b1f7c43ebc4a872b44a5e91af4c67fd,293322,819,614,PASS
07f5d7baf907,APTOS_TRAIN,model/datasets/train_manifest.csv,data/aptos2019/train_images/07f5d7baf907.png,0,14b849183b27a1b6cc6d96dec81519048253865af7f06024c8766389e4e85201,5668177,2588,1958,PASS
7b9d519cbd66,APTOS_TRAIN,model/datasets/train_manifest.csv,data/aptos2019/train_images/7b9d519cbd66.png,0,f057b704bade6430abbb744b70988f4bd1395f3495b1310f4624af76b4ac97b4,5281901,2588,1958,PASS
fca1a8738b8a,APTOS_TRAIN,model/datasets/train_manifest.csv,data/aptos2019/train_images/fca1a8738b8a.png,0,31c4e18d96668735659ae7b6be64ba7fae82832fada2bfe91bcda58dd4a2aab5,944966,1050,1050,PASS
d16e39b9d6f0,APTOS_TRAIN,model/datasets/train_manifest.csv,data/aptos2019/train_images/d16e39b9d6f0.png,0,29dc4af8491d8967bc8e448f7e587856b607b6ac3ab665a6c263816dfab118b8,1977899,2048,1536,PASS
aeed1f251ceb,APTOS_TRAIN,model/datasets/train_manifest.csv,data/aptos2019/train_images/aeed1f251ceb.png,4,23f2c0cab0903f13bc9294d028363baaab4cf5b457abd0a1c1de6c8daee9494e,6269673,3216,2136,PASS
0cb6b898389f,APTOS_TRAIN,model/datasets/train_manifest.csv,data/aptos2019/train_images/0cb6b898389f.png,0,2540a17b2fba047eb72429e67e9db412c24c05e35ee2cd03db3871e943444a12,275312,819,614,PASS
0b64a0a06f9a,APTOS_TRAIN,model/datasets/train_manifest.csv,data/aptos2019/train_images/0b64a0a06f9a.png,0,3045d02794b9f7ab04c4e44d94821901782779c9cef227743083b1e63a7b19b2,355671,819,614,PASS
405085b53d7b,APTOS_TRAIN,model/datasets/train_manifest.csv,data/aptos2019/train_images/405085b53d7b.png,0,c3981c4a480ea2753b0b1dec836460d92da82257c5678d1efa54cea55262753e,1049671,1050,1050,PASS
34acae864963,APTOS_TRAIN,model/datasets/train_manifest.csv,data/aptos2019/train_images/34acae864963.png,0,855b84788c1656b4c8ef51d12639ef3e26732714607877db6dd6e8585a67884d,1928448,2048,1536,PASS
bfa30ebf63a8,APTOS_TRAIN,model/datasets/train_manifest.csv,data/aptos2019/train_images/bfa30ebf63a8.png,0,08bb99cec27cef6cf685a5ef063f70879b20ad291a42cfbee33f5a691398a210,1061797,1050,1050,PASS
064af6592ba6,APTOS_TRAIN,model/datasets/train_manifest.csv,data/aptos2019/train_images/064af6592ba6.png,2,7d54063f7c576a766878380dce41d35445a671f9fb8aa98e3fa706b32d9d7324,3550748,3388,2588,PASS
bdc6c60e9133,APTOS_TRAIN,model/datasets/train_manifest.csv,data/aptos2019/train_images/bdc6c60e9133.png,0,9bddc223b5a52905dea854a391393815345e8b0b832adf5201ba224ca09b266a,1909422,2048,1536,PASS
222d0ac042b4,APTOS_TRAIN,model/datasets/train_manifest.csv,data/aptos2019/train_images/222d0ac042b4.png,2,2fbb7a50a9ba9ac1db4376532fa7ca9ecf9b96503080521534a07ade566b9059,5391898,2588,1958,PASS
ad1aa75d5630,APTOS_TRAIN,model/datasets/train_manifest.csv,data/aptos2019/train_images/ad1aa75d5630.png,0,3c3328b66677a0da77af0b5887f0bbf95816cca0a5d354445cb097b38c6aeb40,1912138,2048,1536,PASS
5ac7a414560e,APTOS_TRAIN,model/datasets/train_manifest.csv,data/aptos2019/train_images/5ac7a414560e.png,0,4c76c120e84a8584f9cbddfb5053575b1e5fb7e9c0de73866d9b9f868757615a,997978,1050,1050,PASS
29bc0e721cfe,APTOS_TRAIN,model/datasets/train_manifest.csv,data/aptos2019/train_images/29bc0e721cfe.png,4,a9b9ec989ca0fc6aef8862cb0c9091295b512ac762e2e08543f0a8b0721b1ed1,7227820,3388,2588,PASS
6363b360aefb,APTOS_TRAIN,model/datasets/train_manifest.csv,data/aptos2019/train_images/6363b360aefb.png,2,59d993555a056be57761c49a5bf67831e2a76f4dff2ca245b610384183e38de5,2871679,3216,2136,PASS
3b185ac445d0,APTOS_TRAIN,model/datasets/train_manifest.csv,data/aptos2019/train_images/3b185ac445d0.png,4,5970a7510b99938b1ede524f4e9e4fac34309619cdd39659eaf9fd56b8184ca9,354630,640,480,PASS
6324d77cf926,APTOS_TRAIN,model/datasets/train_manifest.csv,data/aptos2019/train_images/6324d77cf926.png,0,6cfeeaa8ad93b767f88e6424b5195026979155317571aa0a75453184fbba8fe9,1043395,1050,1050,PASS
2b2f5a0f880d,APTOS_TRAIN,model/datasets/train_manifest.csv,data/aptos2019/train_images/2b2f5a0f880d.png,0,b44e3b6759eeaa41f5b8fa75a9faa20fde7544e4c8eddd5a5a72d13b56f7c774,1941787,2048,1536,PASS
66d2ca47aa44,APTOS_TRAIN,model/datasets/train_manifest.csv,data/aptos2019/train_images/66d2ca47aa44.png,2,9e87fb592cfd7df59222ade561285ef599be824699b517bfeffaa26559bbc761,5043319,2588,1958,PASS
b8ac328009e0,APTOS_TRAIN,model/datasets/train_manifest.csv,data/aptos2019/train_images/b8ac328009e0.png,2,f90a15fbea7e8afb434b1176305263e759d6cf977a67abd0048f45e7961e6794,1332868,1504,1000,PASS
0c76fd494af6,APTOS_TRAIN,model/datasets/train_manifest.csv,data/aptos2019/train_images/0c76fd494af6.png,2,1023e84b88283b910dbb508a0226cf3399067ef801a64b15687fc4f3f689603f,2731169,3216,2136,PASS
ceb601fe8dba,APTOS_TRAIN,model/datasets/train_manifest.csv,data/aptos2019/train_images/ceb601fe8dba.png,2,e543ddf52140b14b1cf96c778383a76ab34a6099d55c755f55db19709a32b519,3124281,3216,2136,PASS
b1c6f0997e27,APTOS_TRAIN,model/datasets/train_manifest.csv,data/aptos2019/train_images/b1c6f0997e27.png,0,a77c38a04af20214d94a0f9b6432b418b92017237ffff60d59d8a5d19658bacb,866315,1050,1050,PASS
937bc1b924b1,APTOS_TRAIN,model/datasets/train_manifest.csv,data/aptos2019/train_images/937bc1b924b1.png,0,7a317ec9de43abbf6ebc081444f9357994a6604583ee8d6052efa44b48f6046a,1093186,1050,1050,PASS
4145dcb25053,APTOS_TRAIN,model/datasets/train_manifest.csv,data/aptos2019/train_images/4145dcb25053.png,0,b9ae65d8431055076396cac7faf869d0e2b82c3feacf926c1a430cc5594221fd,1917196,2048,1536,PASS
32ed318235b8,APTOS_TRAIN,model/datasets/train_manifest.csv,data/aptos2019/train_images/32ed318235b8.png,0,a874a07620a4ed53cff1f6b061c3506e3f68f88ca01e93fbcd0284df0e0dd35e,950967,1050,1050,PASS
01eb826f6467,APTOS_TRAIN,model/datasets/train_manifest.csv,data/aptos2019/train_images/01eb826f6467.png,2,392cd1076180fe2b2bf548af9d3afebf2cb98dbc0f9dc5d948cbaf16ece866fa,1937894,2416,1736,PASS
c5431b81cbc9,APTOS_TRAIN,model/datasets/train_manifest.csv,data/aptos2019/train_images/c5431b81cbc9.png,2,a2f0285d68d3a694f65fdd80c0a7966f46253a23beb653d345c19901b51137b3,5513743,2588,1958,PASS
3a1ecf5e2839,APTOS_TRAIN,model/datasets/train_manifest.csv,data/aptos2019/train_images/3a1ecf5e2839.png,4,bb373790034eae5d15350f6f270010ce7df5aca3f9f22d7239abbe050a56a16f,2033212,2416,1736,PASS
a8854768549f,APTOS_TRAIN,model/datasets/train_manifest.csv,data/aptos2019/train_images/a8854768549f.png,0,227af099aa610e778f495757367d4d8044343be6f04c335a7428c1795f24c7df,1931320,2048,1536,PASS
423abbaa5fad,APTOS_TRAIN,model/datasets/train_manifest.csv,data/aptos2019/train_images/423abbaa5fad.png,2,c7b982ddcdc93e93772d3315c8339c36ead0fcec2e348a7f64996c7e8d6555e3,2949571,3216,2136,PASS
81d79d53ed7b,APTOS_TRAIN,model/datasets/train_manifest.csv,data/aptos2019/train_images/81d79d53ed7b.png,0,7ba321d82fbd7c92a80b93d8871a6467cb0d9858f5d4a4a1858d911313194290,5393652,2588,1958,PASS
5a5d3798c357,APTOS_TRAIN,model/datasets/train_manifest.csv,data/aptos2019/train_images/5a5d3798c357.png,2,f28839d110e3f2d36dbc465adac52b660464743ff8603fe921651162c8597b32,2262675,3216,2136,PASS
0a61bddab956,APTOS_TRAIN,model/datasets/train_manifest.csv,data/aptos2019/train_images/0a61bddab956.png,1,188ef1d90607c61fc6014c806eab0e425c8848a00b8fd8715261d642e7cc994c,1941125,2416,1736,PASS
916915f01e17,APTOS_TRAIN,model/datasets/train_manifest.csv,data/aptos2019/train_images/916915f01e17.png,0,388fe318f88b6ae2e457342fd26d156e5ff822c93d2842d230f789e79a7d54b1,985742,1050,1050,PASS
f252046c0fe6,APTOS_TRAIN,model/datasets/train_manifest.csv,data/aptos2019/train_images/f252046c0fe6.png,0,7e4572cbf741e562abb111c138e3f551ec2fd8e020bc07901ac20378acaaf5cc,1035307,1050,1050,PASS
fa7fa797c650,APTOS_TRAIN,model/datasets/train_manifest.csv,data/aptos2019/train_images/fa7fa797c650.png,0,45994ea3b5e9580eda5453510ec66617b98fe1bfc35a9d94cf4f4fb0404a6e9b,950485,1050,1050,PASS
e9678824215d,APTOS_TRAIN,model/datasets/train_manifest.csv,data/aptos2019/train_images/e9678824215d.png,0,1e50da00df34bc974b684fd4df5929c598336b589a3853922d066624f326db8c,933615,1050,1050,PASS
5b068765e846,APTOS_TRAIN,model/datasets/train_manifest.csv,data/aptos2019/train_images/5b068765e846.png,1,bfe069236f8b041f57e0fab9225ee54a4a1a365c4959d9a4018426574544a07f,2590621,2416,1736,PASS
72d98188648f,APTOS_TRAIN,model/datasets/train_manifest.csv,data/aptos2019/train_images/72d98188648f.png,4,3ce83c42a3fb12a663b328efe875b42eb4dae98093cbcab0a32315637f243143,7297546,3388,2588,PASS
1d0b93317aa8,APTOS_TRAIN,model/datasets/train_manifest.csv,data/aptos2019/train_images/1d0b93317aa8.png,0,1230a0a98a28e5433e1cf74a27702a4ccca3fad1f50c7159e314346e6f83bfe4,1678693,2048,1536,PASS
441117562359,APTOS_TRAIN,model/datasets/train_manifest.csv,data/aptos2019/train_images/441117562359.png,2,982d5814b13a4d38a1df8fa164587ded82e2c940a3adab07f1790cb465d8f9d2,2866872,3216,2136,PASS
80dbeb0fdc75,APTOS_TRAIN,model/datasets/train_manifest.csv,data/aptos2019/train_images/80dbeb0fdc75.png,0,507aec5bb9d2f83e5b01c51ce26122236897c1b222e9895ece32173c3d98fcdb,1013544,1050,1050,PASS
3dbc90c7ee7d,APTOS_TRAIN,model/datasets/train_manifest.csv,data/aptos2019/train_images/3dbc90c7ee7d.png,1,6b6f8e5e62b9a95ceabe8537b539b73d12afcbffd84ac6ced9c91792c85b34b4,4716737,2588,1958,PASS
4205e9deb058,APTOS_TRAIN,model/datasets/train_manifest.csv,data/aptos2019/train_images/4205e9deb058.png,0,7ea78a67633e56b421d22cba8ae545be51148e88b132c89ee1b2f1097682788c,616830,1050,1050,PASS
902dc5a91a3f,APTOS_TRAIN,model/datasets/train_manifest.csv,data/aptos2019/train_images/902dc5a91a3f.png,0,88972fe095648aa0a834df5c14852bd406d96aa62ba98c7632b6f261b3015aa2,1044102,1050,1050,PASS
d6283ded6aea,APTOS_TRAIN,model/datasets/train_manifest.csv,data/aptos2019/train_images/d6283ded6aea.png,2,f4ff33a791b3acaec6351c85a1a7893f3f21ef6d95eddc4e2ad92c5d7a817de1,2427826,3216,2136,PASS
f4ea2a2cfbb9,APTOS_TRAIN,model/datasets/train_manifest.csv,data/aptos2019/train_images/f4ea2a2cfbb9.png,0,df8d0f1623bfd486aa4fcc5b29cd915a84c784b7bcfa8b0d0fe0dad1ec824b9c,992505,1050,1050,PASS
98fbe56dcc2c,APTOS_TRAIN,model/datasets/train_manifest.csv,data/aptos2019/train_images/98fbe56dcc2c.png,1,680b4c261c3385931a471e0555c53003dec75ed9693f8d127f92bd7c944e7cdf,2300158,2416,1736,PASS
b086c7cd3868,APTOS_TRAIN,model/datasets/train_manifest.csv,data/aptos2019/train_images/b086c7cd3868.png,0,492432b63b875f572494e5ae6cd91081842d32d8e5bb65b2b24e9c48e14c2fc2,991580,1050,1050,PASS
e580676516b0,APTOS_TRAIN,model/datasets/train_manifest.csv,data/aptos2019/train_images/e580676516b0.png,1,e929ff796905e800ccea6bfef097f066d227e180b0bef341610c34f2334cec27,5561762,2588,1958,PASS
0babc12807b2,APTOS_TRAIN,model/datasets/train_manifest.csv,data/aptos2019/train_images/0babc12807b2.png,0,a5043baa555622d28536f45adac8864afab87692f209e3bb5f61bfff3afbaa23,2156206,2416,1736,PASS
bf87aedf2489,APTOS_TRAIN,model/datasets/train_manifest.csv,data/aptos2019/train_images/bf87aedf2489.png,0,c6d6bbf1d69228224af867543e2d99283c1b1c2353284c8269976de301720fb1,971241,1050,1050,PASS
a664d2055886,APTOS_TRAIN,model/datasets/train_manifest.csv,data/aptos2019/train_images/a664d2055886.png,2,95f40dc49ce47275a91e2b08eda4f0fb5a7a39cf90d3ba32499eea3fd9d4a7fa,2423825,2416,1736,PASS
fbfa925506f6,APTOS_TRAIN,model/datasets/train_manifest.csv,data/aptos2019/train_images/fbfa925506f6.png,0,b2339e6cd83a7c776173259f07337b52a1404d3f1935956bbd31d403cea1371b,306271,819,614,PASS
54038e56131d,APTOS_TRAIN,model/datasets/train_manifest.csv,data/aptos2019/train_images/54038e56131d.png,0,51f7f4a10272855a738201d4753e92dded9121e9b2b58af4c3f8488cd096c046,1010267,1050,1050,PASS
9b70f84400af,APTOS_TRAIN,model/datasets/train_manifest.csv,data/aptos2019/train_images/9b70f84400af.png,0,362690e375ed3d3fc966442c3d340fb959af2b4d1365fd5a8396f14a1d288d98,354692,819,614,PASS
789f0ec1eab8,APTOS_TRAIN,model/datasets/train_manifest.csv,data/aptos2019/train_images/789f0ec1eab8.png,0,af462062642743337fd001def7517f25bfc15862455578709f1da67362c2f972,1006217,1050,1050,PASS
8dfa629ca74e,APTOS_TRAIN,model/datasets/train_manifest.csv,data/aptos2019/train_images/8dfa629ca74e.png,2,fe4c95e854d4c83100c33bbfa4ec3f2acbcb58199a9e1eb7032741faac66bd0c,871266,1050,1050,PASS
79cbae28d8b2,APTOS_TRAIN,model/datasets/train_manifest.csv,data/aptos2019/train_images/79cbae28d8b2.png,0,b32f35a4abf5a91ef1975a4b8370b80e743d4c905139b7052d5d6f349dea230f,935523,1050,1050,PASS
58184d6fd087,APTOS_TRAIN,model/datasets/train_manifest.csv,data/aptos2019/train_images/58184d6fd087.png,1,da4c8caab1f0a903da9bdce06b336896442b307ad262121f235b6ecd13fe9daf,1692110,2416,1736,PASS
524f240e0c90,APTOS_TRAIN,model/datasets/train_manifest.csv,data/aptos2019/train_images/524f240e0c90.png,2,0eb212f395265aac6d93320f9ff99f87ae60ba030383f8469b30aa77135523e8,3087778,3216,2136,PASS
ba4e62c11cc0,APTOS_TRAIN,model/datasets/train_manifest.csv,data/aptos2019/train_images/ba4e62c11cc0.png,0,6b1969f18175409091fa68c2e800321b7eb8c8d4d7a09eb09c6048ccd4540d8d,1011181,1050,1050,PASS
e067b06fd655,APTOS_TRAIN,model/datasets/train_manifest.csv,data/aptos2019/train_images/e067b06fd655.png,0,cc850bafc6acf9b7498ce66711eb6f504e2528812886c05d146a3aee7f2f3e65,1019491,1050,1050,PASS
f4de9620e3f2,APTOS_TRAIN,model/datasets/train_manifest.csv,data/aptos2019/train_images/f4de9620e3f2.png,0,cf7258cd9d9e2029b2dd4f5421bd9d55e218d18f1c201fb823c3718386f0d276,5247098,2588,1958,PASS
f7116e7b2f4e,APTOS_TRAIN,model/datasets/train_manifest.csv,data/aptos2019/train_images/f7116e7b2f4e.png,0,04b216fccaae0a0bb09db687cc1e49dae0eb8d18df454aa891fa2f7c511af8ec,1037060,1050,1050,PASS
29f9e1ac9507,APTOS_TRAIN,model/datasets/train_manifest.csv,data/aptos2019/train_images/29f9e1ac9507.png,0,7f59fe282b2e8e0a6c300f2cd0ffa536151624679620af045cdacc91b5ee1b04,279621,819,614,PASS
f3a4751af42e,APTOS_TRAIN,model/datasets/train_manifest.csv,data/aptos2019/train_images/f3a4751af42e.png,0,9817f8af6d71fd9f0c5c1db2213c2f2d8498a6f1c872907942721a51af00fd0d,921560,1050,1050,PASS
2f143453bb71,APTOS_TRAIN,model/datasets/train_manifest.csv,data/aptos2019/train_images/2f143453bb71.png,0,46cfc474135452921824e3ab101cabc9bc731739a32d14c2e42483d91b8293e1,5368501,2588,1958,PASS
7877be80901c,APTOS_TRAIN,model/datasets/train_manifest.csv,data/aptos2019/train_images/7877be80901c.png,2,a87b8b656ab9e5ddb53f624865d754996fadd4fd2fc42c88be80f6a910d3b0a5,6055899,3216,2136,PASS
7da558d92100,APTOS_TRAIN,model/datasets/train_manifest.csv,data/aptos2019/train_images/7da558d92100.png,0,79c2e2bf239c4c91f2d85fd042523d8d94b633e26d454f983c47e794d9303341,270675,819,614,PASS
a2696f444ecb,APTOS_TRAIN,model/datasets/train_manifest.csv,data/aptos2019/train_images/a2696f444ecb.png,1,5085df96b68797c4efd12aa53743b621ce344557d3460ac9205262e9646b4f02,2171252,2416,1736,PASS
66cd9c28e636,APTOS_TRAIN,model/datasets/train_manifest.csv,data/aptos2019/train_images/66cd9c28e636.png,1,857d5bf58b3784c938ffad125c356cc4180cf620519f2818ee709a28b74faa9b,1844671,2416,1736,PASS
c1e6fa1ad314,APTOS_TRAIN,model/datasets/train_manifest.csv,data/aptos2019/train_images/c1e6fa1ad314.png,1,2e4e6640e8b8029ce0732707467aa5287557ba9ca4727ebc64525025a494d3b2,2438832,2416,1736,PASS
3206171db5be,APTOS_TRAIN,model/datasets/train_manifest.csv,data/aptos2019/train_images/3206171db5be.png,4,66d48990d57ee461502f66527677890a6c28eb85e02f3fa3162a3456523e3b19,5118744,4288,2848,PASS
62e6f814c8f5,APTOS_TRAIN,model/datasets/train_manifest.csv,data/aptos2019/train_images/62e6f814c8f5.png,2,877bc9d482131902eeb7318cdee8480c678a7881583f0a9341758db304367771,2082415,2416,1736,PASS
d3dfd0a2dee6,APTOS_TRAIN,model/datasets/train_manifest.csv,data/aptos2019/train_images/d3dfd0a2dee6.png,0,e1d446e16b61fb00108bb1359f3346f9f6423e20fb47e12dd568ff5aa7785c66,1819022,2048,1536,PASS
8433a032b96c,APTOS_TRAIN,model/datasets/train_manifest.csv,data/aptos2019/train_images/8433a032b96c.png,0,fbf65c84371d8bbd3820fd21a036b22db03b558ae08f0ac43c4f7e00a23d502a,1937497,2048,1536,PASS
5ca73d28f17f,APTOS_TRAIN,model/datasets/train_manifest.csv,data/aptos2019/train_images/5ca73d28f17f.png,0,a6d5246cb5de45f67ac1815e00d626d12d9adf9d12b54d10e7805853715eea24,1913158,2048,1536,PASS
4ef16a53d899,APTOS_TRAIN,model/datasets/train_manifest.csv,data/aptos2019/train_images/4ef16a53d899.png,0,011b9eeab3e7148120531f588182f4b7fc6a522b46f10fe8f52b5557c82fed28,288283,819,614,PASS
c8905b8d5cf1,APTOS_TRAIN,model/datasets/train_manifest.csv,data/aptos2019/train_images/c8905b8d5cf1.png,2,b50e06cd3f8570ff5deb668481bf17b53419617cc3c7f114f9af5f72bb15368d,5228819,2588,1958,PASS
e06d3d4733f0,APTOS_TRAIN,model/datasets/train_manifest.csv,data/aptos2019/train_images/e06d3d4733f0.png,2,b585313fa3786b329a9f0c17bf245cc5982e359db9cf203dc65c4915430c52ae,3467911,3216,2136,PASS
55eb405ec71e,APTOS_TRAIN,model/datasets/train_manifest.csv,data/aptos2019/train_images/55eb405ec71e.png,4,703d0e748fdcbe01cb651086c3507268157b5de80b2ace4ac9eee44d942fb7c3,3771246,3388,2588,PASS
47e51065b819,APTOS_TRAIN,model/datasets/train_manifest.csv,data/aptos2019/train_images/47e51065b819.png,2,690380038c5dd953b1674e8dbf3eda5c3090180d0cb56fccd7f76430295c8016,2329793,3216,2136,PASS
5d74f98d62be,APTOS_TRAIN,model/datasets/train_manifest.csv,data/aptos2019/train_images/5d74f98d62be.png,4,9d12ac56cf4e28690fc5e87fb9e26b50f7d8fd671232337cfa50928a77a43cdc,733061,1844,1226,PASS
09f1111a388a,APTOS_TRAIN,model/datasets/train_manifest.csv,data/aptos2019/train_images/09f1111a388a.png,0,8066682e46ff85f2405db72a28b1237e60542b7dcd2e41a002b3604cb52ea0c5,1674106,2048,1536,PASS
15f8d769935c,APTOS_TRAIN,model/datasets/train_manifest.csv,data/aptos2019/train_images/15f8d769935c.png,0,f247047b8d53470cb805537519a021a1387ca0e499617645a3f2041ceaad5926,1035298,1050,1050,PASS
61da799bf0aa,APTOS_TRAIN,model/datasets/train_manifest.csv,data/aptos2019/train_images/61da799bf0aa.png,0,7046dcd981f7ea2ced794088d6b3da1fb2eb0534e3edc3fb0e6530fb6f66e2f1,5071628,2588,1958,PASS
d78b7401096f,APTOS_TRAIN,model/datasets/train_manifest.csv,data/aptos2019/train_images/d78b7401096f.png,0,dea9a5828f78818106a9112e6925061a2978c66c5872cda0310b8c2d0c973404,5504065,2588,1958,PASS
180afe1d5ef7,APTOS_TRAIN,model/datasets/train_manifest.csv,data/aptos2019/train_images/180afe1d5ef7.png,2,09e6b4d7f0114d75d8afe1cfe629fd365221c8d08a866c204feff9d48911e5c7,1737350,2416,1736,PASS
cf0824f53dd9,APTOS_TRAIN,model/datasets/train_manifest.csv,data/aptos2019/train_images/cf0824f53dd9.png,2,d32f03d9cd8f6ddcef59d9f6e18b57b7bc17bc00e12b932a0fc6546ec1d7a148,1834773,2416,1736,PASS
436e7a7af761,APTOS_TRAIN,model/datasets/train_manifest.csv,data/aptos2019/train_images/436e7a7af761.png,0,19600d33d7ec64d9717f35dc57785b368db2a5b2f690d20b0c25ea61d4211665,1902958,2048,1536,PASS
e9faf0296643,APTOS_TRAIN,model/datasets/train_manifest.csv,data/aptos2019/train_images/e9faf0296643.png,0,dfff2ca4a9cedf098489b7a9472272a3bb9db8e47fe3dde9f2133032401518ec,5877048,2588,1958,PASS
fefded6bf135,APTOS_TRAIN,model/datasets/train_manifest.csv,data/aptos2019/train_images/fefded6bf135.png,0,fe32310a7efcf12d3a41da8f5e49d0ecc76a5a5a59a5abfdf51c7e51bdcb807a,5164299,2588,1958,PASS
b549af91bd30,APTOS_TRAIN,model/datasets/train_manifest.csv,data/aptos2019/train_images/b549af91bd30.png,0,2b061ce2286a6decbf55a8c7e1501bfa854caca92f5acef0a534941951d1e034,1005991,1050,1050,PASS
cd1c98ec48b1,APTOS_TRAIN,model/datasets/train_manifest.csv,data/aptos2019/train_images/cd1c98ec48b1.png,0,6861106cb40f5976f099d2c3de6d2e9637211bc0993dbcada799a62ffe35fe96,905201,1050,1050,PASS
1ee355480567,APTOS_TRAIN,model/datasets/train_manifest.csv,data/aptos2019/train_images/1ee355480567.png,0,6a536c40d264900c18f8eed4f402a122720727395e6aab0d2aad5076f45c8b6c,1713533,2048,1536,PASS
4d17559ac1e2,APTOS_TRAIN,model/datasets/train_manifest.csv,data/aptos2019/train_images/4d17559ac1e2.png,0,2d3721bbccbbabafdf602c835275209f5882d1561e46cb666c82e65c7cd42a2e,5498377,2588,1958,PASS
70d657f8f503,APTOS_TRAIN,model/datasets/train_manifest.csv,data/aptos2019/train_images/70d657f8f503.png,4,315fd73c7142462c21d2bda4f3fbc89caecfcfd5790158d49be268273f4c2b6b,889173,1050,1050,PASS
197af0de76e2,APTOS_TRAIN,model/datasets/train_manifest.csv,data/aptos2019/train_images/197af0de76e2.png,0,46eb26cb106650409cbb2da640609e49ebc9184900bcc2301ba7d292ab3c80f3,1039677,1050,1050,PASS
e2a47a74e6e1,APTOS_TRAIN,model/datasets/train_manifest.csv,data/aptos2019/train_images/e2a47a74e6e1.png,2,71618e238d8a4c7bc89255310f05e6aacb119a103ae1944e9a97246b753ac705,2530661,2416,1736,PASS
3fd45879afe6,APTOS_TRAIN,model/datasets/train_manifest.csv,data/aptos2019/train_images/3fd45879afe6.png,0,fea234fb7bbe48ed8339d7f73f66ae0ffa6f1cc3eb41472418480c13014e752c,883702,1050,1050,PASS
7ed4128b2a4e,APTOS_TRAIN,model/datasets/train_manifest.csv,data/aptos2019/train_images/7ed4128b2a4e.png,0,22b98b7e1310251a780f7026afcc7d5b6fda3627ae9e1f518634ab7d70805fff,1065852,1050,1050,PASS
ef4121e9bb67,APTOS_TRAIN,model/datasets/train_manifest.csv,data/aptos2019/train_images/ef4121e9bb67.png,0,a59e964167071d23cdb8595111b19f6ade4460116069970c309006cb33b77f8f,1008091,1050,1050,PASS
691eeb59b4cb,APTOS_TRAIN,model/datasets/train_manifest.csv,data/aptos2019/train_images/691eeb59b4cb.png,0,3354ad23de957bd6d8b5b862f96964906dbda42893737800e8f605aac17edbb8,978123,1050,1050,PASS
674057ab250c,APTOS_TRAIN,model/datasets/train_manifest.csv,data/aptos2019/train_images/674057ab250c.png,2,8e7e25eb78c87667d0a959c4a69fd4db3e5be3ce07c5fcad26b0d77a97747143,5309175,2588,1958,PASS
38e111cac46f,APTOS_TRAIN,model/datasets/train_manifest.csv,data/aptos2019/train_images/38e111cac46f.png,2,d757e009a05836114b58d9b5cba264a0b4ce7ec31663aa0c9fbc0a61c14459bb,3879811,3388,2588,PASS
a44345b27804,APTOS_TRAIN,model/datasets/train_manifest.csv,data/aptos2019/train_images/a44345b27804.png,0,a1e4ededc21ec9df64f8f7a942422e71e092cef097215c0264d88452f3d77b25,919283,1050,1050,PASS
7e5a76c4e103,APTOS_TRAIN,model/datasets/train_manifest.csv,data/aptos2019/train_images/7e5a76c4e103.png,0,c24ce8660b94529082b0f388769086b7db76b8154350e3e495a878c2150d4efb,1823914,2048,1536,PASS
26d60db3bbfd,APTOS_TRAIN,model/datasets/train_manifest.csv,data/aptos2019/train_images/26d60db3bbfd.png,0,f7cee90248dbd501df82b2bc84991c552c616b15c79ac41dbac5c46750b69772,365190,819,614,PASS
b8fb9f55cd6d,APTOS_TRAIN,model/datasets/train_manifest.csv,data/aptos2019/train_images/b8fb9f55cd6d.png,2,c89c114f83b51456f7ab232095414b45501e17ccc1ad95b176601ed015180370,2518833,3216,2136,PASS
07122e268a1d,APTOS_TRAIN,model/datasets/train_manifest.csv,data/aptos2019/train_images/07122e268a1d.png,4,7869885c55d43f649f618db971d24128ee995a1e6de9b1a10bd5fa658da7deb6,936339,1844,1226,PASS
1cb814ed6332,APTOS_TRAIN,model/datasets/train_manifest.csv,data/aptos2019/train_images/1cb814ed6332.png,2,55ca6183ddcd10d18253a364c23605dfd89741734d1ac6abaaf9633d1b109f87,1306382,1504,1000,PASS
4a589edaea60,APTOS_TRAIN,model/datasets/train_manifest.csv,data/aptos2019/train_images/4a589edaea60.png,0,ff1b3227b165114f7496f2ba4fabee6d4a0cbb51dd51c87d49bbaf6ad3e57156,894503,1050,1050,PASS
ab1c20a94f3f,APTOS_TRAIN,model/datasets/train_manifest.csv,data/aptos2019/train_images/ab1c20a94f3f.png,4,11be676d717b884c8242f9e933b777ccaeabe6f36aa2efca470eb7c7b9e3188c,949236,1050,1050,PASS
3cdef7c591cc,APTOS_TRAIN,model/datasets/train_manifest.csv,data/aptos2019/train_images/3cdef7c591cc.png,0,45b76170ac728c753e96465b9a4fb87b18f1f380dd813eced334b6040f5513af,284758,819,614,PASS
b92eacd1392a,APTOS_TRAIN,model/datasets/train_manifest.csv,data/aptos2019/train_images/b92eacd1392a.png,0,273b2725df115f1c75c6866b31061a8c7931c6356de5d8572cbce28b63669b63,914004,1050,1050,PASS
8ed586c43023,APTOS_TRAIN,model/datasets/train_manifest.csv,data/aptos2019/train_images/8ed586c43023.png,0,dd571f73d5b1b82a50c6b4aaecf7b438bbbc4f2c79f8b962f806c280a27f75c3,1006683,1050,1050,PASS
aba3063c5413,APTOS_TRAIN,model/datasets/train_manifest.csv,data/aptos2019/train_images/aba3063c5413.png,3,4da6c59f432df69d1a0411012e9f732a5f4d4bd1d59fe0b61c95053d4c1b6d8b,2070006,2416,1736,PASS
587146a55885,APTOS_TRAIN,model/datasets/train_manifest.csv,data/aptos2019/train_images/587146a55885.png,1,c25023b50a79c360e605a9f57bc429a95a2f777150cf3e7eff33e01cd099bbeb,1858757,2416,1736,PASS
bc73ce76ec43,APTOS_TRAIN,model/datasets/train_manifest.csv,data/aptos2019/train_images/bc73ce76ec43.png,1,bc97613ffb5e1cf96d1815de245b4343b443596475ff9e80706d91ae99e40feb,1005239,1050,1050,PASS
a62e995f167c,APTOS_TRAIN,model/datasets/train_manifest.csv,data/aptos2019/train_images/a62e995f167c.png,0,f1ff5499629c8faaf60a34322bc3433f26b4a08054d0c4ffc36bfa66ac1559a6,1674244,2048,1536,PASS
ad20080452de,APTOS_TRAIN,model/datasets/train_manifest.csv,data/aptos2019/train_images/ad20080452de.png,0,9f0c224637e991de8ba0f099c826949ae17b2a938ca64e4538ef5edac14e79b5,891007,1050,1050,PASS
8846b09384a4,APTOS_TRAIN,model/datasets/train_manifest.csv,data/aptos2019/train_images/8846b09384a4.png,0,81606a9cb1f8433ff6e2a61c6d8426a287be40cd7435f88988802fa083c3bc78,5248745,2588,1958,PASS
aec51513cf45,APTOS_TRAIN,model/datasets/train_manifest.csv,data/aptos2019/train_images/aec51513cf45.png,0,09781e6c20ef1e08489399e4887a4b58725b796ea54082a3afdcdd4993749d0f,306124,819,614,PASS
dce73d90c00c,APTOS_TRAIN,model/datasets/train_manifest.csv,data/aptos2019/train_images/dce73d90c00c.png,0,6cd11c7919b992eedeba601b694db0c601044672b4bacddc7b0a0ae5fa20461e,1041103,1050,1050,PASS
5ed6dc419e4d,APTOS_TRAIN,model/datasets/train_manifest.csv,data/aptos2019/train_images/5ed6dc419e4d.png,2,3419c8ca7bc63ce49e76444ecfdad5d17e7effd819744844641c12184f4b468f,2177361,2416,1736,PASS
10de500cf0c5,APTOS_TRAIN,model/datasets/train_manifest.csv,data/aptos2019/train_images/10de500cf0c5.png,0,a131bd41d5f2038861048412e652f19cb993283ab0e8fd23ac23c9a4a88c6c68,1876638,2048,1536,PASS
a86c6283fd78,APTOS_TRAIN,model/datasets/train_manifest.csv,data/aptos2019/train_images/a86c6283fd78.png,2,fd4f8bfd3ae8ecdba395b1bafba5500b8af2a434b9a8d220e77b923d9afda67d,1769424,2416,1736,PASS
cbd0870aa933,APTOS_TRAIN,model/datasets/train_manifest.csv,data/aptos2019/train_images/cbd0870aa933.png,4,7fe9240b13071c46ae0cb10ec5018f88ec8834efda39c80acdd72ae51f0d95b3,2203849,2416,1736,PASS
991a0b7a8c87,APTOS_TRAIN,model/datasets/train_manifest.csv,data/aptos2019/train_images/991a0b7a8c87.png,0,b5d6cf752d8bd8aaed921b61fb201fc8b529a72a568129567343f5e8cace21a6,311007,819,614,PASS
e0d229db881a,APTOS_TRAIN,model/datasets/train_manifest.csv,data/aptos2019/train_images/e0d229db881a.png,0,29d957e8fccfee7d7d565bca731c7e18ba83ded84dd3208fd8d321eb5ece5537,955987,1050,1050,PASS
240b25a7debe,APTOS_TRAIN,model/datasets/train_manifest.csv,data/aptos2019/train_images/240b25a7debe.png,0,74eb54de4cecdeb3cf321659fd48e13e9180af3cd795f763153a20fde195cb45,354187,819,614,PASS
7b20210d9120,APTOS_TRAIN,model/datasets/train_manifest.csv,data/aptos2019/train_images/7b20210d9120.png,1,7a60032342d8926bbc0a60a0f30f799e96556dbd0b0e7a5a4ba0cd3ee5154418,1680068,2416,1736,PASS
d271d3a2b552,APTOS_TRAIN,model/datasets/train_manifest.csv,data/aptos2019/train_images/d271d3a2b552.png,4,4c5809af94e5344224090d83a8913be1c3bf33224b70d16da186e7cf84f72e1b,2389257,2416,1736,PASS
0519b934f6b1,APTOS_TRAIN,model/datasets/train_manifest.csv,data/aptos2019/train_images/0519b934f6b1.png,2,9b90e840ce59a134eb68b49370151f66e931d2b290ddfc1b0e2506985ea02f7a,5555745,2588,1958,PASS
f71bea807c96,APTOS_TRAIN,model/datasets/train_manifest.csv,data/aptos2019/train_images/f71bea807c96.png,0,5ac50fec59e82e98b268628ae167b36f72fa7b7956152bb7be50ce338efd7248,1045429,1050,1050,PASS
a4ee03ecff60,APTOS_TRAIN,model/datasets/train_manifest.csv,data/aptos2019/train_images/a4ee03ecff60.png,0,51960f4bb47b31a9f86af4dfe874af6c30b4c10a378f599f14a28b82d6986226,981836,1050,1050,PASS
310c27067ac0,APTOS_TRAIN,model/datasets/train_manifest.csv,data/aptos2019/train_images/310c27067ac0.png,2,e1694459750a8757828b8d59a936f4b614340bfd859cb4a49dc7dbf7562a8445,919231,1050,1050,PASS
e1dc02a3dc2a,APTOS_TRAIN,model/datasets/train_manifest.csv,data/aptos2019/train_images/e1dc02a3dc2a.png,0,d1b2e7d75bd9ee8bd02c797aed0af1e1024734400be9edee7df7d4d21b984ffb,1018687,1050,1050,PASS
10a5026eb8e6,APTOS_TRAIN,model/datasets/train_manifest.csv,data/aptos2019/train_images/10a5026eb8e6.png,0,0939893fb07021fdf6644491970d417d360bb1979d934992aa50a77672316260,5175120,2588,1958,PASS
523b3f0fc646,APTOS_TRAIN,model/datasets/train_manifest.csv,data/aptos2019/train_images/523b3f0fc646.png,1,fcd9daee6222f532f9da43fa162d20dacc2d4cc8d11307914d73a08a96c3e607,5145410,2588,1958,PASS
c7b622ec8104,APTOS_TRAIN,model/datasets/train_manifest.csv,data/aptos2019/train_images/c7b622ec8104.png,1,f31c38b3162bffc0e4699473a7229284c804a099bd25eeb39a5b774b852e6042,1976728,2416,1736,PASS
3f49f8d100e9,APTOS_TRAIN,model/datasets/train_manifest.csv,data/aptos2019/train_images/3f49f8d100e9.png,3,e570245c4a73b596ec9e5a5bcece178c2ec252b1d617a800d788ea20b23e81d8,5281223,2588,1958,PASS
1a19f2ef4472,APTOS_TRAIN,model/datasets/train_manifest.csv,data/aptos2019/train_images/1a19f2ef4472.png,0,8198f3bde32745f9443cb6b25fb33df73be6764a9bdab8952ab6a0aa0c6d891e,5444271,2588,1958,PASS
5712e2aa73a2,APTOS_TRAIN,model/datasets/train_manifest.csv,data/aptos2019/train_images/5712e2aa73a2.png,1,cbe0cc3a920265393e1bffa92d5248f49d0e9a056e19dad0706ecddbcbd37958,2091392,2416,1736,PASS
4704dbb59536,APTOS_TRAIN,model/datasets/train_manifest.csv,data/aptos2019/train_images/4704dbb59536.png,0,33b1147b9915ea42ff68a60b8ddbc8ff2eb6bd0a9652506d76d897bc3e8d40c9,1926688,2048,1536,PASS
d990a3f0cbdb,APTOS_TRAIN,model/datasets/train_manifest.csv,data/aptos2019/train_images/d990a3f0cbdb.png,2,0ff07d08738a9b0ed8277ccc7f8e64c69ffcf3553e679e839ace2d515195c826,2325262,2416,1736,PASS
14515b8f19b6,APTOS_TRAIN,model/datasets/train_manifest.csv,data/aptos2019/train_images/14515b8f19b6.png,2,2ef9c95e1de2a1360aa6fe327ec743f608a8547cc99b64f061b353b72a26c49b,5647715,3216,2136,PASS
3ca12e02dd4e,APTOS_TRAIN,model/datasets/train_manifest.csv,data/aptos2019/train_images/3ca12e02dd4e.png,0,a165b3268e172f60eac255dacdf1d620779c03263a2879cde9b74db1c955c636,1059740,1050,1050,PASS
269f0792f11f,APTOS_TRAIN,model/datasets/train_manifest.csv,data/aptos2019/train_images/269f0792f11f.png,2,173d413e8f83b089a48582db44d267f4f66c3ab161f2030427e62017f39a536d,3187959,2588,1958,PASS
e79e10907295,APTOS_TRAIN,model/datasets/train_manifest.csv,data/aptos2019/train_images/e79e10907295.png,0,73bb1bfa1c7cc87c5002b329e5b10d989ce835bac591990c9e2c0c1af1d13639,785290,1050,1050,PASS
ef81cd8854cb,APTOS_TRAIN,model/datasets/train_manifest.csv,data/aptos2019/train_images/ef81cd8854cb.png,0,45e5c2dd5f8e86563c7fab0d5e4a9ef6dcff92834d8bfff2cd232ffbdc49c515,1036525,1050,1050,PASS
a15590a7d774,APTOS_TRAIN,model/datasets/train_manifest.csv,data/aptos2019/train_images/a15590a7d774.png,2,03135ee09ffa17f472594750289fd780855467492833f77d77fee61894aac993,7377108,3388,2588,PASS
eebd1e195952,APTOS_TRAIN,model/datasets/train_manifest.csv,data/aptos2019/train_images/eebd1e195952.png,0,a2e4b854bff9a269769b0ea65a48c28efc5ac6f77d9356f72f622fb84b6e37fd,327903,819,614,PASS
a188c60b93fb,APTOS_TRAIN,model/datasets/train_manifest.csv,data/aptos2019/train_images/a188c60b93fb.png,0,9ac98c2c15b97aa9ed52c4cbbca06f5b6a3485fd5f0b73645e4ee6b39dc131ca,5937607,2588,1958,PASS
5b76117c4bcb,APTOS_TRAIN,model/datasets/train_manifest.csv,data/aptos2019/train_images/5b76117c4bcb.png,4,6387dfc4a82d006dd1d2914319be2227b457b8fd456b0f36bb4519afd99b18b9,2250069,2416,1736,PASS
d2901144070c,APTOS_TRAIN,model/datasets/train_manifest.csv,data/aptos2019/train_images/d2901144070c.png,4,955212537df9561f0275636d07ab08225494b537c727eb3c87f938a6b7d29e0f,2216781,2416,1736,PASS
2cef97083e6f,APTOS_TRAIN,model/datasets/train_manifest.csv,data/aptos2019/train_images/2cef97083e6f.png,2,2003101806c5e9c1bbd72426682cd6cc25b2d6db5ea1a97b856d3186ea0f8bd0,2262527,3216,2136,PASS
99ecdb41d5e7,APTOS_TRAIN,model/datasets/train_manifest.csv,data/aptos2019/train_images/99ecdb41d5e7.png,1,c3e7e8b51a4b4a0fc3dea17e933838b2496174584a964b179056e24034076d54,7159262,3388,2588,PASS
59928f999ae7,APTOS_TRAIN,model/datasets/train_manifest.csv,data/aptos2019/train_images/59928f999ae7.png,0,000a7f1d3366c486adac781ba14129f398c485989a8da3ba735167c50674d7c2,1929841,2048,1536,PASS
6181aa9f75f4,APTOS_TRAIN,model/datasets/train_manifest.csv,data/aptos2019/train_images/6181aa9f75f4.png,3,f5ff3ab150e17d510e9af90557add393ccee07d73778a7503aebf5a2972eb86b,3782645,2588,1958,PASS
261c6bd63bff,APTOS_TRAIN,model/datasets/train_manifest.csv,data/aptos2019/train_images/261c6bd63bff.png,2,bc2a2b3f4999441b6343544447158091c2b18e6973d1c1ea00bee0535f959bf3,3940473,3388,2588,PASS
ecad6845f630,APTOS_TRAIN,model/datasets/train_manifest.csv,data/aptos2019/train_images/ecad6845f630.png,0,f3174689599c69d8e3bcc10e678a93ae9e6fc45a5f685b3e59d31e7363348244,3761642,2588,1958,PASS
82deb07a6618,APTOS_TRAIN,model/datasets/train_manifest.csv,data/aptos2019/train_images/82deb07a6618.png,2,8cd94f5271bfec43868b86afe5f1e63598cb1af61c1ac42dd98afa5b372f1b19,2778174,3216,2136,PASS
b9519abce0c1,APTOS_TRAIN,model/datasets/train_manifest.csv,data/aptos2019/train_images/b9519abce0c1.png,0,5133c75e50c33e08155d0b39207ef26aa9eb3e1728aa2f6a94427c233536675e,284146,819,614,PASS
eb1ad14dd281,APTOS_TRAIN,model/datasets/train_manifest.csv,data/aptos2019/train_images/eb1ad14dd281.png,2,658c14361a9de32ea559cd30f04dcb36230797c5f944888aedbac7e0527724c0,7023678,3388,2588,PASS
39b5b05d6cd9,APTOS_TRAIN,model/datasets/train_manifest.csv,data/aptos2019/train_images/39b5b05d6cd9.png,2,5e032ccc60b0970cdd9ba8b9e387c9fb35a86df9ccf362e2a37c7bc1dec7380d,3225226,2588,1958,PASS
ff77e8e5b5f3,APTOS_TRAIN,model/datasets/train_manifest.csv,data/aptos2019/train_images/ff77e8e5b5f3.png,2,b77b62bb47c9269aaf1df39a7800f89ce132074671e0de57b497c9ce04f3fc4d,2018641,2416,1736,PASS
8cb6b5b2f19c,APTOS_TRAIN,model/datasets/train_manifest.csv,data/aptos2019/train_images/8cb6b5b2f19c.png,2,4cd882117562bc0ce649c0d17d2b67d1c8ef0a219b4623ae0b02757d5787887f,3477807,3216,2136,PASS
e62490b7d0e9,APTOS_TRAIN,model/datasets/train_manifest.csv,data/aptos2019/train_images/e62490b7d0e9.png,4,1c3b5600162f9733797444f072a7ab2171ddba2938f839cee399333a76ed4fdf,2973004,3216,2136,PASS
44a4d04162cc,APTOS_TRAIN,model/datasets/train_manifest.csv,data/aptos2019/train_images/44a4d04162cc.png,0,38e9cf6c5311277c89c7e86913810d10778d8695d9ef8ff775acd487e4544e59,1099368,1050,1050,PASS
35cd9832fc0a,APTOS_TRAIN,model/datasets/train_manifest.csv,data/aptos2019/train_images/35cd9832fc0a.png,0,2de9258273cf3340cf604be2cf4b891f6d6ec43254404f4140fbd38a2c4722c8,1037134,1050,1050,PASS
15b21c80cc31,APTOS_TRAIN,model/datasets/train_manifest.csv,data/aptos2019/train_images/15b21c80cc31.png,0,1d26963d6ad1d4d14b450cbf374f537f384c709f87f8344b2721e4942b584576,964058,1050,1050,PASS
259d30f693b6,APTOS_TRAIN,model/datasets/train_manifest.csv,data/aptos2019/train_images/259d30f693b6.png,1,27e1c1c7570a11b2940c57d2b79374c93e629c5a0ce04d9b53f9e2f7a9563c50,987632,1050,1050,PASS
d1fb4efb117c,APTOS_TRAIN,model/datasets/train_manifest.csv,data/aptos2019/train_images/d1fb4efb117c.png,2,6f67fc069d75ae9afd4242ef8fc6618976550abc5bd18e9650f6860aa0298fa1,2275907,2416,1736,PASS
1c5ad36fb799,APTOS_TRAIN,model/datasets/train_manifest.csv,data/aptos2019/train_images/1c5ad36fb799.png,2,da28866a8286b4378e44c39e5f4dc7b4569f4119022eff7b9593293d6d693d7d,2428567,3216,2136,PASS
6966abf40b8c,APTOS_TRAIN,model/datasets/train_manifest.csv,data/aptos2019/train_images/6966abf40b8c.png,0,989f1b554410c5a2ad77bf6e33b22b2ea4ded1495c0910ac488b8c17cdd96691,1043540,1050,1050,PASS
eabc7c716255,APTOS_TRAIN,model/datasets/train_manifest.csv,data/aptos2019/train_images/eabc7c716255.png,0,a6aceb4343584495716d00ead5dbf778bffbe89ae998ae30b43a044e433046d2,327916,819,614,PASS
beb2ad14fd2d,APTOS_TRAIN,model/datasets/train_manifest.csv,data/aptos2019/train_images/beb2ad14fd2d.png,0,d3d1e1f9178e91c272bfaa36a81c07f2e2f89944eb53e2368ebe3c230a06ff7c,5031254,2588,1958,PASS
12bc439d373a,APTOS_TRAIN,model/datasets/train_manifest.csv,data/aptos2019/train_images/12bc439d373a.png,0,93405feb1ef68d117d03e67bf39cd38d2b054bdd3341a4d395cca443ddcaa51c,1017663,1050,1050,PASS
d51b3fe0fa1b,APTOS_TRAIN,model/datasets/train_manifest.csv,data/aptos2019/train_images/d51b3fe0fa1b.png,4,3829474155ff566cfafe3f3cdb7cb37ec194a8cb6816331d4317e223789de012,1356058,1504,1000,PASS
4e0656629d02,APTOS_TRAIN,model/datasets/train_manifest.csv,data/aptos2019/train_images/4e0656629d02.png,1,3c837a0e89b7d63539b175fd5d76d345bbbb0d0ef6bd5cac1d897e32ef0cabd9,5417156,2588,1958,PASS
b835b6e31a59,APTOS_TRAIN,model/datasets/train_manifest.csv,data/aptos2019/train_images/b835b6e31a59.png,0,025065915cbf1d56771d3ae937f77f6f38ee80502897258560fe0daf69e1c2e2,1000757,1050,1050,PASS
b6bf847fbcb2,APTOS_TRAIN,model/datasets/train_manifest.csv,data/aptos2019/train_images/b6bf847fbcb2.png,0,0f5da31536e42ef1428c9c7a009f68b09471e1f4a1d1266ca2f6038893e088c0,865988,1050,1050,PASS
d5c63a8d9e94,APTOS_TRAIN,model/datasets/train_manifest.csv,data/aptos2019/train_images/d5c63a8d9e94.png,0,d65d5ab3c46fe1e03bffd501435d1df85682895bb0250b5d45592d96c906f6d9,975337,1050,1050,PASS
92587e494d51,APTOS_TRAIN,model/datasets/train_manifest.csv,data/aptos2019/train_images/92587e494d51.png,0,2a780dc48adeb72ea9bbfc1bd96f7b02e7e63debe48b746564234f37176104b2,1903800,2048,1536,PASS
e2161692a0b4,APTOS_TRAIN,model/datasets/train_manifest.csv,data/aptos2019/train_images/e2161692a0b4.png,2,b884d1e8a6d31dd5b9b1df9d8a2590a613f3b96a7a9897248cbb093ac17ce087,5020089,2588,1958,PASS
f002ce614c59,APTOS_TRAIN,model/datasets/train_manifest.csv,data/aptos2019/train_images/f002ce614c59.png,0,a102886401c37fec15fe9e1b8e86fc02e949b68dd5b4c6422fdaa7a2fb3fc3b5,5465684,2588,1958,PASS
973b0facfa9b,APTOS_TRAIN,model/datasets/train_manifest.csv,data/aptos2019/train_images/973b0facfa9b.png,0,0be6007f22dc677766875277e2b92ac937fcc4c707f86be85966ddabd688614c,1071952,1050,1050,PASS
4478b870e549,APTOS_TRAIN,model/datasets/train_manifest.csv,data/aptos2019/train_images/4478b870e549.png,2,afece8afa5bd13295ad2e743cf80ceb7d5e20a71b4ebdec18597e292c08fe4cd,1979267,2416,1736,PASS
b7bd4a6627b6,APTOS_TRAIN,model/datasets/train_manifest.csv,data/aptos2019/train_images/b7bd4a6627b6.png,0,19e7327d062f23cbf6c3668586cf99e13329d03a865e69ec913145574b1484c8,1026054,1050,1050,PASS
91e82fe4e434,APTOS_TRAIN,model/datasets/train_manifest.csv,data/aptos2019/train_images/91e82fe4e434.png,0,b6a9d0ee0df163b0819d9a83fdfc49fecca1e5e90b42de906435a83277bc7eb9,927085,1050,1050,PASS
5e505e25cd3e,APTOS_TRAIN,model/datasets/train_manifest.csv,data/aptos2019/train_images/5e505e25cd3e.png,0,2b906feee0a948e242b5104c88b50db7f10219a7b6041250aa1afb7f6f263a33,1911758,2048,1536,PASS
c62cef02efa2,APTOS_TRAIN,model/datasets/train_manifest.csv,data/aptos2019/train_images/c62cef02efa2.png,0,e7d186f4b0e231c159c88f19dfea92b13813c1cf39ee60ab5dda4a54f3a634ea,1056995,1050,1050,PASS
99132193eaa0,APTOS_TRAIN,model/datasets/train_manifest.csv,data/aptos2019/train_images/99132193eaa0.png,1,896edd266b80a303ad8371736b0f8d00527d1cc407e974429b5aa1827fdc17b9,2216091,2416,1736,PASS
711d1480d2e3,APTOS_TRAIN,model/datasets/train_manifest.csv,data/aptos2019/train_images/711d1480d2e3.png,2,c50938bd360e0e8837b8fd0e3aea1b9eb359d11626134ff2479212625c2b2b13,2427867,2416,1736,PASS
2a3378bcfbcc,APTOS_TRAIN,model/datasets/train_manifest.csv,data/aptos2019/train_images/2a3378bcfbcc.png,2,1f2c67990f5b0eacffab5ea30dada97c0cfd312a54cd6363fd93e801bd9c0551,1827502,2416,1736,PASS
a82a12ad3fb1,APTOS_TRAIN,model/datasets/train_manifest.csv,data/aptos2019/train_images/a82a12ad3fb1.png,0,a6f28b842a3fe87f3249722c9cf83628795db2bc1f6d57eec065da76d0705a62,312651,819,614,PASS
946545473380,APTOS_TRAIN,model/datasets/train_manifest.csv,data/aptos2019/train_images/946545473380.png,0,e6ef5228e203e9746468aa4c50c03245c5daffbde3e1967880a1cb9f3387d0d9,996741,1050,1050,PASS
4aa07d720638,APTOS_TRAIN,model/datasets/train_manifest.csv,data/aptos2019/train_images/4aa07d720638.png,1,9b38bcd6ae7b0537ede8b30aa41f5281ea7ba3b5509a8fb4c766942a9caf8cb3,2044714,2416,1736,PASS
6cffc6c6851a,APTOS_TRAIN,model/datasets/train_manifest.csv,data/aptos2019/train_images/6cffc6c6851a.png,0,31464c4396553eb334a61e79ef8ed0f45985047f988b74eba5315fde95900e0b,284488,819,614,PASS
5d3c8c1f57da,APTOS_TRAIN,model/datasets/train_manifest.csv,data/aptos2019/train_images/5d3c8c1f57da.png,0,e063ff7b297f5bd7f6c3f133ac258b370a9be8e0d8d63c4def868d2c681185fc,305903,819,614,PASS
de6210f88536,APTOS_TRAIN,model/datasets/train_manifest.csv,data/aptos2019/train_images/de6210f88536.png,0,61d46d10554fb6dd5099a00b063b16a79d128abcf8dc8baff132f81fecdb1333,963606,1050,1050,PASS
8be6629a6039,APTOS_TRAIN,model/datasets/train_manifest.csv,data/aptos2019/train_images/8be6629a6039.png,0,40167d6cb121fe6b01e310af3d85c92d0c235f1150276dccf8932cdaf6c9044d,3780719,2588,1958,PASS
2927665214e1,APTOS_TRAIN,model/datasets/train_manifest.csv,data/aptos2019/train_images/2927665214e1.png,0,cc2a34bd26e6f6bdc86921c12e56f305582cfe7cf122e2af8b28d10c69027f96,914711,1050,1050,PASS
2017cd92c63d,APTOS_TRAIN,model/datasets/train_manifest.csv,data/aptos2019/train_images/2017cd92c63d.png,4,08875fb8213720e57a2b60d48039c7b4db0a9184c7eadd3d65edebd810f835d7,2136285,2416,1736,PASS
31616ff6b53b,APTOS_TRAIN,model/datasets/train_manifest.csv,data/aptos2019/train_images/31616ff6b53b.png,3,005ec00fe1d1b22b92c341d55da0c066e50a882722f8c4db8bdeed1cbe423d7b,1991145,2416,1736,PASS
48543037d0b3,APTOS_TRAIN,model/datasets/train_manifest.csv,data/aptos2019/train_images/48543037d0b3.png,2,83ecf3adb72570d0a4bb586faab69a0c269e15dc109848acac611f39cf9d7c25,2419202,2416,1736,PASS
d881c04f01fe,APTOS_TRAIN,model/datasets/train_manifest.csv,data/aptos2019/train_images/d881c04f01fe.png,0,69a5f865c378f9476a17a0c9c7eb99aa0c5533f0415c7297994f54b4342d1a7f,1036009,1050,1050,PASS
ed6704e3b72e,APTOS_TRAIN,model/datasets/train_manifest.csv,data/aptos2019/train_images/ed6704e3b72e.png,3,8212d3c77f5a5ff55e076b7a3644c7e3705eecd1886bed62f5984da287920558,2446302,2416,1736,PASS
930fee99213a,APTOS_TRAIN,model/datasets/train_manifest.csv,data/aptos2019/train_images/930fee99213a.png,0,b890532fd8c844748da14811dd88ddd0912c1250130c3418666d1d9ed90926b5,1057581,1050,1050,PASS
4818672273af,APTOS_TRAIN,model/datasets/train_manifest.csv,data/aptos2019/train_images/4818672273af.png,2,14a1897b3ab0f6219eaf405f289846441f55a77fec906af97ff958595d3979a5,7183862,3388,2588,PASS
7a6e384a0846,APTOS_TRAIN,model/datasets/train_manifest.csv,data/aptos2019/train_images/7a6e384a0846.png,3,8446ebf0d0fb7567469ff585de4b1bf8aeb8ddf8cc2e128dd9a2fdba11df595a,5144546,2588,1958,PASS
fd0a70082e7c,APTOS_TRAIN,model/datasets/train_manifest.csv,data/aptos2019/train_images/fd0a70082e7c.png,0,99fb1add81c9ad60c3925a02799e5266396509494bda30d0a2b8f74db8166847,1098252,1050,1050,PASS
0ca0aee4d57e,APTOS_TRAIN,model/datasets/train_manifest.csv,data/aptos2019/train_images/0ca0aee4d57e.png,2,b08a3975c9f4f15c6443be9cb0cc732240ea610e0830cd375c10e390cdc55f7c,4465188,4288,2848,PASS
878e356c8fc9,APTOS_TRAIN,model/datasets/train_manifest.csv,data/aptos2019/train_images/878e356c8fc9.png,0,88fdd853a465ff9c59ce8155e367bb7d94cdca1b8c96b1dd3e98ee23c414a3a9,1063313,1050,1050,PASS
b7983cb3f270,APTOS_TRAIN,model/datasets/train_manifest.csv,data/aptos2019/train_images/b7983cb3f270.png,0,e2d47471ebb458b4ba1a362bd8c82361cd53114e383e021c4d418b94def2d312,1000138,1050,1050,PASS
27e4c800a449,APTOS_TRAIN,model/datasets/train_manifest.csv,data/aptos2019/train_images/27e4c800a449.png,1,d8b170ff17e4dd50ea3dbaf5506e163b2b278b7f76fd7340c6c0939029621a42,2433798,2416,1736,PASS
840a06a9c690,APTOS_TRAIN,model/datasets/train_manifest.csv,data/aptos2019/train_images/840a06a9c690.png,0,896de05a19f422f08e8c3f86de13fad5fa859d27395c969b7d35d16c96f03adb,1011928,1050,1050,PASS
53c874dbc594,APTOS_TRAIN,model/datasets/train_manifest.csv,data/aptos2019/train_images/53c874dbc594.png,0,ab86b2a505546de40d62e9583feadf82f96700aadd4f1e264380664b8af97405,1845106,2048,1536,PASS
fb767cea406c,APTOS_TRAIN,model/datasets/train_manifest.csv,data/aptos2019/train_images/fb767cea406c.png,0,f884c21821fab6d2fddb3a87bf2734eb64dcbf8c5a3d65ed66d96f032a88b416,303044,819,614,PASS
b200c23b299b,APTOS_TRAIN,model/datasets/train_manifest.csv,data/aptos2019/train_images/b200c23b299b.png,0,fc6af9868251694b00182872b1580c2b19b280868c5f4d7c23769a3e43bd398e,1069215,1050,1050,PASS
00cb6555d108,APTOS_TRAIN,model/datasets/train_manifest.csv,data/aptos2019/train_images/00cb6555d108.png,1,9c65ab7f50a548906ead65e9fd41f497c6cebd61f557255b1627c16df49f79a5,2021665,2416,1736,PASS
1df0431bfa73,APTOS_TRAIN,model/datasets/train_manifest.csv,data/aptos2019/train_images/1df0431bfa73.png,0,dc206ca0ac80ddfa3ef8f602983b8200064460a7e628899ede376ff797a3c1aa,1931442,2048,1536,PASS
d6b109c82067,APTOS_TRAIN,model/datasets/train_manifest.csv,data/aptos2019/train_images/d6b109c82067.png,0,ea5d5c4c760729be2f9a5888ee0301a134f3e38ed605682a378d569e6ebb6a53,999612,1050,1050,PASS
697538183db5,APTOS_TRAIN,model/datasets/train_manifest.csv,data/aptos2019/train_images/697538183db5.png,3,73c40ac4454b5bec86050cdc41fa12b459eefd1604b1d51af91ae6d62d837d92,2310117,2896,1944,PASS
44e951e45dca,APTOS_TRAIN,model/datasets/train_manifest.csv,data/aptos2019/train_images/44e951e45dca.png,2,87bb9bdfcd09ca8e8c4c01d3a24d59af3420eff5118b463cdcff416a7d1801ba,1902454,2416,1736,PASS
cb602182cde3,APTOS_TRAIN,model/datasets/train_manifest.csv,data/aptos2019/train_images/cb602182cde3.png,2,ac28603e1d31d1848d38cf215b3e1b57710514776b24ca3954efa6828590a267,340907,640,480,PASS
916ec976ff30,APTOS_TRAIN,model/datasets/train_manifest.csv,data/aptos2019/train_images/916ec976ff30.png,3,36ca0260973cdf94188172e9ad7d074b47ba7b301189d3f77d73958a8f12c7ed,2445256,2416,1736,PASS
12025b34deb8,APTOS_TRAIN,model/datasets/train_manifest.csv,data/aptos2019/train_images/12025b34deb8.png,2,2bf761adb1b7fa6e36a1d86f6ea7ee96af7c9ebbbcdd3da50243ccad30cd60c3,5228406,2588,1958,PASS
0c55d58bebaf,APTOS_TRAIN,model/datasets/train_manifest.csv,data/aptos2019/train_images/0c55d58bebaf.png,2,415add1fe4186e6a79f55a6392c374fa95b38e68dd8b9cb680cb3274914c76c2,2239946,2416,1736,PASS
18b06f56ab27,APTOS_TRAIN,model/datasets/train_manifest.csv,data/aptos2019/train_images/18b06f56ab27.png,1,4d4a8fb6fb664f30921622d468e43887ea2e63eb906db67e36a2b9cb717e60ed,7189702,3388,2588,PASS
613bacb35c05,APTOS_TRAIN,model/datasets/train_manifest.csv,data/aptos2019/train_images/613bacb35c05.png,1,c36aa5b4a8dbdac486003c6f706c7d5e7fd188c6f77f41f3dfaabe6076c8e67b,2132002,2416,1736,PASS
be7f791a7877,APTOS_TRAIN,model/datasets/train_manifest.csv,data/aptos2019/train_images/be7f791a7877.png,0,03b51b61e992c9eddc46c42b11e3f1cec884d331c0866420fbd6d222c888982e,1799461,2048,1536,PASS
69b3a00927fc,APTOS_TRAIN,model/datasets/train_manifest.csv,data/aptos2019/train_images/69b3a00927fc.png,0,adcbece50135f3d940a6b074d64be162b26babc1352104a02bd94aa2dbcbdf52,984151,1050,1050,PASS
681c3c115684,APTOS_TRAIN,model/datasets/train_manifest.csv,data/aptos2019/train_images/681c3c115684.png,2,8cb21586d9fcbd156a2e09a775ffb38f8d692dd5b5fdc49404be2beeadd47053,4995379,2588,1958,PASS
54dc6e8107cd,APTOS_TRAIN,model/datasets/train_manifest.csv,data/aptos2019/train_images/54dc6e8107cd.png,2,24c34e4e8afbbffcc9d910682cf7edac1c305d304153e2a4f14d153721dcd0c1,1848592,2416,1736,PASS
8ead8f37423c,APTOS_TRAIN,model/datasets/train_manifest.csv,data/aptos2019/train_images/8ead8f37423c.png,0,e9a05d51a26e8e2451121b63dcb552ab8df8a424780a9e6e4a4886c785d77020,867811,1050,1050,PASS
71c22da3d6c6,APTOS_TRAIN,model/datasets/train_manifest.csv,data/aptos2019/train_images/71c22da3d6c6.png,0,9184baf2e3cdc3092c4bf944c587bfb4539f3c45d8690775da62658854faac8f,1960281,2048,1536,PASS
82ac8463fadd,APTOS_TRAIN,model/datasets/train_manifest.csv,data/aptos2019/train_images/82ac8463fadd.png,1,742408de3c724ed43c09d6d38f7ec1c4fa40a1c56e7a7768717102226c4ed16b,1030811,1050,1050,PASS
3e1f8fecb06f,APTOS_TRAIN,model/datasets/train_manifest.csv,data/aptos2019/train_images/3e1f8fecb06f.png,2,61fe28d926b06df52a6b017736456d677e291479b57ec2f24d9768c0bab3af62,780909,1504,1000,PASS
ee78ce914066,APTOS_TRAIN,model/datasets/train_manifest.csv,data/aptos2019/train_images/ee78ce914066.png,1,8e5f97a3328b4fcf96b73ef0f32eca2754297763c5298c9a61961473327c7a10,2115393,2416,1736,PASS
c97472ef2c66,APTOS_TRAIN,model/datasets/train_manifest.csv,data/aptos2019/train_images/c97472ef2c66.png,0,f47e319ac20a008ba6278ce9219ac5874b8897315e3d3db110e82bedf2f7377a,315192,819,614,PASS
cc671a73e1cb,APTOS_TRAIN,model/datasets/train_manifest.csv,data/aptos2019/train_images/cc671a73e1cb.png,0,5c4228503c92ea7941f9a260f8f062396816051e75f9090d760cb7c95ad8b619,1052184,1050,1050,PASS
7adfb8fc0621,APTOS_TRAIN,model/datasets/train_manifest.csv,data/aptos2019/train_images/7adfb8fc0621.png,0,c32638fa6e3aea4d3a7a1f3b39a0e605d49617d6b5292a2e814b03507155fd1b,1048890,1050,1050,PASS
152db3de8120,APTOS_TRAIN,model/datasets/train_manifest.csv,data/aptos2019/train_images/152db3de8120.png,0,8e0d0eb720ff3a2cc2430012c02a755601bb868884ab77bf7c52835de58877e1,1916700,2048,1536,PASS
8421107255ae,APTOS_TRAIN,model/datasets/train_manifest.csv,data/aptos2019/train_images/8421107255ae.png,2,3be43210e3240544e987aec5cbe73907a6a5c62eb43b3d6f5493ca33875e7a6d,2554606,3216,2136,PASS
9568eb7e9c08,APTOS_TRAIN,model/datasets/train_manifest.csv,data/aptos2019/train_images/9568eb7e9c08.png,2,d6b16af459b9756470a72f9bf3704151aa990692512360e78d4666ecb47a373e,5048370,2588,1958,PASS
573ea80a53be,APTOS_TRAIN,model/datasets/train_manifest.csv,data/aptos2019/train_images/573ea80a53be.png,0,8354e17e593d2e3a7434dd588c99fb1145a89c788cc51fa955c8909706d0cc63,1945864,2048,1536,PASS
0fbbd665431f,APTOS_TRAIN,model/datasets/train_manifest.csv,data/aptos2019/train_images/0fbbd665431f.png,0,33c4e79c8b8a4f49b9a0f327d23c70a946691692e90ab1ab573a22f3726bef01,337997,819,614,PASS
30db694bee42,APTOS_TRAIN,model/datasets/train_manifest.csv,data/aptos2019/train_images/30db694bee42.png,0,c3fdbe58e03c9d4226f5093444f940ec0e2e4be80bf44990148e979e0a5c6c70,1932727,2048,1536,PASS
6987804eb464,APTOS_TRAIN,model/datasets/train_manifest.csv,data/aptos2019/train_images/6987804eb464.png,2,cd97dc2a5c50fccabdec9589a744830eec084665f810fc12200a96b75a23aa24,1003766,1844,1226,PASS
c334f8688b77,APTOS_TRAIN,model/datasets/train_manifest.csv,data/aptos2019/train_images/c334f8688b77.png,0,9b3a1800a42033d44386c10edf784be784484a2d047f96f9880c244c09c409b0,1039238,1050,1050,PASS
f2c0b41acd05,APTOS_TRAIN,model/datasets/train_manifest.csv,data/aptos2019/train_images/f2c0b41acd05.png,0,0074b4a67dccc02b15ad9785a2e62f7b416478c6dff1ed057b2b58c9030f0d43,1958247,2048,1536,PASS
0b00f8a77510,APTOS_TRAIN,model/datasets/train_manifest.csv,data/aptos2019/train_images/0b00f8a77510.png,0,396f5ce03761164b1b4098b74f8bfe59db1f1182c088a9c3006c6dbf39fcedbc,344629,819,614,PASS
02cd34a85b24,APTOS_TRAIN,model/datasets/train_manifest.csv,data/aptos2019/train_images/02cd34a85b24.png,0,7dd3ce3d1214e4098100dd019365b76af16b0e31ceba336eeb669342a6935cc2,1012507,1050,1050,PASS
fc603cbedb41,APTOS_TRAIN,model/datasets/train_manifest.csv,data/aptos2019/train_images/fc603cbedb41.png,2,aad7c02eea16f9ded9db5c83b55b2ebdaa65c9da3cc60251bd6d5ff82db77f7b,2379328,3216,2136,PASS
1f3f32efaf20,APTOS_TRAIN,model/datasets/train_manifest.csv,data/aptos2019/train_images/1f3f32efaf20.png,0,1537836d75dbdde0bd683386e22403d3d9f215a6f0bea71a6d972e1b30a7c2d5,960390,1050,1050,PASS
60eeae3ba23d,APTOS_TRAIN,model/datasets/train_manifest.csv,data/aptos2019/train_images/60eeae3ba23d.png,2,c1c2b3ffa26f9f59a029ec76af6b21709fd8b845dd95992b8f4ab25f8f773a8e,2137583,3216,2136,PASS
76095c338728,APTOS_TRAIN,model/datasets/train_manifest.csv,data/aptos2019/train_images/76095c338728.png,0,441cf51d3d2b4c09371d2b7cef26b8bae0b3114efe145fd458d22b9d7f9f992d,1011643,1050,1050,PASS
ccd34029493d,APTOS_TRAIN,model/datasets/train_manifest.csv,data/aptos2019/train_images/ccd34029493d.png,2,1c509c2f582ace1d63bc10ba4a02cb06b802da4e93a41347072fdec2af51cef3,2855996,3216,2136,PASS
76cab26493f1,APTOS_TRAIN,model/datasets/train_manifest.csv,data/aptos2019/train_images/76cab26493f1.png,0,026ca3682189bf3cf4c9987d19b444f4f81c328639e1dd45f5c310c9c28f2925,295848,819,614,PASS
500aad15b7c8,APTOS_TRAIN,model/datasets/train_manifest.csv,data/aptos2019/train_images/500aad15b7c8.png,0,46e40ccc46d476dac0ec0a5b221448a124cb727167886075929b96decf12dbc7,1935048,2048,1536,PASS
fce73678f650,APTOS_TRAIN,model/datasets/train_manifest.csv,data/aptos2019/train_images/fce73678f650.png,0,8c43db73eff3b3c9dc73400550446c728649d3f7d4138ac40d134e0d82831ed5,849688,1050,1050,PASS
27b68863349f,APTOS_TRAIN,model/datasets/train_manifest.csv,data/aptos2019/train_images/27b68863349f.png,2,2b1944ffa4db78856a83bbba2e2ae84d06b2971921d60a8f55234a67dc209e27,2415321,2416,1736,PASS
bda91b76095b,APTOS_TRAIN,model/datasets/train_manifest.csv,data/aptos2019/train_images/bda91b76095b.png,0,0c9c91e8ce532854f0dbf10573f569fe5f62298e4c3da6b00ed2b2af6333bb8b,2291128,1476,1117,PASS
8d8aca52c07b,APTOS_TRAIN,model/datasets/train_manifest.csv,data/aptos2019/train_images/8d8aca52c07b.png,4,f1cdb37c3447d4d3db0689d0c858143c05a72eaae89e0bcd517103625dcecbe2,5936724,2588,1958,PASS
4e82c3c8d31f,APTOS_TRAIN,model/datasets/train_manifest.csv,data/aptos2019/train_images/4e82c3c8d31f.png,1,e8339de505f2ab0f9801974d693102b2de79d988634abd92ba3b3250d7669b7b,7261377,3388,2588,PASS
f8fc411092c7,APTOS_TRAIN,model/datasets/train_manifest.csv,data/aptos2019/train_images/f8fc411092c7.png,2,002f907127367b07fd9d5380ab5257ef7d891362b76b0c7019af1601e233c61e,3295662,3216,2136,PASS
894a37fc3738,APTOS_TRAIN,model/datasets/train_manifest.csv,data/aptos2019/train_images/894a37fc3738.png,0,88590fb07319199cd77d8efd752fa14655548d2b6920fecafaa79380862b05b9,1676029,2048,1536,PASS
b351ae99413a,APTOS_TRAIN,model/datasets/train_manifest.csv,data/aptos2019/train_images/b351ae99413a.png,0,3ac15f9622537824936ae8cf8d00019272f59163e7a7b173522c33d8f7d9e2b7,1033687,1050,1050,PASS
189cbbc9e5e3,APTOS_TRAIN,model/datasets/train_manifest.csv,data/aptos2019/train_images/189cbbc9e5e3.png,0,2ef39de02a6a8f7e396202814a6606623c61c599a721d7f4814d6ccd91b30847,1934385,2048,1536,PASS
a7673ac44509,APTOS_TRAIN,model/datasets/train_manifest.csv,data/aptos2019/train_images/a7673ac44509.png,0,31e656c0e2ad1dc9f4e20aee93da3de07455ba8976b26ead65948e56a2e9884f,5216083,2588,1958,PASS
9e7a63b2fc6a,APTOS_TRAIN,model/datasets/train_manifest.csv,data/aptos2019/train_images/9e7a63b2fc6a.png,0,e48211c110bff712223636e08fcd4475d4723cf4f947cd265560df5eb7bf509a,5653424,2588,1958,PASS
224bb938e2dd,APTOS_TRAIN,model/datasets/train_manifest.csv,data/aptos2019/train_images/224bb938e2dd.png,2,cf1e46666fc3e4cd60b8d9ecd22954be4b3aa8fda91e10fd02e190c55f406d90,3079972,3216,2136,PASS
dea7538bb91a,APTOS_TRAIN,model/datasets/train_manifest.csv,data/aptos2019/train_images/dea7538bb91a.png,0,bc7ecc4f891adb9cc5301d163fd752495cf781dcab671cfc97737899f9c9a995,364340,819,614,PASS
4ec7796df40e,APTOS_TRAIN,model/datasets/train_manifest.csv,data/aptos2019/train_images/4ec7796df40e.png,0,ae081d981b27207e026e745648001d1844690099b2f0f2de4d174ce327741e03,1906882,2048,1536,PASS
4c5ab774a381,APTOS_TRAIN,model/datasets/train_manifest.csv,data/aptos2019/train_images/4c5ab774a381.png,0,b710abf6a81fff5cd7ebadb7177d1877365adbcbbf4948e8492b01de546551d4,1905428,2048,1536,PASS
ca360bec5851,APTOS_TRAIN,model/datasets/train_manifest.csv,data/aptos2019/train_images/ca360bec5851.png,2,c0e47d1c8befdec9ad776d2736db6dbaf848ca0d52d2e2d3550fed41ab253e14,2979990,3216,2136,PASS
4554062fa836,APTOS_TRAIN,model/datasets/train_manifest.csv,data/aptos2019/train_images/4554062fa836.png,0,a8e242384c14426fdaf23034ef8d23b91a4b33b00c074540af93544727741ecd,5221567,2588,1958,PASS
02358b47ea89,APTOS_TRAIN,model/datasets/train_manifest.csv,data/aptos2019/train_images/02358b47ea89.png,0,1ea0132b5ce504a5079743ac1a50789a20c5962e644ef3f9d0084bc206b92f22,5395766,2588,1958,PASS
87b1938994b5,APTOS_TRAIN,model/datasets/train_manifest.csv,data/aptos2019/train_images/87b1938994b5.png,2,41db67d0883fbfbabf92b7af8200ed2f2e988894ea6642d0bf57ddd21cc1af66,2736079,3216,2136,PASS
5e7630f8438e,APTOS_TRAIN,model/datasets/train_manifest.csv,data/aptos2019/train_images/5e7630f8438e.png,2,84447b3156d1430a7ca551b983c1afdffe971542806ba70ede19bf85bd5e6e0f,3544462,3216,2136,PASS
db690e2d02f8,APTOS_TRAIN,model/datasets/train_manifest.csv,data/aptos2019/train_images/db690e2d02f8.png,1,7a5027d1d98442e4165f2cf7895fb6ea25e4a6f88340236400d8eddec72fe05e,867128,1050,1050,PASS
f460608cf4cc,APTOS_TRAIN,model/datasets/train_manifest.csv,data/aptos2019/train_images/f460608cf4cc.png,2,298f7fe0fdf7e1cffdea672560773a483a2833410d9d9aa8594961125b2059e5,2973417,3216,2136,PASS
c365c598ad4e,APTOS_TRAIN,model/datasets/train_manifest.csv,data/aptos2019/train_images/c365c598ad4e.png,0,ef71fcca0cd01a0732dd40253e3288ab256e9f3aadededfa647efbcb2eb4c4d7,864404,1050,1050,PASS
4246ed634f25,APTOS_TRAIN,model/datasets/train_manifest.csv,data/aptos2019/train_images/4246ed634f25.png,2,93b1c2e25ed12747b6c0fb4dac6303462c69dea0e7e90a68ce95b79c13aac574,1807805,2416,1736,PASS
3c311c9109b0,APTOS_TRAIN,model/datasets/train_manifest.csv,data/aptos2019/train_images/3c311c9109b0.png,2,73c04a1c162720607c6f30a37b196a230fe35ed13ae7a84376444fbf550de34e,2257886,2416,1736,PASS
73881f55a3ec,APTOS_TRAIN,model/datasets/train_manifest.csv,data/aptos2019/train_images/73881f55a3ec.png,1,a7e17e08062b419a560362c2aafd33547f722ff7359a90ca93c63779aa1d6185,2233615,2416,1736,PASS
b67ae80f7eba,APTOS_TRAIN,model/datasets/train_manifest.csv,data/aptos2019/train_images/b67ae80f7eba.png,0,6d58c6606dd7d0aef39777d577a15019bade7291e54bf48086b66455615f17ec,328963,819,614,PASS
f66c4ee86629,APTOS_TRAIN,model/datasets/train_manifest.csv,data/aptos2019/train_images/f66c4ee86629.png,0,29cb5c1289aef13da90a228a1e340fb3bd02bd595a934f9e06ab327bc303b3c2,5087617,2588,1958,PASS
38c7153457e2,APTOS_TRAIN,model/datasets/train_manifest.csv,data/aptos2019/train_images/38c7153457e2.png,0,b03b52aea1ce795dc0d7f0b51c801f16b619efa054dfc7abbcbe45a8d753029c,1096294,1050,1050,PASS
586f5c56081e,APTOS_TRAIN,model/datasets/train_manifest.csv,data/aptos2019/train_images/586f5c56081e.png,0,8b4ee1e7676fb723c1128725c432ce354335feb15cc03b922c008031057037c6,972396,1050,1050,PASS
8bdb891661a8,APTOS_TRAIN,model/datasets/train_manifest.csv,data/aptos2019/train_images/8bdb891661a8.png,2,af36d7e31ce952b01211ef947047f5571e2f256fd63dc9ad63d31018abe5cc5b,5329648,2588,1958,PASS
949710bead24,APTOS_TRAIN,model/datasets/train_manifest.csv,data/aptos2019/train_images/949710bead24.png,0,875b3ff2368fadd5a666b99caca66f2702b78c88c7e8321905e0c0a4db5f485f,987413,1050,1050,PASS
ff03f74667df,APTOS_TRAIN,model/datasets/train_manifest.csv,data/aptos2019/train_images/ff03f74667df.png,0,c880e546f5a40dbb5724528a9969e9debe47c19e88c7ac4bf9bb2a2560f80382,1910238,2048,1536,PASS
8bad12d70368,APTOS_TRAIN,model/datasets/train_manifest.csv,data/aptos2019/train_images/8bad12d70368.png,4,3d6d12638529f70c68f0e93a3594c46a822341f07143b62ed0afa964f80bdda1,5377668,2588,1958,PASS
f6f433f3306f,APTOS_TRAIN,model/datasets/train_manifest.csv,data/aptos2019/train_images/f6f433f3306f.png,3,974ccf4e2341fbc40ace6a4ca2462f0116905bfdc1fbae72d185aa6c12cd3650,5350722,2588,1958,PASS
0161338f53cc,APTOS_TRAIN,model/datasets/train_manifest.csv,data/aptos2019/train_images/0161338f53cc.png,2,72f2fcd5283992cd1dade0695837b77470ae51eaa84e9252855d702b39d2b149,1372778,1504,1000,PASS
a02dfd67a925,APTOS_TRAIN,model/datasets/train_manifest.csv,data/aptos2019/train_images/a02dfd67a925.png,0,5d7eeb560401f1383d443d0f50fd54a5a1d8d143cc85faad7e0e003a02fcda31,360686,819,614,PASS
0953c0ac1735,APTOS_TRAIN,model/datasets/train_manifest.csv,data/aptos2019/train_images/0953c0ac1735.png,2,2e9da79f23b637780cb8fd1da5a6e366ec03cd98781edaac4ad28d1963aca2a9,7249739,3388,2588,PASS
c98f623d08d1,APTOS_TRAIN,model/datasets/train_manifest.csv,data/aptos2019/train_images/c98f623d08d1.png,0,91330e38848fc5d133fd811372c0d3db97141f3cfa1b62ad441ec881f56d651e,963877,1050,1050,PASS
94076a9fb9b5,APTOS_TRAIN,model/datasets/train_manifest.csv,data/aptos2019/train_images/94076a9fb9b5.png,0,22dc72454a5ba1d063a2a9ed4776f7714972f409042b8213a6f0aa550bd8ae82,959548,1050,1050,PASS
ed3ce1674761,APTOS_TRAIN,model/datasets/train_manifest.csv,data/aptos2019/train_images/ed3ce1674761.png,0,45c99a4ed91e7a28f883ee059a0f4dab811a56b0647acd8faae191da4b6ce60f,937238,1050,1050,PASS
4c60b10a3a6a,APTOS_TRAIN,model/datasets/train_manifest.csv,data/aptos2019/train_images/4c60b10a3a6a.png,3,9aa380d65f3b02f542476e10e489e2ca6e51f22db1a8091a7633adc3447906be,5174626,2588,1958,PASS
cd29c88c9e36,APTOS_TRAIN,model/datasets/train_manifest.csv,data/aptos2019/train_images/cd29c88c9e36.png,2,f9328e4acd4e346561b47112df18a5bf9a61b0bed324e700500549cfc9f6f26f,1599825,3216,2136,PASS
1891698febce,APTOS_TRAIN,model/datasets/train_manifest.csv,data/aptos2019/train_images/1891698febce.png,0,ccd3cb3c31581b8228f1043d819c499a8779cb084a8c6bfdff834667a1090fc2,5139136,2588,1958,PASS
3a643599f852,APTOS_TRAIN,model/datasets/train_manifest.csv,data/aptos2019/train_images/3a643599f852.png,0,c6a1c19bce4ea9bdc05acc76f13b61f73ef27f559a9f767754052164ffb14b55,1678399,2048,1536,PASS
8f14bca04b47,APTOS_TRAIN,model/datasets/train_manifest.csv,data/aptos2019/train_images/8f14bca04b47.png,0,fe195c1cd9ad8463935e017a5cb2a0e9cffbfa2a87d292af0f2b68a57041cdd6,1920281,2048,1536,PASS
fe0e2dee1834,APTOS_TRAIN,model/datasets/train_manifest.csv,data/aptos2019/train_images/fe0e2dee1834.png,0,141bc1d3bf38508b89afba62e43725eebcb905112393cadaea5ef827a2366c91,1921080,2048,1536,PASS
1cc58b15f466,APTOS_TRAIN,model/datasets/train_manifest.csv,data/aptos2019/train_images/1cc58b15f466.png,0,9ceac5344855ac6bc38ed41a9324c3d69d1eb023c1c4dca73ace3ca52a88ad6f,5467719,2588,1958,PASS
26999ebc21de,APTOS_TRAIN,model/datasets/train_manifest.csv,data/aptos2019/train_images/26999ebc21de.png,2,77620915c67b72ab9a08ccad2f7b384df4f1f5e591e8afc176172f9c9dce57bc,2124481,2416,1736,PASS
cb547e723a16,APTOS_TRAIN,model/datasets/train_manifest.csv,data/aptos2019/train_images/cb547e723a16.png,4,e957d41e7c25f9022dd7570a7aaf41de487733f3070f70e9bb82ef08fe6ec8be,2432069,2416,1736,PASS
f42b693a9414,APTOS_TRAIN,model/datasets/train_manifest.csv,data/aptos2019/train_images/f42b693a9414.png,0,1a0d849f7b415ed799ec7220f2bc6fd455554fcfdddadfa4e154b4a5d0b4e544,1863409,2048,1536,PASS
0e3572b5884a,APTOS_TRAIN,model/datasets/train_manifest.csv,data/aptos2019/train_images/0e3572b5884a.png,0,d71c64b238b80adb93e4c0e3b1eaaa2bce2d7b6130c56e70d8658380a84cbae7,1060362,1050,1050,PASS
82910bba4753,APTOS_TRAIN,model/datasets/train_manifest.csv,data/aptos2019/train_images/82910bba4753.png,2,d3d1c0dc45c2e9a487cca068821791274e60d1f5d367673373d41b4cfd4f5e6d,4110851,2588,1958,PASS
103f97a2ab15,APTOS_TRAIN,model/datasets/train_manifest.csv,data/aptos2019/train_images/103f97a2ab15.png,0,a624508b69cff93b3568b907fd6b47be7ad7a0f711556a423a4366d6be779059,5064117,2588,1958,PASS
19113e5f45ec,APTOS_TRAIN,model/datasets/train_manifest.csv,data/aptos2019/train_images/19113e5f45ec.png,2,bf6e9b221d4711ba0d8cf046dc2f332a5773c8a83efb124063365fa889e15a87,2708637,3216,2136,PASS
650104ede84c,APTOS_TRAIN,model/datasets/train_manifest.csv,data/aptos2019/train_images/650104ede84c.png,0,223f1f55e13ca676eabe0049405a0912872806ffa94a6b7d1096a27e044610fb,1041412,1050,1050,PASS
5c85d22bd0de,APTOS_TRAIN,model/datasets/train_manifest.csv,data/aptos2019/train_images/5c85d22bd0de.png,0,29a7d3963a8bcb6e8649444a9aa1449998f66e1a525df0e15521c80da59aae54,923113,1050,1050,PASS
0773a1c326ad,APTOS_TRAIN,model/datasets/train_manifest.csv,data/aptos2019/train_images/0773a1c326ad.png,0,fee29ca3d20fc86e0ad7672c622024a7d461889d063d19870f101047cc01f3fa,1836697,2048,1536,PASS
7cc4b7aabe04,APTOS_TRAIN,model/datasets/train_manifest.csv,data/aptos2019/train_images/7cc4b7aabe04.png,4,76eab6ab700ea41892f1f6bf7f78b1d3dc161ece853b304af68786eaa53fd418,2199915,2416,1736,PASS
4eaf2f81819d,APTOS_TRAIN,model/datasets/train_manifest.csv,data/aptos2019/train_images/4eaf2f81819d.png,0,17a98882ff10d600470585393ef0d3d2d7633d56750522b0af82584c29e64553,994875,1050,1050,PASS
932181b93b2f,APTOS_TRAIN,model/datasets/train_manifest.csv,data/aptos2019/train_images/932181b93b2f.png,2,25ac212ab725228a4038276a14bc2bfd7d4a533bb348d8e8228bb0bb66f7a0d4,2242993,2416,1736,PASS
cab3dfa7962d,APTOS_TRAIN,model/datasets/train_manifest.csv,data/aptos2019/train_images/cab3dfa7962d.png,1,bf24a7bac076cff9bbbc606c94c30d997d1c1ed8af47115ee9cd6129ae5472b3,2008135,2416,1736,PASS
ab03d50bba2f,APTOS_TRAIN,model/datasets/train_manifest.csv,data/aptos2019/train_images/ab03d50bba2f.png,0,417519dbd9c557e0007fef3c0223b9203a3ab8519f872cd96a7a5fafc4efb539,1655963,2048,1536,PASS
aa94cc4bfd84,APTOS_TRAIN,model/datasets/train_manifest.csv,data/aptos2019/train_images/aa94cc4bfd84.png,0,e7f8f6abd06ba3622467c043220f3ef8b0e9fbef5fb9fee63ad555f3ccf90725,966128,1050,1050,PASS
aa6242f9e08c,APTOS_TRAIN,model/datasets/train_manifest.csv,data/aptos2019/train_images/aa6242f9e08c.png,0,9460f09b68d61a713bda2f9247d6a6cdb693fe2ade23e3671956aacdbed6a7f4,1859988,2048,1536,PASS
2821998fc002,APTOS_TRAIN,model/datasets/train_manifest.csv,data/aptos2019/train_images/2821998fc002.png,0,b6c77d03640a449196fd35475847b975becf18c6b05312ad698ec1317f9f5dde,953663,1050,1050,PASS
b0d6417bad3e,APTOS_TRAIN,model/datasets/train_manifest.csv,data/aptos2019/train_images/b0d6417bad3e.png,2,6cf7818b52c38ec54157ff2f7bfc86bf0543a424af1ad33cc28c3638597a9772,2091838,2416,1736,PASS
5321ab64f9ea,APTOS_TRAIN,model/datasets/train_manifest.csv,data/aptos2019/train_images/5321ab64f9ea.png,0,28504671944657090aea9a1afa3acb2aeb3c0671940dcf9e7c3d2f8aa84f4c73,1086623,1050,1050,PASS
462937ece243,APTOS_TRAIN,model/datasets/train_manifest.csv,data/aptos2019/train_images/462937ece243.png,0,dd47b4e94281d686462cda0472d93fcbd5764f741fc83857ae9aca10953f8bac,1013967,1050,1050,PASS
8db2ce991101,APTOS_TRAIN,model/datasets/train_manifest.csv,data/aptos2019/train_images/8db2ce991101.png,4,6f52415b619dc27bb43c228235d2fa8b54c593715ff6d070ab562c3937435d6e,5125157,2588,1958,PASS
55968f0e63c4,APTOS_TRAIN,model/datasets/train_manifest.csv,data/aptos2019/train_images/55968f0e63c4.png,0,68c6fa1c7eaa1ef692ba57277d530827b06525d6d482b8b41c2bf6ebbe79db82,913907,1050,1050,PASS
7f39c36469b5,APTOS_TRAIN,model/datasets/train_manifest.csv,data/aptos2019/train_images/7f39c36469b5.png,0,67f1d0e83640e0edd0846e2b389c541b2bae16cdd4109806d21e3e303046165b,1076490,1050,1050,PASS
475300735b7f,APTOS_TRAIN,model/datasets/train_manifest.csv,data/aptos2019/train_images/475300735b7f.png,0,bb66ea716c3b94cb6fb92ad835420c5251d45ab755407ab105c0ca3b74f6174a,1028806,1050,1050,PASS
61e301bd3c25,APTOS_TRAIN,model/datasets/train_manifest.csv,data/aptos2019/train_images/61e301bd3c25.png,4,f9373aadf4e7c4da4bd63b7e9f81013f4194b901400a34ebac28067de68a83e5,7381274,3388,2588,PASS
b9bc81fcb075,APTOS_TRAIN,model/datasets/train_manifest.csv,data/aptos2019/train_images/b9bc81fcb075.png,0,cb9108f13c02644520cb28daa8b8d03d04f15cc1efe8b72106d8337ab5e3971a,1035870,1050,1050,PASS
3461dc601cc2,APTOS_TRAIN,model/datasets/train_manifest.csv,data/aptos2019/train_images/3461dc601cc2.png,1,69771d4d555532660f1456e851d4d6f38ec3243d202a58c8e631d83d5183c3d1,3437504,2588,1958,PASS
731b19a460ad,APTOS_TRAIN,model/datasets/train_manifest.csv,data/aptos2019/train_images/731b19a460ad.png,2,ac466ac3bb59416b774875f1e30ceccf47cf56425c4d6753549730da7bb7af17,2264226,2416,1736,PASS
ccea49708830,APTOS_TRAIN,model/datasets/train_manifest.csv,data/aptos2019/train_images/ccea49708830.png,0,316ba10cca6863bf93aeb72f9bbc3f16dd4aece8e91acb2835a4f0166c6f8ef1,1898752,2048,1536,PASS
7c629b491d1a,APTOS_TRAIN,model/datasets/train_manifest.csv,data/aptos2019/train_images/7c629b491d1a.png,4,16e7d6da439589759870733ea33e1c062bc555e26e41fd25bb476776c386356d,2601474,3216,2136,PASS
e26d8718ca58,APTOS_TRAIN,model/datasets/train_manifest.csv,data/aptos2019/train_images/e26d8718ca58.png,1,272dd3e7bc1703f38ca1d817c8a6965c8ed4979171646d47f11b572143eda25c,322929,819,614,PASS
8660e1864665,APTOS_TRAIN,model/datasets/train_manifest.csv,data/aptos2019/train_images/8660e1864665.png,0,395413c9cb6aeef0e3a7cd8a0623e41567861d72f5de74b05c708c0bb7470108,1032695,1050,1050,PASS
9b093fe95d6b,APTOS_TRAIN,model/datasets/train_manifest.csv,data/aptos2019/train_images/9b093fe95d6b.png,3,932b86281c722b72edd25aa4d932add2a74d7bdfe5c547de506b489988b174b0,2391987,2896,1944,PASS
55fd453001cc,APTOS_TRAIN,model/datasets/train_manifest.csv,data/aptos2019/train_images/55fd453001cc.png,2,95db03a18c6b8e7a7fbb22a645ca71af89cb621a46fa9502bc8b9fbeabcb01b7,2435940,2416,1736,PASS
7d3835e4e63a,APTOS_TRAIN,model/datasets/train_manifest.csv,data/aptos2019/train_images/7d3835e4e63a.png,3,208cd2186fa460d41e1338588808f6331ebdd06b3f57557a2f5656ca446a3001,3039090,3216,2136,PASS
e96099b961b4,APTOS_TRAIN,model/datasets/train_manifest.csv,data/aptos2019/train_images/e96099b961b4.png,2,6dea8b443320151b22842e9791c291978d4e401be956687eb0e647f35de5f95d,1988052,2416,1736,PASS
9c72ed6befa0,APTOS_TRAIN,model/datasets/train_manifest.csv,data/aptos2019/train_images/9c72ed6befa0.png,4,5d9eb0cf0efe6cc15b00423e45920db371200e01215078c9147bce784ff0006c,5119587,2588,1958,PASS
97a235367f9d,APTOS_TRAIN,model/datasets/train_manifest.csv,data/aptos2019/train_images/97a235367f9d.png,0,910ffd3ea19938629fca3c3dd67d09a312d871961e6402078e06f130835e09a7,357932,819,614,PASS
9c5dd3612f0c,APTOS_TRAIN,model/datasets/train_manifest.csv,data/aptos2019/train_images/9c5dd3612f0c.png,2,c8c263fd39bbd8247bfd93cdcc4142bb68debfae2f3240e82da9c862e9b0e1f6,1514791,1504,1000,PASS
e42d9a94a66d,APTOS_TRAIN,model/datasets/train_manifest.csv,data/aptos2019/train_images/e42d9a94a66d.png,0,3f51aff61856b53ed56af0d87b738fa43ead7c5322faa7e6921700bf5de1fd91,5447269,2588,1958,PASS
d364423ec6f9,APTOS_TRAIN,model/datasets/train_manifest.csv,data/aptos2019/train_images/d364423ec6f9.png,2,ba819b61eb520f1f526fa81a2c3d29f21fa3074130c41801f861d628e4aec2c4,2963409,3216,2136,PASS
00f6c1be5a33,APTOS_TRAIN,model/datasets/train_manifest.csv,data/aptos2019/train_images/00f6c1be5a33.png,0,be0944adbd2df77eb34fd23e59ee896c2768b048b44492292b2e4b612bfacc44,941750,1050,1050,PASS
bf6cbccacf39,APTOS_TRAIN,model/datasets/train_manifest.csv,data/aptos2019/train_images/bf6cbccacf39.png,0,d8bea9e93adfcf83bd752b5e5a1a301de48799e85a9aa2b93d9df3fdc7075955,304087,819,614,PASS
1b862fb6f65d,APTOS_TRAIN,model/datasets/train_manifest.csv,data/aptos2019/train_images/1b862fb6f65d.png,0,9e67e043c5236a0a30cf3b2411285e68734d2c2ec816a6312cbf61d4d845f687,1036413,1050,1050,PASS
d95959798b57,APTOS_TRAIN,model/datasets/train_manifest.csv,data/aptos2019/train_images/d95959798b57.png,2,04d57109fe8ba7c322ce06171c36c7501f656b1e27e8bc7274d2ccd0a870e3df,2129440,2416,1736,PASS
44855f666225,APTOS_TRAIN,model/datasets/train_manifest.csv,data/aptos2019/train_images/44855f666225.png,2,f02a46f62fcc2dcae79d38b2b04e0d68bbdb253da52c1e556e6ca602af70e9ea,3791373,2588,1958,PASS
bb45257258cc,APTOS_TRAIN,model/datasets/train_manifest.csv,data/aptos2019/train_images/bb45257258cc.png,1,9703cc95fa4cf381dc7db5133729a062f39f06747ed63144c3fe640b9e5c2071,1846468,2416,1736,PASS
33ffddea8c6e,APTOS_TRAIN,model/datasets/train_manifest.csv,data/aptos2019/train_images/33ffddea8c6e.png,1,a1c475ac1e4c13ffb128387e783a4129aac24b38577354ff15c453d13ebf6862,1085687,1050,1050,PASS
90a9a41eec6d,APTOS_TRAIN,model/datasets/train_manifest.csv,data/aptos2019/train_images/90a9a41eec6d.png,0,3367b8411726a5b5938457e2c6cc9c2106f5b927b92371fac86a71122d3f33bc,330475,819,614,PASS
a0e635689259,APTOS_TRAIN,model/datasets/train_manifest.csv,data/aptos2019/train_images/a0e635689259.png,0,3bd4ce2c29793ea5afcf772046e21bdc094080c3c943537d67902015a596411d,275807,819,614,PASS
e68bdd36e589,APTOS_TRAIN,model/datasets/train_manifest.csv,data/aptos2019/train_images/e68bdd36e589.png,0,d64e331109da74035a10bebb8e661f955cb862d514bc36911951d720d3d3322d,5593052,2588,1958,PASS
eda1d75cbcf0,APTOS_TRAIN,model/datasets/train_manifest.csv,data/aptos2019/train_images/eda1d75cbcf0.png,0,63c9c6da45e63d2153a28db0bf490133f0774da09d218f9214c033798d87246e,999436,1050,1050,PASS
2376e5415458,APTOS_TRAIN,model/datasets/train_manifest.csv,data/aptos2019/train_images/2376e5415458.png,2,d16197d684dbf4e4222688d9d0fb17cd29c0ac8a4d0859779b1adbbb92520d6b,5638928,2588,1958,PASS
ca0f1a17c8e5,APTOS_TRAIN,model/datasets/train_manifest.csv,data/aptos2019/train_images/ca0f1a17c8e5.png,2,4664f1fa6acccbd1d8e256a9ed712286ffecc81f55d65d1631bd83aa6b0c6d39,1384653,1504,1000,PASS
44f4ae58990e,APTOS_TRAIN,model/datasets/train_manifest.csv,data/aptos2019/train_images/44f4ae58990e.png,2,499700d94d0b8b33fd38cd898c728da73f7d993d96a3c3a813d819eda63fb872,1808555,2416,1736,PASS
17eb5d4ad740,APTOS_TRAIN,model/datasets/train_manifest.csv,data/aptos2019/train_images/17eb5d4ad740.png,2,0c43f43e6bb88da4a83055a50be3383961be854666216ce34054e691a41444bf,2835799,3216,2136,PASS
767d777ee889,APTOS_TRAIN,model/datasets/train_manifest.csv,data/aptos2019/train_images/767d777ee889.png,0,fd6c48ba1b14e53a2391d35da10cd4403ef8e44a006ef121b9d0f15f2017391b,1928579,2048,1536,PASS
f0a2dc580009,APTOS_TRAIN,model/datasets/train_manifest.csv,data/aptos2019/train_images/f0a2dc580009.png,0,787ff1c9814841a61ffdaf451e740d149ee8eaacd9225d44f1fa80dfe05e7cd4,307132,819,614,PASS
1c6d119c3d70,APTOS_TRAIN,model/datasets/train_manifest.csv,data/aptos2019/train_images/1c6d119c3d70.png,2,ff6a53000a5ee301d26cec3d6e8afb90bf274d7df0920a9848f89efb361f0291,1272159,1504,1000,PASS
ebf4b22240f4,APTOS_TRAIN,model/datasets/train_manifest.csv,data/aptos2019/train_images/ebf4b22240f4.png,0,4e5a82810ca6266e0ed9e38208d2ebd9dd38e5df8ac4f688443ed452c1b42410,954954,1050,1050,PASS
247ac63e5510,APTOS_TRAIN,model/datasets/train_manifest.csv,data/aptos2019/train_images/247ac63e5510.png,4,468dfd091e2a15b9f62882b987652ca3da2647bad03d5be7666c6c1362dab47c,2975402,3216,2136,PASS
a64273801bde,APTOS_TRAIN,model/datasets/train_manifest.csv,data/aptos2019/train_images/a64273801bde.png,2,c487a9f9f7d4e7db2aad5e482bdb5c6080487ed3bb63e9ae48d604be43060993,5599950,2588,1958,PASS
87d46b1cc4e9,APTOS_TRAIN,model/datasets/train_manifest.csv,data/aptos2019/train_images/87d46b1cc4e9.png,0,ff6a6a3b761b68c9e115097cd81d02dd88487bc78a115bf2ded2f4836e782e2d,1808682,2048,1536,PASS
0415fc68b176,APTOS_TRAIN,model/datasets/train_manifest.csv,data/aptos2019/train_images/0415fc68b176.png,2,9fb5ca1f68357b55cbb8dbcd52d7b5287b8a5ecbfe20f2eca5f5de5b6c09b996,5100910,2588,1958,PASS
388279491b5d,APTOS_TRAIN,model/datasets/train_manifest.csv,data/aptos2019/train_images/388279491b5d.png,0,30029cce0e55529ad652736e7bb80e2bc8c20ef124af95fe7a62434cd326cf5b,1933348,2048,1536,PASS
d332d7b8a26e,APTOS_TRAIN,model/datasets/train_manifest.csv,data/aptos2019/train_images/d332d7b8a26e.png,0,6ae543f4432de0961516b7c19c2ac8af721b7314c7825a6a47d2ef28e2f51047,980054,1050,1050,PASS
ee3f5cf52188,APTOS_TRAIN,model/datasets/train_manifest.csv,data/aptos2019/train_images/ee3f5cf52188.png,0,eff2106f7e009f10b92cf173922e6b053fceeccffd06c6923aa56b6045be9d3a,1942642,2048,1536,PASS
f64b6e85f1c9,APTOS_TRAIN,model/datasets/train_manifest.csv,data/aptos2019/train_images/f64b6e85f1c9.png,0,191da508e456456d3a57bcb22cb3436899a864376d5b70033f2055952bd9c2ee,1067101,1050,1050,PASS
0dc8d25b3f69,APTOS_TRAIN,model/datasets/train_manifest.csv,data/aptos2019/train_images/0dc8d25b3f69.png,3,a7cbab7e6246b29a19103a899d398d3f4e6a371b58a5db80c0ef0cbeed0a15e4,2336977,2416,1736,PASS
4d009cebabc9,APTOS_TRAIN,model/datasets/train_manifest.csv,data/aptos2019/train_images/4d009cebabc9.png,2,fe9fd341d89598915c04b4bad4f42e9152e131e0abaf54cbe29c7f159304a41e,2923317,3216,2136,PASS
196e6a186452,APTOS_TRAIN,model/datasets/train_manifest.csv,data/aptos2019/train_images/196e6a186452.png,2,4ae860d2c9eb07ee668fec68eed3b73b24e77c6c25cdf43d7ea9f8fee5345d8b,2416379,2416,1736,PASS
f4e68b61f480,APTOS_TRAIN,model/datasets/train_manifest.csv,data/aptos2019/train_images/f4e68b61f480.png,0,207709d0f65750b41d318877574a2889fd71d1b5732924118031a5a4f24fb350,4731823,2588,1958,PASS
4158c340fa49,APTOS_TRAIN,model/datasets/train_manifest.csv,data/aptos2019/train_images/4158c340fa49.png,0,2dff87918335a9c9fd31b66cd7d851404876675d5df890b991223c032e214760,2399587,2588,1958,PASS
8a87dd2a784e,APTOS_TRAIN,model/datasets/train_manifest.csv,data/aptos2019/train_images/8a87dd2a784e.png,0,2efdcd5cd3d3129381484a4531618885b250954580f8f7e59cf9e56319e9e9f0,276708,819,614,PASS
03b373718013,APTOS_TRAIN,model/datasets/train_manifest.csv,data/aptos2019/train_images/03b373718013.png,0,741f8e6ec930502efcf276011c24b4e5c5b81057175d94a2f621c439e448f0a7,751586,1050,1050,PASS
65a3b13ad9a0,APTOS_TRAIN,model/datasets/train_manifest.csv,data/aptos2019/train_images/65a3b13ad9a0.png,0,12b326503a600e83d6aadfcb0ac6ad6eabd4a523c6bf03b9eb940b8fd448b695,2246266,2416,1736,PASS
c3b15bf9b4bc,APTOS_TRAIN,model/datasets/train_manifest.csv,data/aptos2019/train_images/c3b15bf9b4bc.png,0,858654973121a6cc203adcce001f15fd9eda3fa5a1514b5c0953f2198beb5e03,1936950,2048,1536,PASS
0024cdab0c1e,APTOS_TRAIN,model/datasets/train_manifest.csv,data/aptos2019/train_images/0024cdab0c1e.png,1,ef0bda2c21f3dbe839b4e5168fa7e52afe61e6923a56fd625bba0ddc1665d1d8,1882172,2416,1736,PASS
c6229222bf22,APTOS_TRAIN,model/datasets/train_manifest.csv,data/aptos2019/train_images/c6229222bf22.png,0,bff3d8132da2de17f0096d7f80722059d9eaabc535ac7748c7675645acb54045,999226,1050,1050,PASS
4036471a1bb7,APTOS_TRAIN,model/datasets/train_manifest.csv,data/aptos2019/train_images/4036471a1bb7.png,0,54f4bbcf7936f2e758f934e6acc893997dc6b1e314035fb99bc418b37638a28e,1879754,2048,1536,PASS
6e68e742f5bc,APTOS_TRAIN,model/datasets/train_manifest.csv,data/aptos2019/train_images/6e68e742f5bc.png,2,c6d8d44b058a99448e9a85252215d4a36a9715d3f83ee2ad5ec7e79098fe61a2,2635697,3216,2136,PASS
a8c950a99107,APTOS_TRAIN,model/datasets/train_manifest.csv,data/aptos2019/train_images/a8c950a99107.png,1,11ab8378867240f42761bfed898f9e637b461686d6d0613f125ccc40b43620a4,2414681,2416,1736,PASS
c0a0828e01b4,APTOS_TRAIN,model/datasets/train_manifest.csv,data/aptos2019/train_images/c0a0828e01b4.png,3,4a0172ce7f23431cd81f9a01de87c1fb0fd735e77bcaa9e9af91421594013167,2871786,3216,2136,PASS
28751f290ba3,APTOS_TRAIN,model/datasets/train_manifest.csv,data/aptos2019/train_images/28751f290ba3.png,0,81f852eb293906b411060a18a2c48c31366cd1b0c5f0950f9cf852635612d71d,1068913,1050,1050,PASS
91f3c4c1e72b,APTOS_TRAIN,model/datasets/train_manifest.csv,data/aptos2019/train_images/91f3c4c1e72b.png,0,dea1abd84e26ca8c6c14b4cf729741821b9e135bb933b4e8805371d4251c1251,5791926,2588,1958,PASS
3286073a976e,APTOS_TRAIN,model/datasets/train_manifest.csv,data/aptos2019/train_images/3286073a976e.png,0,92080dba69d3776a596981657e0f78db4c0a928b388c161430387bc1b73a1ded,339528,819,614,PASS
848e66b9e199,APTOS_TRAIN,model/datasets/train_manifest.csv,data/aptos2019/train_images/848e66b9e199.png,0,33dd04003d0c64e1837238dee49f0cecfa06b8f2a431c4682bbe92568ac29d40,5451381,2588,1958,PASS
f72ef9ceeaa8,APTOS_TRAIN,model/datasets/train_manifest.csv,data/aptos2019/train_images/f72ef9ceeaa8.png,1,bcdfd334ec078f7b657c74c35d9cfa6ab09644ef0b3e0124ce9df6a37a8d6eef,5047993,2588,1958,PASS
79540be95177,APTOS_TRAIN,model/datasets/train_manifest.csv,data/aptos2019/train_images/79540be95177.png,2,f9ace1027fada9ae0809f4d4d97126a9da7e8c29995ac2ede7dc5c9ddf18b10f,2854876,3216,2136,PASS
13d71389563f,APTOS_TRAIN,model/datasets/train_manifest.csv,data/aptos2019/train_images/13d71389563f.png,2,a4d9cceea0dce08271dd696570bdf073be3a9672e1870a8c7018978329701924,2210492,2416,1736,PASS
0b8bdec9d869,APTOS_TRAIN,model/datasets/train_manifest.csv,data/aptos2019/train_images/0b8bdec9d869.png,0,9a626a502035802aee599622c457354793c7e83e4b2eb5b89735b67a0eb86c3d,1921953,2048,1536,PASS
8ee50c26fc13,APTOS_TRAIN,model/datasets/train_manifest.csv,data/aptos2019/train_images/8ee50c26fc13.png,0,da4592d379ff054b9411be147cda8763aea22a1880990f3ba2a49c6140ea3230,312387,819,614,PASS
ddb222ff7c1d,APTOS_TRAIN,model/datasets/train_manifest.csv,data/aptos2019/train_images/ddb222ff7c1d.png,0,874a97a84b2d56eb7086da3c3c861e901c5c18517f582e4885d1d7eb545cb5ec,1944128,2048,1536,PASS
7a238a1d3cf3,APTOS_TRAIN,model/datasets/train_manifest.csv,data/aptos2019/train_images/7a238a1d3cf3.png,4,22fbdbc53fc71d252fc144a575ed23243f9957841fd598b191cc863efbb9b690,1933064,2416,1736,PASS
df6d13d04da1,APTOS_TRAIN,model/datasets/train_manifest.csv,data/aptos2019/train_images/df6d13d04da1.png,0,88f561cf96fb0a5cac80f8e72968f87f3da39d74f5456b617871b3bcf2e1bd25,1042624,1050,1050,PASS
f71333204618,APTOS_TRAIN,model/datasets/train_manifest.csv,data/aptos2019/train_images/f71333204618.png,0,b90c55e78d6b67f18839ecaf687fcc26226d30411af59b78504af394ae7f5246,5095294,2588,1958,PASS
45369821d6a3,APTOS_TRAIN,model/datasets/train_manifest.csv,data/aptos2019/train_images/45369821d6a3.png,0,53c63f6e33661d694ac15b2b0106a6ee7bf28ab99bc8dd99fbe7fc3728aff1bf,998108,1050,1050,PASS
4927945ecfed,APTOS_TRAIN,model/datasets/train_manifest.csv,data/aptos2019/train_images/4927945ecfed.png,0,b84d0274f8f839350e6a168a6bc25cb26a4280d904a8fc23669f452ae45b1933,1035822,1050,1050,PASS
4dd9d29eae5d,APTOS_TRAIN,model/datasets/train_manifest.csv,data/aptos2019/train_images/4dd9d29eae5d.png,1,8f5100e21528ba067e0dee1d32667f7393660a7862ebf045d60c262d0d001666,5065678,2588,1958,PASS
08f8838d69bb,APTOS_TRAIN,model/datasets/train_manifest.csv,data/aptos2019/train_images/08f8838d69bb.png,0,9c6033fd95a16bdf13b9f3d7a8c0311678a289a81502adea236eec2bb5a85ad3,967680,1050,1050,PASS
d06ccd0cf4b8,APTOS_TRAIN,model/datasets/train_manifest.csv,data/aptos2019/train_images/d06ccd0cf4b8.png,1,8adc27b573e8fb215ea05f1f09e099cd40496353af646a66559125436812122d,5047413,2588,1958,PASS
d871895742b1,APTOS_TRAIN,model/datasets/train_manifest.csv,data/aptos2019/train_images/d871895742b1.png,0,759ccfb7e333948363d43a80a89c8e0e64d1c7509adbf6a924b892ef820f102d,5254652,2588,1958,PASS
9d75de31f1b8,APTOS_TRAIN,model/datasets/train_manifest.csv,data/aptos2019/train_images/9d75de31f1b8.png,0,82e82bf011899bcb6e11b9de0753df2bca2513cff9f940a328511fe07ffb8116,975052,1050,1050,PASS
a04fb36db784,APTOS_TRAIN,model/datasets/train_manifest.csv,data/aptos2019/train_images/a04fb36db784.png,2,d56a7cf63ea3a9a1ea5a63dd3888488f90d7cc2baab7639f062282a2d709541e,2341143,2416,1736,PASS
3f73c91b7e32,APTOS_TRAIN,model/datasets/train_manifest.csv,data/aptos2019/train_images/3f73c91b7e32.png,1,6600d8e1462163b873aba10076c9e5e47fbd1fae2bfb6d2763750f0e580a17af,2077627,2416,1736,PASS
1a369baf9ee6,APTOS_TRAIN,model/datasets/train_manifest.csv,data/aptos2019/train_images/1a369baf9ee6.png,2,0b280ed453a7250281a7199b16d05671a5d54743ad69f62630097d47ecc6d1b0,5445707,2588,1958,PASS
31b5d6fb0256,APTOS_TRAIN,model/datasets/train_manifest.csv,data/aptos2019/train_images/31b5d6fb0256.png,2,e45f8553125dc23af4a1e879d3c0c6372cab627e0370a1ca47da2dd4b545655d,2534361,2416,1736,PASS
bc8c6a778cde,APTOS_TRAIN,model/datasets/train_manifest.csv,data/aptos2019/train_images/bc8c6a778cde.png,0,7d3727bd7436e9f6230baf8c93cf1a4bd75d829f279e3ca8092541db0e941b82,324724,819,614,PASS
ee1ec90b980f,APTOS_TRAIN,model/datasets/train_manifest.csv,data/aptos2019/train_images/ee1ec90b980f.png,4,0bc0eae279e645b50194dc99817492477fad11e2451f02316413c10fe56f8046,2249585,2416,1736,PASS
ec4649213ccf,APTOS_TRAIN,model/datasets/train_manifest.csv,data/aptos2019/train_images/ec4649213ccf.png,1,a7ebe0252946d00ee61dee2290edc3927175c0dc1a906aaf6bfe67b21d927820,2192681,2416,1736,PASS
b83a6eca125f,APTOS_TRAIN,model/datasets/train_manifest.csv,data/aptos2019/train_images/b83a6eca125f.png,2,13a1d78910d164dd9a1d0290304cd68997597dcdead9402232074aee1bdf6eda,2766249,3216,2136,PASS
ca891d37a43c,APTOS_TRAIN,model/datasets/train_manifest.csv,data/aptos2019/train_images/ca891d37a43c.png,2,99b7cc4501f22ca93f86c0e1f07e4155dcde8660d4e8ad4527e8cb92fd4fde3d,1323024,1504,1000,PASS
4beeca5cc859,APTOS_TRAIN,model/datasets/train_manifest.csv,data/aptos2019/train_images/4beeca5cc859.png,0,42ca5556a10caf0710a8e4bb35f39c323a2dc730bd173fda8c9fd5a5902b31dc,1005999,1050,1050,PASS
ebe0175e530c,APTOS_TRAIN,model/datasets/train_manifest.csv,data/aptos2019/train_images/ebe0175e530c.png,4,d64658ac7f5760d0d168da87946125171903fb36446471b979e6755e484db650,2168863,2416,1736,PASS
1968183f0e61,APTOS_TRAIN,model/datasets/train_manifest.csv,data/aptos2019/train_images/1968183f0e61.png,2,37744bf48ef1f7b99a803f49df78fc63e8a6965c8dca5427bba8333d9ec0136a,2483949,3216,2136,PASS
66393d8c60ba,APTOS_TRAIN,model/datasets/train_manifest.csv,data/aptos2019/train_images/66393d8c60ba.png,0,d1e54df7378063759c33629cbd6d7b17c2219ef099c894a67c4a54bc53e4383b,1064733,1050,1050,PASS
9232dc06cfdc,APTOS_TRAIN,model/datasets/train_manifest.csv,data/aptos2019/train_images/9232dc06cfdc.png,0,ff1b60cb745a3faf5395e9f28ff88248d2db05eef8d06adf533b7c77a36bc489,1060049,1050,1050,PASS
59bd19c1c5bb,APTOS_TRAIN,model/datasets/train_manifest.csv,data/aptos2019/train_images/59bd19c1c5bb.png,0,fb04108db5f77a51e8428149a0fdacd86dc042a6fe40817b3ab36550faf5126c,1019998,1050,1050,PASS
53273d664cd8,APTOS_TRAIN,model/datasets/train_manifest.csv,data/aptos2019/train_images/53273d664cd8.png,0,8e853a16bd1e30afae915db5c76759efc661481e78a1ca39a1cd7c5c1396e70e,1006816,1050,1050,PASS
b7278b4f2448,APTOS_TRAIN,model/datasets/train_manifest.csv,data/aptos2019/train_images/b7278b4f2448.png,1,0b66626741f39a4c2efdc8158e69e034793add31bcf9630f3d62307ed6141640,4916235,4288,2848,PASS
4276b82e4489,APTOS_TRAIN,model/datasets/train_manifest.csv,data/aptos2019/train_images/4276b82e4489.png,0,feca8c65a1414807d3d7fcab998c67be51617248ea3a5d7b50b7fd7f5fd75081,1905057,2048,1536,PASS
4a558a1cd243,APTOS_TRAIN,model/datasets/train_manifest.csv,data/aptos2019/train_images/4a558a1cd243.png,2,fcc1860702dcd454f77317b685d877ca6c91231918cb3ac4ba4ae4f55c8b4bfc,5402232,2588,1958,PASS
4e4a6224a04e,APTOS_TRAIN,model/datasets/train_manifest.csv,data/aptos2019/train_images/4e4a6224a04e.png,0,5d4765edaeb2132f5714bec8e90170ba29f32b4adc742785a9020e286ed039fa,1027487,1050,1050,PASS
ad93d88c87ea,APTOS_TRAIN,model/datasets/train_manifest.csv,data/aptos2019/train_images/ad93d88c87ea.png,0,a6ec75971f109cf93ed68ae340609731747baee36b28addf7ec862cab14bcb94,1055518,1050,1050,PASS
3908b3cfd620,APTOS_TRAIN,model/datasets/train_manifest.csv,data/aptos2019/train_images/3908b3cfd620.png,0,79c179b190d9198631ec92d91b3f13046581985e1b1b516668b73226eb350e86,1020858,1050,1050,PASS
9a28d4e8aef0,APTOS_TRAIN,model/datasets/train_manifest.csv,data/aptos2019/train_images/9a28d4e8aef0.png,2,6432225e8f4c16844095b645ae883d8c4578f2a447fa98bc6b0b72b77145921b,3040435,3216,2136,PASS
0af296d2f04a,APTOS_TRAIN,model/datasets/train_manifest.csv,data/aptos2019/train_images/0af296d2f04a.png,2,ba68455b820604ee55bb6854eb00f78983febec0389b593e7aec7a523cb23858,3306331,3216,2136,PASS
a95858e052d6,APTOS_TRAIN,model/datasets/train_manifest.csv,data/aptos2019/train_images/a95858e052d6.png,1,8cbc6aa612111380fe79cee7c7408e84bcd32a3809417121e6f2bf019c524841,2292947,3216,2136,PASS
e632e38fd2d4,APTOS_TRAIN,model/datasets/train_manifest.csv,data/aptos2019/train_images/e632e38fd2d4.png,0,ce900eef28c31665e8e2ce39e58bb43fd131268627749baccca1d56cf5350cbb,5293195,2588,1958,PASS
ae94ce412de9,APTOS_TRAIN,model/datasets/train_manifest.csv,data/aptos2019/train_images/ae94ce412de9.png,0,d6fa84282091872a1bace6bb0d3cbc968ef00207e2e4a1923f2717854635db1b,5539309,2588,1958,PASS
f0860c21533b,APTOS_TRAIN,model/datasets/train_manifest.csv,data/aptos2019/train_images/f0860c21533b.png,0,a60b8f347d97b07ef07d9087a3b06a4d7384f85710b40df9991448ed5774121d,5384023,2588,1958,PASS
996f57c86ba5,APTOS_TRAIN,model/datasets/train_manifest.csv,data/aptos2019/train_images/996f57c86ba5.png,3,da0b6ea6fa5f6a749d36df610b7c8fabe3e5d2788a562a5b50d24186c937ae28,2830051,2144,1424,PASS
dad71ba27a9b,APTOS_TRAIN,model/datasets/train_manifest.csv,data/aptos2019/train_images/dad71ba27a9b.png,4,58b9942f71d904774caa416850ac4bdf35dade28b52d86724cd434c2708e0577,2220978,2416,1736,PASS
dbb2c63f6f08,APTOS_TRAIN,model/datasets/train_manifest.csv,data/aptos2019/train_images/dbb2c63f6f08.png,3,a91e0b42c42114d7f4e143181176a5d91db042fe1ec9c32434d125d0e58bbe6c,373710,640,480,PASS
f55e1d2a19e4,APTOS_TRAIN,model/datasets/train_manifest.csv,data/aptos2019/train_images/f55e1d2a19e4.png,1,607ce1c89d9e76c20c653836fef2e6555ed2d97332c8319bf90188eadb034a95,1977037,2416,1736,PASS
a8e08e7fe016,APTOS_TRAIN,model/datasets/train_manifest.csv,data/aptos2019/train_images/a8e08e7fe016.png,2,9894129113f41be6a380baeb9e985def3304c7b9aa0af2ebf7abf10851b76b47,2462728,2416,1736,PASS
a3132c8828e4,APTOS_TRAIN,model/datasets/train_manifest.csv,data/aptos2019/train_images/a3132c8828e4.png,0,d5716e67850c8d46e3fa601ba7bba16fd7123d96db4c36d95a73fe4e49593455,1919209,2048,1536,PASS
436fa3fd145a,APTOS_TRAIN,model/datasets/train_manifest.csv,data/aptos2019/train_images/436fa3fd145a.png,0,3be84ad3dc6263236b96ff707c61bc0c51dbbdcce0c16fa022c1143ab4c7de28,1859823,2048,1536,PASS
a987aa7aac37,APTOS_TRAIN,model/datasets/train_manifest.csv,data/aptos2019/train_images/a987aa7aac37.png,0,c6b84d5ada3dee037312145d1f1249c645d38bd13095c78f662d2f15b42a61c7,981844,1050,1050,PASS
abe940882578,APTOS_TRAIN,model/datasets/train_manifest.csv,data/aptos2019/train_images/abe940882578.png,0,550506c9f3199e82ddd085751bcc3a54437356f8cef1fa1987b8aa34e1e04fe0,917276,1050,1050,PASS
e9286ddf6ffe,APTOS_TRAIN,model/datasets/train_manifest.csv,data/aptos2019/train_images/e9286ddf6ffe.png,1,711543cb4aa5d49507b7a696c154c1ea61001a19debd49858ad546351e63b321,5373359,4288,2848,PASS
6d5a8362dd1e,APTOS_TRAIN,model/datasets/train_manifest.csv,data/aptos2019/train_images/6d5a8362dd1e.png,0,7803072b2490a27b1a9bc449a45c08cb5a9455d807a707494195f934ec2ca344,5125026,2588,1958,PASS
13d014ccd136,APTOS_TRAIN,model/datasets/train_manifest.csv,data/aptos2019/train_images/13d014ccd136.png,0,98597a18a703b8e6711dd61710559bd9658f762dbca0c6304e4a585956c91bda,1046381,1050,1050,PASS
022f820027b8,APTOS_TRAIN,model/datasets/train_manifest.csv,data/aptos2019/train_images/022f820027b8.png,0,f5555b8e815dc574aa904865dac8b1c66d0ae705d2f4cd3a7a4fc0f7e1eb289e,1934854,2048,1536,PASS
77f69c7ff324,APTOS_TRAIN,model/datasets/train_manifest.csv,data/aptos2019/train_images/77f69c7ff324.png,2,b6ab9585eddc9c6ab9854445809af1a5965e0cd06c9ef42bfffc4ac0fb182b0f,5258758,2588,1958,PASS
e4210e7fe587,APTOS_TRAIN,model/datasets/train_manifest.csv,data/aptos2019/train_images/e4210e7fe587.png,3,6c246bec28f2513f76f6e73c01ba83a8c970be150ef71f7e4e9da872cb7a7704,5145482,2588,1958,PASS
857230f64a2e,APTOS_TRAIN,model/datasets/train_manifest.csv,data/aptos2019/train_images/857230f64a2e.png,4,73f1ef1676373d626363248ec4dbce7da38e9d146a5953c851d99c0993b5b9c1,952071,1844,1226,PASS
d9ba044671e1,APTOS_TRAIN,model/datasets/train_manifest.csv,data/aptos2019/train_images/d9ba044671e1.png,4,cf2e69a79e5f693dc0788bc5e93965936fb1bf48ec7bef87ce5f0c90660ff604,2364488,3216,2136,PASS
51cfeccaf40d,APTOS_TRAIN,model/datasets/train_manifest.csv,data/aptos2019/train_images/51cfeccaf40d.png,2,85a31401176e866bfc7ab90875053ab879426164faba06a5609ec3bdebaf1c0c,2224872,3216,2136,PASS
dd90c321d7bc,APTOS_TRAIN,model/datasets/train_manifest.csv,data/aptos2019/train_images/dd90c321d7bc.png,0,519de57d5f666d68049d85b307ebbab732b306dbbbc5ba0a39bce95b7afaabc9,1956515,2048,1536,PASS
0d8f60ed9280,APTOS_TRAIN,model/datasets/train_manifest.csv,data/aptos2019/train_images/0d8f60ed9280.png,0,6272cb89350d2216461b7fb46310f0f04ecc7dd6e62a8f5db500a5ce8bb26c18,1724840,2048,1536,PASS
e8e44b3160e3,APTOS_TRAIN,model/datasets/train_manifest.csv,data/aptos2019/train_images/e8e44b3160e3.png,0,0a48d7e10a2ee375782b09c95e07b615d3e88d4611f29edc58eeb6db7935d48c,1022433,1050,1050,PASS
07a1c7073982,APTOS_TRAIN,model/datasets/train_manifest.csv,data/aptos2019/train_images/07a1c7073982.png,1,35ffa562fb388374943de03dd08cf81d0a01583ec794084ca7d4e41f3310a66d,3702413,2588,1958,PASS
983c98354e9c,APTOS_TRAIN,model/datasets/train_manifest.csv,data/aptos2019/train_images/983c98354e9c.png,0,a3fd92eed09648d6b2f4b06bdb7c043f36499ee47fc218fcbea087df629134f0,883149,1050,1050,PASS
ae8472f8d310,APTOS_TRAIN,model/datasets/train_manifest.csv,data/aptos2019/train_images/ae8472f8d310.png,1,f5f98df161d7a2ee146fe0100710530e8454ce1364d4b9448f31684af3c33e85,2160642,2416,1736,PASS
ae58ccb5905e,APTOS_TRAIN,model/datasets/train_manifest.csv,data/aptos2019/train_images/ae58ccb5905e.png,0,1c431fd961597992229975342e850e265e9213fa9b54b7a63dc4ccf7dae67f77,1011384,1050,1050,PASS
6194e0fff071,APTOS_TRAIN,model/datasets/train_manifest.csv,data/aptos2019/train_images/6194e0fff071.png,4,603be4ec7030b074ffa3c13f6789d9a5eff5de2da41e4625e5142924df38a5eb,895183,1844,1226,PASS
a0267206d51e,APTOS_TRAIN,model/datasets/train_manifest.csv,data/aptos2019/train_images/a0267206d51e.png,2,02199f2700480a611a2c5f14b06b59986fecf6450ce3c02b3431f9f7a14cc867,1940675,2416,1736,PASS
b55d2ddb3e75,APTOS_TRAIN,model/datasets/train_manifest.csv,data/aptos2019/train_images/b55d2ddb3e75.png,4,95dea575625d5229109f91ea78599b3edd85e65853800a820acc0290d06029f8,2468972,3216,2136,PASS
274f5029189b,APTOS_TRAIN,model/datasets/train_manifest.csv,data/aptos2019/train_images/274f5029189b.png,1,d67ade8c1a15913118b0281dbc8171f0289a3f4af5177d7498a002439e6c812a,2351153,2416,1736,PASS
10f10fd30718,APTOS_TRAIN,model/datasets/train_manifest.csv,data/aptos2019/train_images/10f10fd30718.png,0,8bd48cd98ce50893a4123893e289097b865a1334cc58d9a8ad22d37cc4811460,955307,1050,1050,PASS
a81b06f50612,APTOS_TRAIN,model/datasets/train_manifest.csv,data/aptos2019/train_images/a81b06f50612.png,4,57343e1a6cdf3aa129cd92392dd78eac757476510b5017593ffe8851ed9dc209,4687860,4288,2848,PASS
8a8a251770cd,APTOS_TRAIN,model/datasets/train_manifest.csv,data/aptos2019/train_images/8a8a251770cd.png,0,b09b632788f0cd02bf086c94edf00fd7b8e64827f040d9a7897f7ca01181cca5,1034382,1050,1050,PASS
565f3404f9b2,APTOS_TRAIN,model/datasets/train_manifest.csv,data/aptos2019/train_images/565f3404f9b2.png,0,c01791eff4313a92a287ba7cc6172d4da282fc36d5a1beeee496cbabb23fdcf3,1004105,1050,1050,PASS
c8a3eb9a5b52,APTOS_TRAIN,model/datasets/train_manifest.csv,data/aptos2019/train_images/c8a3eb9a5b52.png,2,df23e6610ff65d5f680db09f0aed55cf601e63ae6923e0e41ac14a439470cb79,2948038,3216,2136,PASS
2131aa3a1e6f,APTOS_TRAIN,model/datasets/train_manifest.csv,data/aptos2019/train_images/2131aa3a1e6f.png,2,499c49926d3550c4a1da64923902b75ac1d6209c1c535fa3ce9e659256d0a201,690981,1844,1226,PASS
26d9576e8043,APTOS_TRAIN,model/datasets/train_manifest.csv,data/aptos2019/train_images/26d9576e8043.png,0,2151c232e3fc8a4209d002445f3805245a4fea2bd7453b61c7109c56760257b0,312367,819,614,PASS
d18f6431ebce,APTOS_TRAIN,model/datasets/train_manifest.csv,data/aptos2019/train_images/d18f6431ebce.png,0,2114826e0c79c48a6c3a443cbd9db20ed1b7b7433fe7d9e73d903ffeacdf68ac,1007401,1050,1050,PASS
46c1548d730e,APTOS_TRAIN,model/datasets/train_manifest.csv,data/aptos2019/train_images/46c1548d730e.png,2,0e8d80e3f8e60ca0e436cb2e1072f6ab5be2547e01ebfc009c527d27696ad926,5263170,2588,1958,PASS
821789e9053f,APTOS_TRAIN,model/datasets/train_manifest.csv,data/aptos2019/train_images/821789e9053f.png,1,6b280fd8b34c09595b1b6a7bb30186567777d264314fc10d24915e827db10990,972805,1050,1050,PASS
dc0f6e5b489b,APTOS_TRAIN,model/datasets/train_manifest.csv,data/aptos2019/train_images/dc0f6e5b489b.png,0,93e542243c240dc5339d9418d0e4953ca4db15863b6ac5f4c2e2eebf1d03595c,1600778,2048,1536,PASS
541db13517e2,APTOS_TRAIN,model/datasets/train_manifest.csv,data/aptos2019/train_images/541db13517e2.png,2,27c2d08401d330120d45ca678d802ff079d9364dc74ccf02be704374c23b058e,786364,1844,1226,PASS
1c5e6cdc7ee1,APTOS_TRAIN,model/datasets/train_manifest.csv,data/aptos2019/train_images/1c5e6cdc7ee1.png,2,9da7d4f39c3abdd73e39d037c28c6ae222b46e0531a9ad47a7ab9ebd2ba26b2f,2634003,2144,1424,PASS
2bd4d4fbed5c,APTOS_TRAIN,model/datasets/train_manifest.csv,data/aptos2019/train_images/2bd4d4fbed5c.png,2,853977e15a0c7771793aee8e7825dcb32598510720c840d133c651c9dbfa9b10,3076806,3216,2136,PASS
e868c3da340b,APTOS_TRAIN,model/datasets/train_manifest.csv,data/aptos2019/train_images/e868c3da340b.png,2,dce3169b8714cab24f0c0806e0dfb8097f626f49719df358de3b7a753a0c3de2,2132417,3216,2136,PASS
ce8d2efd9d4f,APTOS_TRAIN,model/datasets/train_manifest.csv,data/aptos2019/train_images/ce8d2efd9d4f.png,0,40a3efffb89348eacb80a99e63ba4dc5d4b5418e86811873102a5017b951f1ff,1032409,1050,1050,PASS
78d53c82a23e,APTOS_TRAIN,model/datasets/train_manifest.csv,data/aptos2019/train_images/78d53c82a23e.png,2,0bea9fdd450813b178a7879bcce4b9db6d0aa9f2bd1290bc09fef5887d1f1328,418996,640,480,PASS
8c87bd748996,APTOS_TRAIN,model/datasets/train_manifest.csv,data/aptos2019/train_images/8c87bd748996.png,2,0898f844b0bfd5578067573ba6031f575b2deb1eee90a87e2d1922d0fac19ca4,3645300,3216,2136,PASS
0eff8eacb2f7,APTOS_TRAIN,model/datasets/train_manifest.csv,data/aptos2019/train_images/0eff8eacb2f7.png,2,4d5715f64a690d90bb68feef61f8e392e359e46fd092589fb40fa53f1fc215ed,2324076,2416,1736,PASS
f7e9fa75c7c1,APTOS_TRAIN,model/datasets/train_manifest.csv,data/aptos2019/train_images/f7e9fa75c7c1.png,0,336ee2fdd6fac6cdbdbc88163f895ac7897cd5891fc84b51a2a88acddd21dc01,1017525,1050,1050,PASS
5a11d21c2828,APTOS_TRAIN,model/datasets/train_manifest.csv,data/aptos2019/train_images/5a11d21c2828.png,2,3ba65149ada003897f1a8e0bc11de18dedf304ffaab0a0d5406a5e1f6713a2de,7295968,3388,2588,PASS
720b5f62ce80,APTOS_TRAIN,model/datasets/train_manifest.csv,data/aptos2019/train_images/720b5f62ce80.png,0,9c3743b1550dc39fe8fa1c83ba28f4932c923bb7cd3798d08f01e39cfaf3e198,1763069,2048,1536,PASS
96d48b073f18,APTOS_TRAIN,model/datasets/train_manifest.csv,data/aptos2019/train_images/96d48b073f18.png,2,a5255d872b62fd01ca19d8a9d10da03d503ac1394b06d697dcbbdb3a8560425b,827007,1844,1226,PASS
7f6ce40f306b,APTOS_TRAIN,model/datasets/train_manifest.csv,data/aptos2019/train_images/7f6ce40f306b.png,2,0d44a5590c356618d056596ec78f5249c42f92ea31495c19c979f235c2242705,1302424,1504,1000,PASS
b033ab4fb723,APTOS_TRAIN,model/datasets/train_manifest.csv,data/aptos2019/train_images/b033ab4fb723.png,2,3687c3770c3995788774eb4543d7f3802e90bbac64ff95b632b54d6d5319d4fe,1066156,1844,1226,PASS
23d7ca170bdb,APTOS_TRAIN,model/datasets/train_manifest.csv,data/aptos2019/train_images/23d7ca170bdb.png,2,5adb3e16fb2b2ae0bafcb5c73969e6bb34279943c288116c981a602e81cf209e,2829943,2144,1424,PASS
80ed04a84a16,APTOS_TRAIN,model/datasets/train_manifest.csv,data/aptos2019/train_images/80ed04a84a16.png,0,676d3e40d0655705e18c1d03e52a2fb32cadba633611571f90f16c1f24b5f5c0,1660477,2048,1536,PASS
40527a5e95dd,APTOS_TRAIN,model/datasets/train_manifest.csv,data/aptos2019/train_images/40527a5e95dd.png,2,f2f99744be6a6d2c18f4f6e692a01eb3281583cda08d063267a98662e2ca829c,2041833,2416,1736,PASS
62ab144d5cee,APTOS_TRAIN,model/datasets/train_manifest.csv,data/aptos2019/train_images/62ab144d5cee.png,2,9ce64cdb966b89c095bbef82ea81d1fe601a6d839db53f712f615196b823e096,2939621,2144,1424,PASS
d26bc6e1230d,APTOS_TRAIN,model/datasets/train_manifest.csv,data/aptos2019/train_images/d26bc6e1230d.png,0,7eddf4c0b38bbb6b9a289025946118b162a4f98bd64c9f5f9d6b77b306a55959,978624,1050,1050,PASS
ca1036496659,APTOS_TRAIN,model/datasets/train_manifest.csv,data/aptos2019/train_images/ca1036496659.png,1,99fc9fa82288d467f40af244c80dde331f707808dd000ac1431bda74e6491174,931537,1844,1226,PASS
cbc23af521f3,APTOS_TRAIN,model/datasets/train_manifest.csv,data/aptos2019/train_images/cbc23af521f3.png,0,eaa81ac758a979e4149b3aa4096ef5eaf7d3f004f467e86721464f216bcffd75,1939972,2048,1536,PASS
cae51154e1ce,APTOS_TRAIN,model/datasets/train_manifest.csv,data/aptos2019/train_images/cae51154e1ce.png,1,0e6858ad007fceddc121b85328d55a14bbc4b72381a126bfeb477404b92fde3d,2851842,2588,1958,PASS
7c3747c0b2c3,APTOS_TRAIN,model/datasets/train_manifest.csv,data/aptos2019/train_images/7c3747c0b2c3.png,0,a1f632c402071679d039c1a55d3ebf44a4e4b9f7660f5f171277a10b283b8a4c,1922115,2048,1536,PASS
dd3dad6ca78f,APTOS_TRAIN,model/datasets/train_manifest.csv,data/aptos2019/train_images/dd3dad6ca78f.png,3,fc4271b3dce817d8826eb1a9825b179272a686d6265c186e059784704e88e09e,2356142,2416,1736,PASS
c52bb7343387,APTOS_TRAIN,model/datasets/train_manifest.csv,data/aptos2019/train_images/c52bb7343387.png,2,f9ca26063dbbc8bb14c6b670ea59503e299c5bf3e75f7e25e5c86c5955ad0bc0,2918998,3216,2136,PASS
882a71de424e,APTOS_TRAIN,model/datasets/train_manifest.csv,data/aptos2019/train_images/882a71de424e.png,2,8fa2114617a19a8572da932478e82510a4532a8983e3d40302b4783570ba8bbd,1706013,2416,1736,PASS
6d259b5b4c76,APTOS_TRAIN,model/datasets/train_manifest.csv,data/aptos2019/train_images/6d259b5b4c76.png,4,ed126c45ba2ab87e1ce11a0922b17e8da189c97aea6ec95f242b13a48b03d4c2,3457244,3388,2588,PASS
b019a49787c1,APTOS_TRAIN,model/datasets/train_manifest.csv,data/aptos2019/train_images/b019a49787c1.png,3,9ac94c247f6a3a06f7cb82c445ab98a07ab34ce15dabf71f8c26ddafe4d49da2,2431292,2896,1944,PASS
653534ded339,APTOS_TRAIN,model/datasets/train_manifest.csv,data/aptos2019/train_images/653534ded339.png,2,51d7cebf8d12eeb61ccf6011006fe58cbec3f9f41d2ac02f18fbb16d0a52fdba,942235,1050,1050,PASS
99c6a123ed6a,APTOS_TRAIN,model/datasets/train_manifest.csv,data/aptos2019/train_images/99c6a123ed6a.png,0,f121f1bb16353a1764efd544c2ea15d1e24add3697d918910e1afa68e0b22a0f,863873,1050,1050,PASS
cac80797770f,APTOS_TRAIN,model/datasets/train_manifest.csv,data/aptos2019/train_images/cac80797770f.png,2,b9b46093b1fb9cb94d6fc306558cb52d496e9eda98bc984e60fe288f8c00e210,4181053,2588,1958,PASS
ef5155990874,APTOS_TRAIN,model/datasets/train_manifest.csv,data/aptos2019/train_images/ef5155990874.png,0,b1d000f107cea95b602382c4374ba17c09ced4c413d22e17c0cdfabd37d8c7cc,1074323,1050,1050,PASS
fd48cf452e9d,APTOS_TRAIN,model/datasets/train_manifest.csv,data/aptos2019/train_images/fd48cf452e9d.png,2,ee5cd79c61fa4065eb629eeb9e5874deeaece5cebd7ceae4fd70c4071d7da313,5301395,2588,1958,PASS
8b26d3cd61e8,APTOS_TRAIN,model/datasets/train_manifest.csv,data/aptos2019/train_images/8b26d3cd61e8.png,2,79302a3bc455f73f93501e06767244b2c41eb983a424f4f58d0149f53a07550e,2712831,2144,1424,PASS
a0d04a19cf40,APTOS_TRAIN,model/datasets/train_manifest.csv,data/aptos2019/train_images/a0d04a19cf40.png,2,dc51c5e04273ae8708fa03ebc7f0c6e625a1deaf0e4bf6a97046117572bc54f5,2730460,3216,2136,PASS
3232b34cbe99,APTOS_TRAIN,model/datasets/train_manifest.csv,data/aptos2019/train_images/3232b34cbe99.png,0,5ef8b194a3a3d1d63ab587af61c99ac876020e9b5011708af6c7044dbd8d80a7,1019522,1050,1050,PASS
55034b1dbff2,APTOS_TRAIN,model/datasets/train_manifest.csv,data/aptos2019/train_images/55034b1dbff2.png,2,093da216716b0b8bd769616b3a98ded5c33aa9e45ba452f489906feaac510223,3469731,3216,2136,PASS
06024377d573,APTOS_TRAIN,model/datasets/train_manifest.csv,data/aptos2019/train_images/06024377d573.png,2,b392ae7e0a5c038886ea04a8d71f0a83d22de7939d7e4a71f6633e41416d8639,342094,640,480,PASS
f5c953bee7cd,APTOS_TRAIN,model/datasets/train_manifest.csv,data/aptos2019/train_images/f5c953bee7cd.png,0,f4de1956a2a7b3cac6024026f66e2297a07841d690cca06605b14bd609c11f7f,998836,1050,1050,PASS
71f6a6e4620a,APTOS_TRAIN,model/datasets/train_manifest.csv,data/aptos2019/train_images/71f6a6e4620a.png,1,27f89affb34161a56e52b50388b22ed26e2a15854785b12950eefe0a2eefd2e6,2405278,2416,1736,PASS
4029d70e9d8a,APTOS_TRAIN,model/datasets/train_manifest.csv,data/aptos2019/train_images/4029d70e9d8a.png,1,d9fc46052ddcc76788b13df20b3f9e74382f039ef597653a4d60f15feaf7e01f,4600054,4288,2848,PASS
0b2ea8f268cf,APTOS_TRAIN,model/datasets/train_manifest.csv,data/aptos2019/train_images/0b2ea8f268cf.png,0,93ef6bb626939ddd49ad93f35d3089fa72af1550940b6a2191ce11b4c812fdbf,356746,819,614,PASS
17d997fe1090,APTOS_TRAIN,model/datasets/train_manifest.csv,data/aptos2019/train_images/17d997fe1090.png,0,1543bc31893b5b633b8753f31cc5a63024249584cab883d8eb70c6719ff6c4fd,5123137,2588,1958,PASS
913b1890ed1e,APTOS_TRAIN,model/datasets/train_manifest.csv,data/aptos2019/train_images/913b1890ed1e.png,2,0f84872049c177fb54c9bf8c75e51232cd6508e24f59e5db21862de973ca92d3,2665534,3216,2136,PASS
de18071c36e6,APTOS_TRAIN,model/datasets/train_manifest.csv,data/aptos2019/train_images/de18071c36e6.png,0,d326f8df25d97774665e81851b367b18b0c599f299b14c94c04529268f2b0253,296012,819,614,PASS
7ba6b23c4b46,APTOS_TRAIN,model/datasets/train_manifest.csv,data/aptos2019/train_images/7ba6b23c4b46.png,0,806b9364a1afb7481c3c7ea89c51ac064eec9c6fff8fb79edba5ce67f2b1bea4,344275,819,614,PASS
5efa24b03d5e,APTOS_TRAIN,model/datasets/train_manifest.csv,data/aptos2019/train_images/5efa24b03d5e.png,1,49523aa6b17f783bcac272c099cfafe0713b7eb9d44ed12935f8c289534a830f,2495784,2896,1944,PASS
cf6551521a35,APTOS_TRAIN,model/datasets/train_manifest.csv,data/aptos2019/train_images/cf6551521a35.png,0,6a54223815d5fa5dd5a39ef1209f292d22c4c53ffb8647db8e1a8299d29be856,1860740,2048,1536,PASS
1002b5151b8e,APTOS_TRAIN,model/datasets/train_manifest.csv,data/aptos2019/train_images/1002b5151b8e.png,0,5511d32254723c5d87e31ff11aff06c154ca80dd573755aefd052ea649fbe649,292369,819,614,PASS
523d0c2cb4d6,APTOS_TRAIN,model/datasets/train_manifest.csv,data/aptos2019/train_images/523d0c2cb4d6.png,2,fa5a607c57bddb81b0091fdde820f514adf622f780a78f003900ce30c98754c4,2776899,3216,2136,PASS
f1dc26c4bfa3,APTOS_TRAIN,model/datasets/train_manifest.csv,data/aptos2019/train_images/f1dc26c4bfa3.png,4,d504e164139621eefad7cb61a9c670dd062f4996dc741a7346aa32c4eb70f153,2553365,3216,2136,PASS
f952ad2e4356,APTOS_TRAIN,model/datasets/train_manifest.csv,data/aptos2019/train_images/f952ad2e4356.png,0,78d34804dc6ef0408bea6a933c19b29f3a0cb8ef6193dd0f315e252fc848e527,289317,819,614,PASS
51d0034d177d,APTOS_TRAIN,model/datasets/train_manifest.csv,data/aptos2019/train_images/51d0034d177d.png,2,fb8344ce10ad67bd54e63ba3fd94d37f907a892bb12d6352935c646b36ff4e3b,4881929,2588,1958,PASS
d516f77d4516,APTOS_TRAIN,model/datasets/train_manifest.csv,data/aptos2019/train_images/d516f77d4516.png,0,1255d9b29f51a5c906a2c7b103853c3dbc1f11fd4407587d17e3917f9a24314d,1768038,2048,1536,PASS
c40976189f22,APTOS_TRAIN,model/datasets/train_manifest.csv,data/aptos2019/train_images/c40976189f22.png,1,22248c6976edc9ad44023b6749059e5cd8d3b54c325dba434ff9686728112670,2401602,2416,1736,PASS
511fd66b2df8,APTOS_TRAIN,model/datasets/train_manifest.csv,data/aptos2019/train_images/511fd66b2df8.png,0,37a121cf9faffda856d867cf4b05339f54dce5c99f3c394eb52f0ce8bb016d1a,5552392,2588,1958,PASS
96c699221180,APTOS_TRAIN,model/datasets/train_manifest.csv,data/aptos2019/train_images/96c699221180.png,0,0b684ede7eee1adc5e8da13a66ee4cb7ec11bf0d42e3868ef88eb266297758a6,1040501,1050,1050,PASS
999ad827ed35,APTOS_TRAIN,model/datasets/train_manifest.csv,data/aptos2019/train_images/999ad827ed35.png,0,e19b3d43b6495d54fc443d03b0a5dc4667ca29cc2bde714121edf16fa53a5b4b,965677,1050,1050,PASS
665ce639a331,APTOS_TRAIN,model/datasets/train_manifest.csv,data/aptos2019/train_images/665ce639a331.png,1,45afa35f2756c79a02d30b4f49554f2190187802b33a3ee72db09a341ae34534,2160256,2416,1736,PASS
e5f332efcbc7,APTOS_TRAIN,model/datasets/train_manifest.csv,data/aptos2019/train_images/e5f332efcbc7.png,0,035c4232ea4bb466b23fd52e3a85c974ecf3359ae821073d613ee97e0adff664,1729320,2048,1536,PASS
5056fa7d505f,APTOS_TRAIN,model/datasets/train_manifest.csv,data/aptos2019/train_images/5056fa7d505f.png,0,63c8931be1806d1b8b3f61bcc8e525dc69daf71f333f0dbc9d69ec66e4a136e9,325148,819,614,PASS
26463a5fb949,APTOS_TRAIN,model/datasets/train_manifest.csv,data/aptos2019/train_images/26463a5fb949.png,4,3f7a1cf3dd1f4193066ac8b15b6fcc9e62d28a1da0b2f88918773039b35445fa,4708282,4288,2848,PASS
0a3202889f4d,APTOS_TRAIN,model/datasets/train_manifest.csv,data/aptos2019/train_images/0a3202889f4d.png,1,3702db035adabaf21b475c5e22fad1bef1f9a7c925bc34747e877d18ede275c9,2042273,2416,1736,PASS
a93f1ea3ff4a,APTOS_TRAIN,model/datasets/train_manifest.csv,data/aptos2019/train_images/a93f1ea3ff4a.png,2,e3ca9f1027a6f59a5c90453707eb0afb9a34577a5946bbebb66610c16ab336e9,2971801,3216,2136,PASS
5bf6f2958e53,APTOS_TRAIN,model/datasets/train_manifest.csv,data/aptos2019/train_images/5bf6f2958e53.png,0,0580576bfe8281b81c4737788ed7a4dbc6fc4338fdc2e9d0edf38ec415dc29c5,913842,1050,1050,PASS
405b4f78658f,APTOS_TRAIN,model/datasets/train_manifest.csv,data/aptos2019/train_images/405b4f78658f.png,3,49a7614167b63d14d8c28e32e829713c79c5e30a494d56a647216c2785f36505,1903521,2146,1764,PASS
4f6abc40c72d,APTOS_TRAIN,model/datasets/train_manifest.csv,data/aptos2019/train_images/4f6abc40c72d.png,0,4c217b0646708c6250ebbad4fcca9b9034275a91b794343d2f513061d7b21ab0,829816,1050,1050,PASS
2f9b66784109,APTOS_TRAIN,model/datasets/train_manifest.csv,data/aptos2019/train_images/2f9b66784109.png,2,b51900681de5a22509ff3ba4b95f821a34486cf04a89b98a2833994febfea4df,3054501,3216,2136,PASS
d035c2bd9104,APTOS_TRAIN,model/datasets/train_manifest.csv,data/aptos2019/train_images/d035c2bd9104.png,3,ed89192d02277f25b42df667802bc1ba55bd1bceadcc22ccfc83b6be2b4e92c2,866736,1050,1050,PASS
77b7b71ebcc3,APTOS_TRAIN,model/datasets/train_manifest.csv,data/aptos2019/train_images/77b7b71ebcc3.png,0,aef8952cc8da058283f0b5f44cfc2d4da1c36e4d7f1242582b60346b3db1191d,1046693,1050,1050,PASS
b89938407ee6,APTOS_TRAIN,model/datasets/train_manifest.csv,data/aptos2019/train_images/b89938407ee6.png,2,265680da170a5bfef2144a3a6f6ad40ec61f0ff041a8522f06e9d55bbeae818c,5602932,2588,1958,PASS
b3c0c3330278,APTOS_TRAIN,model/datasets/train_manifest.csv,data/aptos2019/train_images/b3c0c3330278.png,2,f8ff79e4956d735d3aaa398dffa6e8cf3351c8946bd84a17c1e83b0298126092,2341172,3216,2136,PASS
5777ef74c9ec,APTOS_TRAIN,model/datasets/train_manifest.csv,data/aptos2019/train_images/5777ef74c9ec.png,1,9b1d81f6b7b2d97aefc16566a2564805549932970d3379b0cdde20bae75b77a4,2170567,2416,1736,PASS
de50dfa745f8,APTOS_TRAIN,model/datasets/train_manifest.csv,data/aptos2019/train_images/de50dfa745f8.png,2,5f4a9e6db114bf8ead0ee4b258f0ff1124d38c488f4afee18f1be84d1ff96e3a,4992900,2588,1958,PASS
8d4d14a4ab07,APTOS_TRAIN,model/datasets/train_manifest.csv,data/aptos2019/train_images/8d4d14a4ab07.png,0,1c8d1ecff27ad8b00be68a43fa00a89a1d047ae5e327c118b4c2235d5861240a,959273,1050,1050,PASS
5b72ff04333d,APTOS_TRAIN,model/datasets/train_manifest.csv,data/aptos2019/train_images/5b72ff04333d.png,1,a27cc36ad9ee2feafdbfc50fb1318cb7e7c6850da7b945589ccde06c0212f63b,2131815,2416,1736,PASS
441848e0f308,APTOS_TRAIN,model/datasets/train_manifest.csv,data/aptos2019/train_images/441848e0f308.png,0,052708cbb8be0a02446bd001d3a6ff4b54394aa76c74a860b6cd40184bc231b6,320378,819,614,PASS
c9d42d7534e0,APTOS_TRAIN,model/datasets/train_manifest.csv,data/aptos2019/train_images/c9d42d7534e0.png,2,55064aa61b8e3bae5e8e94810f54a7c75dfcec736d501acbb9fe7018f1f5f4da,2457347,2416,1736,PASS
23148a40ecb0,APTOS_TRAIN,model/datasets/train_manifest.csv,data/aptos2019/train_images/23148a40ecb0.png,2,42d0edff4426fcc59286cd8fcdcd9c00dfefbff3b0a4fca2eec2bd5ccedeaa63,2174045,2416,1736,PASS
7bda86d95c5b,APTOS_TRAIN,model/datasets/train_manifest.csv,data/aptos2019/train_images/7bda86d95c5b.png,2,e17b44a253e1d51f584bc9f3ca5d8aef88557492722fd3a1717440d7410265fc,3388335,3216,2136,PASS
63363410389a,APTOS_TRAIN,model/datasets/train_manifest.csv,data/aptos2019/train_images/63363410389a.png,1,89f12a9eee3eb44e5f078731ced13e9dd1c8b976f72a521e09e50d9a3b316ee4,2164051,2416,1736,PASS
1d674e2e32e0,APTOS_TRAIN,model/datasets/train_manifest.csv,data/aptos2019/train_images/1d674e2e32e0.png,1,7abe54060ee4283ebe4c3034f64fa1de2f5d567cd01229a71f71df14938c96f2,4974392,4288,2848,PASS
54b322c66d01,APTOS_TRAIN,model/datasets/train_manifest.csv,data/aptos2019/train_images/54b322c66d01.png,0,afcec2e944b2088afcc09f40bcaf35d8becbbd8c645a5c6c089e138ddd6435ae,1933415,2048,1536,PASS
a6731dd737af,APTOS_TRAIN,model/datasets/train_manifest.csv,data/aptos2019/train_images/a6731dd737af.png,0,3c8868ba60ab0e4e0b6dd7093a3f8d0193ece263a5ceea01e2ba84417f8dddd8,1086901,1050,1050,PASS
36e4b704b905,APTOS_TRAIN,model/datasets/train_manifest.csv,data/aptos2019/train_images/36e4b704b905.png,0,b53c0428c39ff1e3873df037fa47438b7112c43125a2984d8524dbae132e0b55,355313,819,614,PASS
d807c53c1399,APTOS_TRAIN,model/datasets/train_manifest.csv,data/aptos2019/train_images/d807c53c1399.png,0,7a27d14d8dc05e2fc4d71a19e2be1bc84d7dcfbedcdba87ddbc15ef8234297f3,1052235,1050,1050,PASS
598b8f5b3822,APTOS_TRAIN,model/datasets/train_manifest.csv,data/aptos2019/train_images/598b8f5b3822.png,0,bbd52585bb34f394451d9090f44cadf73da526d9aa309f9b85a15a23d0ebe251,280084,819,614,PASS
f4d3169b468a,APTOS_TRAIN,model/datasets/train_manifest.csv,data/aptos2019/train_images/f4d3169b468a.png,0,e176b49912115642b3b0dd27708876f3fe701204cdc266b60095ad4f3f0b84f6,1010639,1050,1050,PASS
2b07790a2422,APTOS_TRAIN,model/datasets/train_manifest.csv,data/aptos2019/train_images/2b07790a2422.png,2,7198681bf0ef680ceec37b46226b55d94fce6fdd2564158da80f2d4883a8b996,6817327,3388,2588,PASS
6d10709053ae,APTOS_TRAIN,model/datasets/train_manifest.csv,data/aptos2019/train_images/6d10709053ae.png,0,db9e01d15d4ed9f3e2469b2edb8cdc48ccc0ca04b6cd8222bfd74b88c60bd9e6,970381,1050,1050,PASS
42b9c1977681,APTOS_TRAIN,model/datasets/train_manifest.csv,data/aptos2019/train_images/42b9c1977681.png,0,bb3af9c35798941c4c166a709917656a88620ac29a2ace5c6e83b3407a1d3210,1144776,1050,1050,PASS
40dd4e6e4444,APTOS_TRAIN,model/datasets/train_manifest.csv,data/aptos2019/train_images/40dd4e6e4444.png,0,a63a1c9755e06b61c3e1fc41bac91c5ff7a772ae28600ce25b94acf8ec8ad9d0,1940441,2048,1536,PASS
0a09aa7356c0,APTOS_TRAIN,model/datasets/train_manifest.csv,data/aptos2019/train_images/0a09aa7356c0.png,2,92f2459dc7e6a60eedde42c90ae6b6f867a52a496ed38c0b5566c0a95591d245,5236251,2588,1958,PASS
7ee6de71c140,APTOS_TRAIN,model/datasets/train_manifest.csv,data/aptos2019/train_images/7ee6de71c140.png,0,f2ed8b9445510553e8a4d457a2aa1ecc3a4bb23fbbbe95e6316fff91615e89bc,995474,1050,1050,PASS
1f9ccda4ddf2,APTOS_TRAIN,model/datasets/train_manifest.csv,data/aptos2019/train_images/1f9ccda4ddf2.png,0,df68bf83a95113fdf0d140240c840547a6e5d040404d0657b0a1354d9c826ec4,329811,819,614,PASS
8114d6a160df,APTOS_TRAIN,model/datasets/train_manifest.csv,data/aptos2019/train_images/8114d6a160df.png,1,5ca081c7ff236d7719b9b5cb3395453d04f100fd151647dd929ba2ce90cc0124,4977348,4288,2848,PASS
aa5ce75edcf5,APTOS_TRAIN,model/datasets/train_manifest.csv,data/aptos2019/train_images/aa5ce75edcf5.png,2,fefdcb5ddd679dbf62f2853d24326245aea07abc6b0f311e8e5c6f71e81e12dc,2432497,2416,1736,PASS
ad2f0b9d059c,APTOS_TRAIN,model/datasets/train_manifest.csv,data/aptos2019/train_images/ad2f0b9d059c.png,3,fe1f6d6bc3a57e90afbc3ecd95907aa56cde0e07aa5e03ac5ec7e52fa4ac8406,343427,640,480,PASS
ef8c39eb9157,APTOS_TRAIN,model/datasets/train_manifest.csv,data/aptos2019/train_images/ef8c39eb9157.png,0,fb6b5c18dc352c4b9b083fb23aa2ac90ca249196bbe482d3598e4f38c84ddaae,1575669,2048,1536,PASS
b085caa513a8,APTOS_TRAIN,model/datasets/train_manifest.csv,data/aptos2019/train_images/b085caa513a8.png,0,807d2aec21ee424dd5a06a34f0645834cd2d60d671cd4eb104be2347a2c6fb89,300050,819,614,PASS
4f7755e74a9e,APTOS_TRAIN,model/datasets/train_manifest.csv,data/aptos2019/train_images/4f7755e74a9e.png,1,74e72d308b1a821cec4a8249ab9b48167335d853c43e91405c4f0b23a360568c,2157277,2416,1736,PASS
aa841de1ee82,APTOS_TRAIN,model/datasets/train_manifest.csv,data/aptos2019/train_images/aa841de1ee82.png,2,55dd4044d995cd5dfb61201068d42949086f036d8d2a0111e12f48d7f56bac9a,5585250,2588,1958,PASS
c12e9ca420a5,APTOS_TRAIN,model/datasets/train_manifest.csv,data/aptos2019/train_images/c12e9ca420a5.png,0,5b758546f6cc3ee234480764a601b24507198553768861008e1ac7e370ce0891,1939812,2048,1536,PASS
cca626a0e19a,APTOS_TRAIN,model/datasets/train_manifest.csv,data/aptos2019/train_images/cca626a0e19a.png,2,70ecd74f4735c3af9febd9651cf592448a4d68db74f492c7d8e213cc8ece2c98,847080,1844,1226,PASS
f71aca5a7dc3,APTOS_TRAIN,model/datasets/train_manifest.csv,data/aptos2019/train_images/f71aca5a7dc3.png,0,cff1dd304fc3c4f908932680667d2ecc3285948d4d376dffc4d5378754976e79,1685170,2048,1536,PASS
2f2e1949ad56,APTOS_TRAIN,model/datasets/train_manifest.csv,data/aptos2019/train_images/2f2e1949ad56.png,1,77b58a496f2c4b24cc9ef70d79457766ae7d25a628a3641255752be9fddf4a1d,2018286,2416,1736,PASS
06b71823f9cd,APTOS_TRAIN,model/datasets/train_manifest.csv,data/aptos2019/train_images/06b71823f9cd.png,1,50d508861e8cd67b2e91c0589aac5c13ec022910a983d0521976c1052b2327e8,4729772,4288,2848,PASS
799214e8b07c,APTOS_TRAIN,model/datasets/train_manifest.csv,data/aptos2019/train_images/799214e8b07c.png,0,2fd28f1a5f56856eb6818820d0507f589bc4ff11e0ac2b77c174642c8ab1609d,840530,1050,1050,PASS
115e42dd6a81,APTOS_TRAIN,model/datasets/train_manifest.csv,data/aptos2019/train_images/115e42dd6a81.png,2,4e78f86ca28cd92c7b297e5df5473afc557d56c3065e1aeb589926d9e92b5c7d,2284847,2416,1736,PASS
c6a145742708,APTOS_TRAIN,model/datasets/train_manifest.csv,data/aptos2019/train_images/c6a145742708.png,4,f8cb112c295eedcbf7742eb87e18c03ef6c53fce4d08818ca212f410f147befb,7307332,3388,2588,PASS
a015ce4f51ad,APTOS_TRAIN,model/datasets/train_manifest.csv,data/aptos2019/train_images/a015ce4f51ad.png,2,2acd5290f2f9efdb46224594d18d33dad567d53960c2bfe27536a87c02d2a591,2271493,3216,2136,PASS
f3b6b7ca1eb1,APTOS_TRAIN,model/datasets/train_manifest.csv,data/aptos2019/train_images/f3b6b7ca1eb1.png,2,d5666b9e47b815471af35b6a55d0e15a3d18cd38d1834cf5e16a926c03e699d2,2120476,2416,1736,PASS
3823acc4e464,APTOS_TRAIN,model/datasets/train_manifest.csv,data/aptos2019/train_images/3823acc4e464.png,0,87e8a685eb9bae6b5156a1fca8de57fcfcbcb24131335b13d8a1a6c1c7236f5d,1946007,2048,1536,PASS
8ffa608170d3,APTOS_TRAIN,model/datasets/train_manifest.csv,data/aptos2019/train_images/8ffa608170d3.png,0,2e04d792994b47f842f7f57848159972db1d98acfe3ea730ba6b7f94f16c989f,361853,819,614,PASS
f9156aeffc5e,APTOS_TRAIN,model/datasets/train_manifest.csv,data/aptos2019/train_images/f9156aeffc5e.png,3,31fb60d6a075352fd929e1f72d9ecb3844152c187b70af6c282934a245854041,2134109,2896,1944,PASS
abf09c44d5f4,APTOS_TRAIN,model/datasets/train_manifest.csv,data/aptos2019/train_images/abf09c44d5f4.png,2,14cebea713c0485e959e500b57577e5a9eea502634960232a38d333791ff08fc,3146735,3216,2136,PASS
80e7cc0a0649,APTOS_TRAIN,model/datasets/train_manifest.csv,data/aptos2019/train_images/80e7cc0a0649.png,3,6d15a3143857e644240770caae6aec93166010585a21572ece8f244a017499d8,4311619,2588,1958,PASS
9e2a8135f471,APTOS_TRAIN,model/datasets/train_manifest.csv,data/aptos2019/train_images/9e2a8135f471.png,0,547de85b7d658b7dabc6822617830261a874effa425e809dbc8771085d871ade,973739,1050,1050,PASS
32d7d360d891,APTOS_TRAIN,model/datasets/train_manifest.csv,data/aptos2019/train_images/32d7d360d891.png,0,71f7ddc1c1f81d6e0d3f3a85f2ad3fc4e6cee83bb7543a7049be5c1565a1558f,894329,1050,1050,PASS
35362d43e753,APTOS_TRAIN,model/datasets/train_manifest.csv,data/aptos2019/train_images/35362d43e753.png,0,1a0b5229eec986a4b96a3a6b6fe9c2f713e58e8d617d66f7cca48ac63ddbbe11,783597,1050,1050,PASS
e246cd89e1cc,APTOS_TRAIN,model/datasets/train_manifest.csv,data/aptos2019/train_images/e246cd89e1cc.png,0,203c49f7c345fc769a495732308fb1813997d09c539d6dd1d1fce3cca7810fe4,935978,1050,1050,PASS
3a6e9730b298,APTOS_TRAIN,model/datasets/train_manifest.csv,data/aptos2019/train_images/3a6e9730b298.png,4,f57bd8ab9962ef5a768701fb304bdbe49d40bbc08c3c3de0611efb38e947e064,5015274,2588,1958,PASS
97bf61736b86,APTOS_TRAIN,model/datasets/train_manifest.csv,data/aptos2019/train_images/97bf61736b86.png,2,ad527eb4753e20c64a655fccc312e33878861149ab721a18b02eaaeade7b88e7,2333921,3216,2136,PASS
63c0eafd6aa9,APTOS_TRAIN,model/datasets/train_manifest.csv,data/aptos2019/train_images/63c0eafd6aa9.png,0,c583ef996221609761b91d6adb28f48d361b6ecda4889870bd7ebd4c6c6eb30a,1074123,1050,1050,PASS
d10ef306996b,APTOS_TRAIN,model/datasets/train_manifest.csv,data/aptos2019/train_images/d10ef306996b.png,4,c7ee4d320b4422153aef7144e697c900774e852101414baaa02f942b204a5c88,3158719,3216,2136,PASS
753b14c27c83,APTOS_TRAIN,model/datasets/train_manifest.csv,data/aptos2019/train_images/753b14c27c83.png,4,ed986e8670d156ad6dfa5bd6aad35f9514ae14b1ccbf383955afeeeacba7d43b,2240322,2416,1736,PASS
c5ad60521f8c,APTOS_TRAIN,model/datasets/train_manifest.csv,data/aptos2019/train_images/c5ad60521f8c.png,2,b9b7596288ff6758a86f45b4b34f3c7e91ace505767e914e4ef864f8c11c1c15,728312,1504,1000,PASS
494fc9c745a3,APTOS_TRAIN,model/datasets/train_manifest.csv,data/aptos2019/train_images/494fc9c745a3.png,1,6fd846751350f716fe0706c4d6f9aad6933c6c37ebe14c26e1e7ec6aa6e572c1,2323549,2416,1736,PASS
3323fd59782e,APTOS_TRAIN,model/datasets/train_manifest.csv,data/aptos2019/train_images/3323fd59782e.png,0,56f55061d0b5e40b72677ca18b3bea888b5aa249c12c205eb6c9f6ff2820ecba,969899,1050,1050,PASS
30263a7d5609,APTOS_TRAIN,model/datasets/train_manifest.csv,data/aptos2019/train_images/30263a7d5609.png,0,a6240a22af8e3b9d2e971a05ee9b7d02be5f5d8dd340b3dfc2f1c5b9cfef8d2c,5013117,2588,1958,PASS
57a5e4274275,APTOS_TRAIN,model/datasets/train_manifest.csv,data/aptos2019/train_images/57a5e4274275.png,0,c8c540351e3340c8c5121513ed03ea7725f7bd6c5f071deafb57e7fe6527df68,1930983,2048,1536,PASS
7b49041cbf17,APTOS_TRAIN,model/datasets/train_manifest.csv,data/aptos2019/train_images/7b49041cbf17.png,3,8748cb350d8cbfa369e3f9d008c477579d93697d7d2193ac2765b30abeade09d,5834387,2588,1958,PASS
4926dea289f8,APTOS_TRAIN,model/datasets/train_manifest.csv,data/aptos2019/train_images/4926dea289f8.png,0,67787f807b594cfc89e21e19521758b8e93a6d98809a59381b34f3309648868a,1000277,1050,1050,PASS
1608c82a263f,APTOS_TRAIN,model/datasets/train_manifest.csv,data/aptos2019/train_images/1608c82a263f.png,0,bb0c30cc2198df676568e8e9c588fb4812c5004c8f82a803f3e185262cd6b043,5382868,2588,1958,PASS
a26f50218b84,APTOS_TRAIN,model/datasets/train_manifest.csv,data/aptos2019/train_images/a26f50218b84.png,0,2af0fbe6830b9da6cf9cdb26617c26a16ca6b04939678c77d099eaee3f490505,335147,819,614,PASS
70f5caf5f305,APTOS_TRAIN,model/datasets/train_manifest.csv,data/aptos2019/train_images/70f5caf5f305.png,2,ee1d40cbcefae223ccc57b5f7f0ab2f0a04bae7ba68be1737e13633e04146748,1011435,1050,1050,PASS
27933cdbe0cc,APTOS_TRAIN,model/datasets/train_manifest.csv,data/aptos2019/train_images/27933cdbe0cc.png,0,416d11911bda6e0ef489ae5c85e3bb1eaba28f6124ea7768d8ea23c4238281dc,942488,1050,1050,PASS
6e092caa065f,APTOS_TRAIN,model/datasets/train_manifest.csv,data/aptos2019/train_images/6e092caa065f.png,0,92c8f4c7c59d35bb0b8c14f8c968d36ea8ced4d3f3b4ef7d332b4f2565b663d1,1010508,1050,1050,PASS
2a3a1ed1c285,APTOS_TRAIN,model/datasets/train_manifest.csv,data/aptos2019/train_images/2a3a1ed1c285.png,2,8dfd5a44445d0d11501906456bb1a1b29c6c77c12b05b02cb7cde276c88f8a18,5654772,3216,2136,PASS
f58cdfa968be,APTOS_TRAIN,model/datasets/train_manifest.csv,data/aptos2019/train_images/f58cdfa968be.png,0,2396fc569f11028834d8c5f7ff885096cdda7c67a249ced32cc1ae39e12a97a9,1946369,2048,1536,PASS
fcc32dffd24d,APTOS_TRAIN,model/datasets/train_manifest.csv,data/aptos2019/train_images/fcc32dffd24d.png,0,e70128cc4ec8f97db2205c723803d4fbf90edae1b23a3f47a5dd73a627a8bfa9,5780020,2588,1958,PASS
d865997a6280,APTOS_TRAIN,model/datasets/train_manifest.csv,data/aptos2019/train_images/d865997a6280.png,0,07be01bea1b06de2245c82a70e05bbd2a0f462cac5f9d7226489281328e9347e,1894430,2048,1536,PASS
c38dec54a9f7,APTOS_TRAIN,model/datasets/train_manifest.csv,data/aptos2019/train_images/c38dec54a9f7.png,0,37b1fc5f5f72b993b80180dc7d986400804800d9b335c1feb3d945f95256483d,1024292,1050,1050,PASS
a07efb1ecfc0,APTOS_TRAIN,model/datasets/train_manifest.csv,data/aptos2019/train_images/a07efb1ecfc0.png,0,40645fc0d8cd40fedd0c8bc00f213a61122e7c68d799226c8761287751bca72f,1971146,2048,1536,PASS
a386ec9aabde,APTOS_TRAIN,model/datasets/train_manifest.csv,data/aptos2019/train_images/a386ec9aabde.png,2,5283e3e41656dd3239a59d0a4f9a7e8e94a45beb5334db3d2e95bfd91a3dc55e,2010194,2416,1736,PASS
b468ebf5cb11,APTOS_TRAIN,model/datasets/train_manifest.csv,data/aptos2019/train_images/b468ebf5cb11.png,2,4429f8759645786dc55f62575a5b08800d9a22c752d757d28ba17a1dfd3d3380,2746351,3216,2136,PASS
677f087cd697,APTOS_TRAIN,model/datasets/train_manifest.csv,data/aptos2019/train_images/677f087cd697.png,1,81bb5ebd87cf51d5c0f607c6fc80b9ac261f2999a7ff43fa5b53cd7c55e57077,2174592,2416,1736,PASS
8bc6716c2238,APTOS_TRAIN,model/datasets/train_manifest.csv,data/aptos2019/train_images/8bc6716c2238.png,1,2d673625dd5bf2db13904e610ae75f1ebc83684f92a53f5d2408c1cbda0b1d4a,5215668,2588,1958,PASS
bdf47b9f10c4,APTOS_TRAIN,model/datasets/train_manifest.csv,data/aptos2019/train_images/bdf47b9f10c4.png,0,a4ca923216c52048df7aed9b8046a98426a8b626a8660ca77d77683ab24470de,1015232,1050,1050,PASS
384631079d1e,APTOS_TRAIN,model/datasets/train_manifest.csv,data/aptos2019/train_images/384631079d1e.png,1,6027ce8d65e10666ea6b1f298c73122011acd04ace33192b806f1f006d3efbaa,7224523,3388,2588,PASS
382752f6694a,APTOS_TRAIN,model/datasets/train_manifest.csv,data/aptos2019/train_images/382752f6694a.png,1,ddb3b7600e02ca5c60776d4fee4174b1127d52d67212eda73cd70fb6895d6b51,2173296,2416,1736,PASS
38b9bb961847,APTOS_TRAIN,model/datasets/train_manifest.csv,data/aptos2019/train_images/38b9bb961847.png,1,05ec253d52e37a1faaa434b7ca8d8c8c4e8d9491f7d7c03f34a68c0d9ca0b1de,838024,1050,1050,PASS
cd314653a4d8,APTOS_TRAIN,model/datasets/train_manifest.csv,data/aptos2019/train_images/cd314653a4d8.png,0,11b12f6391315b6e66bc6224c22aef083659911551bf606263e7b84757e5e8e7,1908708,2048,1536,PASS
1ae3c58759fb,APTOS_TRAIN,model/datasets/train_manifest.csv,data/aptos2019/train_images/1ae3c58759fb.png,0,207cd51202726af478972d6d2ca73ce92c8165474fb296b62e48102151892b90,975503,1050,1050,PASS
3b2b91590590,APTOS_TRAIN,model/datasets/train_manifest.csv,data/aptos2019/train_images/3b2b91590590.png,0,6d2437250176c42e809bed42f49c7d2ef357680c735f1ae76ede9dfdbd07565f,1048447,1050,1050,PASS
19545647508e,APTOS_TRAIN,model/datasets/train_manifest.csv,data/aptos2019/train_images/19545647508e.png,0,94e6f2025d34561358970301702ab017290d074a06699a83ec729aa1222071f4,1022851,1050,1050,PASS
460893cd86e3,APTOS_TRAIN,model/datasets/train_manifest.csv,data/aptos2019/train_images/460893cd86e3.png,2,3a5b5aef35a4ac674a39c76f0b4e215a5e810e54207b0507452617f3b8349205,904370,1050,1050,PASS
81371b0c01ad,APTOS_TRAIN,model/datasets/train_manifest.csv,data/aptos2019/train_images/81371b0c01ad.png,0,5f17cd5507cf9b2eee368cf3afbf2c673ccb2ae828953b5ed774589315bd84aa,318522,819,614,PASS
e7b5dd5bab1f,APTOS_TRAIN,model/datasets/train_manifest.csv,data/aptos2019/train_images/e7b5dd5bab1f.png,0,465a4d9b1533c3a2ca12c51eb897ef280d94c0e7447fd41ce0019e74e95f51d4,1019875,1050,1050,PASS
4c129470cec4,APTOS_TRAIN,model/datasets/train_manifest.csv,data/aptos2019/train_images/4c129470cec4.png,1,cdf0c69195e3b96cd4c1c8df2d2459ae4736614d0b3e6470901876c0421d93f7,1958394,2416,1736,PASS
aa9cfe639ef1,APTOS_TRAIN,model/datasets/train_manifest.csv,data/aptos2019/train_images/aa9cfe639ef1.png,2,db31d78bd470bd31486a3784e836dce1c108b931088f99f9dcf389bdce02be11,4523231,3388,2588,PASS
05cd0178ccfe,APTOS_TRAIN,model/datasets/train_manifest.csv,data/aptos2019/train_images/05cd0178ccfe.png,3,c6aa3c6387291327f7d4ec1e07e26074646fe6c1ebb9b9a06fc898ba7e193d02,2432177,2416,1736,PASS
a21b37719f9b,APTOS_TRAIN,model/datasets/train_manifest.csv,data/aptos2019/train_images/a21b37719f9b.png,2,b0a840e8701bd1f7f475caf7434b841c73428eccc6de8e81563f86d44c2b055a,2092461,2416,1736,PASS
12ce6a1a1f31,APTOS_TRAIN,model/datasets/train_manifest.csv,data/aptos2019/train_images/12ce6a1a1f31.png,1,ea8273168d53ddc183d2c904af0582096d205f975dd06517813d280250ce1478,2179434,2416,1736,PASS
2b4c7b5f1f1e,APTOS_TRAIN,model/datasets/train_manifest.csv,data/aptos2019/train_images/2b4c7b5f1f1e.png,0,4e3a6e739fce6f497af947407ce3edac0fb39c923763398069d4f3b4f206b770,839733,1050,1050,PASS
1c0e5dd1b14c,APTOS_TRAIN,model/datasets/train_manifest.csv,data/aptos2019/train_images/1c0e5dd1b14c.png,2,28fb31362d8bf205044bf1a9a6992a0afee72dfda4e2d857225615c81290ac1d,2215291,3216,2136,PASS
c67117c6ab3b,APTOS_TRAIN,model/datasets/train_manifest.csv,data/aptos2019/train_images/c67117c6ab3b.png,3,ddbdb14be93d92660c34ca773da72275f763852509388fa0f57cf62550515e61,1877038,2416,1736,PASS
1601c939412f,APTOS_TRAIN,model/datasets/train_manifest.csv,data/aptos2019/train_images/1601c939412f.png,0,4f77f730acb162f5115d6833c5e9bd1e21966835058008b388542797cf807817,1099200,1050,1050,PASS
5cbe88914a72,APTOS_TRAIN,model/datasets/train_manifest.csv,data/aptos2019/train_images/5cbe88914a72.png,0,5f298911d6877bdafa2480e1352989f606c924136c7b2350ac01c98a672cd7d3,1015426,1050,1050,PASS
2dc647e00ad3,APTOS_TRAIN,model/datasets/train_manifest.csv,data/aptos2019/train_images/2dc647e00ad3.png,0,58422e5befd8e7be2a08dd63b30def444e4bafb62b2a350a840124b03ecf20d8,5119956,2588,1958,PASS
a9dc80cba9a4,APTOS_TRAIN,model/datasets/train_manifest.csv,data/aptos2019/train_images/a9dc80cba9a4.png,0,ed38fc4ed307cc43e9d3fd32a5970524267db70e1286c3a35d48744a31841c03,5136666,2588,1958,PASS
0da632ca45e0,APTOS_TRAIN,model/datasets/train_manifest.csv,data/aptos2019/train_images/0da632ca45e0.png,0,f4e1485c29a1cd03743f9fd769d222d2f51794a0ceb475639ed4211976b6b4ee,1754152,2048,1536,PASS
6f0463c1ff18,APTOS_TRAIN,model/datasets/train_manifest.csv,data/aptos2019/train_images/6f0463c1ff18.png,2,ff1ea0d1107c9f27a9177814fa8db3aac790efbcc1b4cd3f7b33d8c07ca16c4d,2812754,3216,2136,PASS
f58d37d48e42,APTOS_TRAIN,model/datasets/train_manifest.csv,data/aptos2019/train_images/f58d37d48e42.png,4,4eb23f8836b28ba14bd21314df00787ced0c4337ef3a5a6d4f30c0a997ad0f29,3479086,3388,2588,PASS
7ad0c4975890,APTOS_TRAIN,model/datasets/train_manifest.csv,data/aptos2019/train_images/7ad0c4975890.png,0,d1153846d2f5848fb687ea541a976998a34ffd65c051c8a0d456d3ef69d50cbc,2191812,2416,1736,PASS
7b8c78b41c0d,APTOS_TRAIN,model/datasets/train_manifest.csv,data/aptos2019/train_images/7b8c78b41c0d.png,2,3b0214223cad87c9d090758bce1bfec015780ee59a04404a55fb4bbfe6b4d97b,5407775,2588,1958,PASS
0304bedad8fe,APTOS_TRAIN,model/datasets/train_manifest.csv,data/aptos2019/train_images/0304bedad8fe.png,0,904d4480144d5817e7c29cb61690593947e80f58c9d9c04fe33d2c179f718a20,1019054,1050,1050,PASS
0bf37ca3156a,APTOS_TRAIN,model/datasets/train_manifest.csv,data/aptos2019/train_images/0bf37ca3156a.png,4,ce364521a6045978369a342cca45379054c6b2e13559fd77fb59130e9dfe58e0,5208485,2588,1958,PASS
959bb2d01091,APTOS_TRAIN,model/datasets/train_manifest.csv,data/aptos2019/train_images/959bb2d01091.png,0,8da8f68ca629671c0aa964901bf25c114e79d34adc3a26ea52fbaa2c5458c2be,320907,819,614,PASS
e4b0df29b96f,APTOS_TRAIN,model/datasets/train_manifest.csv,data/aptos2019/train_images/e4b0df29b96f.png,0,071f94a04b8b78afcb7687826aba9615c506e8e30e6fed2fcfcd0e4014ee1910,948092,1050,1050,PASS
3ac92ac3d65a,APTOS_TRAIN,model/datasets/train_manifest.csv,data/aptos2019/train_images/3ac92ac3d65a.png,0,26ced9756b4ad5c23c0a46039ac49632509464eaf781b8c6e32e3130429f9bf0,1800834,2048,1536,PASS
6c4ec95dd8ba,APTOS_TRAIN,model/datasets/train_manifest.csv,data/aptos2019/train_images/6c4ec95dd8ba.png,0,866cdbda4eb6b8d49ffc2f6acbae616ed546097ede9009570b3140bb785df290,5063341,2588,1958,PASS
f9aa35187bf3,APTOS_TRAIN,model/datasets/train_manifest.csv,data/aptos2019/train_images/f9aa35187bf3.png,2,2171b2ea4a5d724e9e87e4a4edf6ee9e7edc827a174aa11da06046117f21967f,907604,1050,1050,PASS
b73d0bcd3d33,APTOS_TRAIN,model/datasets/train_manifest.csv,data/aptos2019/train_images/b73d0bcd3d33.png,0,3fafd211af8b6121273df6d03c75be896226c775508fc80ef4349b7367ab6149,259728,819,614,PASS
80feb1f7ca5e,APTOS_TRAIN,model/datasets/train_manifest.csv,data/aptos2019/train_images/80feb1f7ca5e.png,2,be36a90b3a0c7155876f557d25227e48bdc1b27c730db94ea22dc0852d154a17,6156817,3216,2136,PASS
0cecc2864b7f,APTOS_TRAIN,model/datasets/train_manifest.csv,data/aptos2019/train_images/0cecc2864b7f.png,0,4ce734f3e61f24182aa552b1e4cc840ef45c51285678aeb5bb882405759954fb,346347,819,614,PASS
a28bfb772f50,APTOS_TRAIN,model/datasets/train_manifest.csv,data/aptos2019/train_images/a28bfb772f50.png,1,bebe04530ad77e816f822c8ee7ef31e917c7a16ed09ada216c3bec2bf968eb94,790032,1844,1226,PASS
b82d5f1f1145,APTOS_TRAIN,model/datasets/train_manifest.csv,data/aptos2019/train_images/b82d5f1f1145.png,2,13739cca9fa4d1e77a3e82876c56e54763dacaf1b49e5c76d344ef5a89e61131,1162508,1844,1226,PASS
6cdd0f985270,APTOS_TRAIN,model/datasets/train_manifest.csv,data/aptos2019/train_images/6cdd0f985270.png,1,2fba8f5575ede140ca1c6104b9663be3696d148c52a2039b2c8fc2450a61cb3c,4445159,4288,2848,PASS
30941b65348b,APTOS_TRAIN,model/datasets/train_manifest.csv,data/aptos2019/train_images/30941b65348b.png,1,35afe6ae192a3379ff70eb169bd26a1ef9a9b0da2e4e795a1afd939ae520237f,2073329,2416,1736,PASS
f3cd489acbee,APTOS_TRAIN,model/datasets/train_manifest.csv,data/aptos2019/train_images/f3cd489acbee.png,2,d13faeb54e517a613fbd8d5f72a16b72b3e0090cbafea4cd66dd5a832a0a162c,3255070,3216,2136,PASS
1e036f2e7095,APTOS_TRAIN,model/datasets/train_manifest.csv,data/aptos2019/train_images/1e036f2e7095.png,0,3cafd56e200f9eb959a84bfc1c4861a30c6a2eea67c52f18bccff8dbed88257c,5276373,2588,1958,PASS
51e656e5a541,APTOS_TRAIN,model/datasets/train_manifest.csv,data/aptos2019/train_images/51e656e5a541.png,0,ccbf698321cd4b3a044617be17d89688c27840a411e3158052093256489b8502,286727,819,614,PASS
0fffa73e2402,APTOS_TRAIN,model/datasets/train_manifest.csv,data/aptos2019/train_images/0fffa73e2402.png,2,13763c9cb8077c0c2061ab836dbf627351dd2ea9d9ba0ce66988d1e6f5c4c2d2,2210480,2416,1736,PASS
457c7c927e27,APTOS_TRAIN,model/datasets/train_manifest.csv,data/aptos2019/train_images/457c7c927e27.png,3,b25b1f805726c69bdcf96eb30ae771d5aa8f97d642ba0874b6d443895c8ae8e9,5143139,2588,1958,PASS
513b0a4651fa,APTOS_TRAIN,model/datasets/train_manifest.csv,data/aptos2019/train_images/513b0a4651fa.png,1,04c59d2abb62b8dbd4a790d418335b4e990ae5a1da61f5af16e48f1a3fcd4954,965577,1050,1050,PASS
b927a9238434,APTOS_TRAIN,model/datasets/train_manifest.csv,data/aptos2019/train_images/b927a9238434.png,2,ce0e54e9eda02f6abaaa895464782ccf61b40d3c99ca327a6222bf236247c0a1,3154379,3216,2136,PASS
5995321563b7,APTOS_TRAIN,model/datasets/train_manifest.csv,data/aptos2019/train_images/5995321563b7.png,0,1142a953e297b180dfc8072c0d369fdc095f2037659090ed84ca1128b4a1bc11,1043899,1050,1050,PASS
232549883508,APTOS_TRAIN,model/datasets/train_manifest.csv,data/aptos2019/train_images/232549883508.png,2,744e2e27834c2d9418fe8cd6ef9df5922ebda793c01acb3fd16c3b7e24b1d36c,1974877,2416,1736,PASS
18b7e34eab8f,APTOS_TRAIN,model/datasets/train_manifest.csv,data/aptos2019/train_images/18b7e34eab8f.png,0,49642368981c8066c0b9d426fb33acf4505981fa15143425be18c64ff60064c2,947777,1050,1050,PASS
11d8e5eaee5b,APTOS_TRAIN,model/datasets/train_manifest.csv,data/aptos2019/train_images/11d8e5eaee5b.png,0,5cebe8af41e038845576124bd74e2c49a8b342e9870efd2fe7537f29bdc4994d,996553,1050,1050,PASS
2776d70724d3,APTOS_TRAIN,model/datasets/train_manifest.csv,data/aptos2019/train_images/2776d70724d3.png,2,236561a267d22abcf8d54976d3651ebb760c8cf5bf7c261539be48ce65d4ee69,2836409,3216,2136,PASS
eb050765b323,APTOS_TRAIN,model/datasets/train_manifest.csv,data/aptos2019/train_images/eb050765b323.png,0,cc9fdd141e0f84debf172fb264481869b0969bb3172b12ddc6405b1e4b2f4591,1046507,1050,1050,PASS
e265c870f9b3,APTOS_TRAIN,model/datasets/train_manifest.csv,data/aptos2019/train_images/e265c870f9b3.png,2,912781673afacd3a5b69b5713d8b1a09f05c157a39a034d4a0bf524e1ad14943,7674292,3388,2588,PASS
eaa0dfbd5024,APTOS_TRAIN,model/datasets/train_manifest.csv,data/aptos2019/train_images/eaa0dfbd5024.png,4,b3b0babe462ef4f90c1b1e2c0702e76491ec5d2bc9e0dcb719d1ed6b82dbb485,2326521,2416,1736,PASS
6107a2e9f60e,APTOS_TRAIN,model/datasets/train_manifest.csv,data/aptos2019/train_images/6107a2e9f60e.png,0,b7ce2d07b88552e0c6aa475258782aa3531df72513bb3bb2fea7d3c12b6d8667,2271563,1476,1117,PASS
ff344e5c9341,APTOS_TRAIN,model/datasets/train_manifest.csv,data/aptos2019/train_images/ff344e5c9341.png,2,c3c484ae4e288bc29e6cdcdc1da00829be23c3220ed5144eebcd2255f7cff45d,2250953,3216,2136,PASS
1864d3411143,APTOS_TRAIN,model/datasets/train_manifest.csv,data/aptos2019/train_images/1864d3411143.png,0,447087e1db89e45353dcac3c57a74fc38741b74a96c5736942bcd4e40fd54462,1941341,2048,1536,PASS
e85d410d6836,APTOS_TRAIN,model/datasets/train_manifest.csv,data/aptos2019/train_images/e85d410d6836.png,2,a2ea50a12d7aa88048fba89524fa22cec59aa3eea79d3bd5e573ad6fa823e8f5,323496,640,480,PASS
75369248dba0,APTOS_TRAIN,model/datasets/train_manifest.csv,data/aptos2019/train_images/75369248dba0.png,0,45d7ba0d74d244cc0c6aa6e56dfe88daf75c9c03485e895d276693e3dda5594f,1004457,1050,1050,PASS
e1ab92228e60,APTOS_TRAIN,model/datasets/train_manifest.csv,data/aptos2019/train_images/e1ab92228e60.png,0,23291aa37fe5fdfffe80be39ea449f5259f4f477bdaa6230d74a10d20a985e40,2189710,2416,1736,PASS
85cbb84ac8e0,APTOS_TRAIN,model/datasets/train_manifest.csv,data/aptos2019/train_images/85cbb84ac8e0.png,4,72ab505ff9112d9dcb6496d8f78b8476f484365839b8a45d5267e09f40a5df8d,2263449,2416,1736,PASS
d81338217fc5,APTOS_TRAIN,model/datasets/train_manifest.csv,data/aptos2019/train_images/d81338217fc5.png,2,fd639f436d79e16c3590c879b8ea10f626d45255e2c818ec4d9d4c00ccbf9b4b,4958585,2588,1958,PASS
eda29a9d78f3,APTOS_TRAIN,model/datasets/train_manifest.csv,data/aptos2019/train_images/eda29a9d78f3.png,0,083d6e991502ddb20bac5ece59567b70979a7b649563c1b3177df7d51135e66d,1008614,1050,1050,PASS
a1e236fbc863,APTOS_TRAIN,model/datasets/train_manifest.csv,data/aptos2019/train_images/a1e236fbc863.png,0,7fb21b685df4d999fce54b021ac95d552b4f2e0459a202ef7d8d959c1d60a137,339102,819,614,PASS
f30f203ef51e,APTOS_TRAIN,model/datasets/train_manifest.csv,data/aptos2019/train_images/f30f203ef51e.png,2,f67948e72d3891a874eff193dff38446a76014e56b20b5307c6d3c9a1a0569cd,2819551,3216,2136,PASS
b746a6681ba9,APTOS_TRAIN,model/datasets/train_manifest.csv,data/aptos2019/train_images/b746a6681ba9.png,2,481bb3966e71aa99618d4ea5b40271855b9e04601a7ff278c53b3fed2861c582,2509248,3216,2136,PASS
89ed6a0dd53f,APTOS_TRAIN,model/datasets/train_manifest.csv,data/aptos2019/train_images/89ed6a0dd53f.png,1,9472b06fa50d493fb71e8418003a3df27733aadafd6d57b6ff6cba3f7ae3298b,2340848,2416,1736,PASS
874f8c1929f6,APTOS_TRAIN,model/datasets/train_manifest.csv,data/aptos2019/train_images/874f8c1929f6.png,0,52becdd18e87eb477dc4a704b0b666c03de1f345aaec3bcbf92ce4121399a7d4,944112,1050,1050,PASS
e0313be77035,APTOS_TRAIN,model/datasets/train_manifest.csv,data/aptos2019/train_images/e0313be77035.png,0,d7cb6ca3a8faaaa2fc7630d8bf89754da26364e2b5a59f2f1d76699ef4d5791f,1894630,2048,1536,PASS
b5e6ae31493c,APTOS_TRAIN,model/datasets/train_manifest.csv,data/aptos2019/train_images/b5e6ae31493c.png,0,9c5a91fedbe8def73ce354911a74200f9ae7ea8c2170c8a40ca55e5fde1bc5ac,985256,1050,1050,PASS
bed8296c8dfe,APTOS_TRAIN,model/datasets/train_manifest.csv,data/aptos2019/train_images/bed8296c8dfe.png,0,3817afa3cd684e666aaac5bd0efbd6afc798c561867b378eab378b0706decdb9,1939235,2048,1536,PASS
76c0c7e1b6cb,APTOS_TRAIN,model/datasets/train_manifest.csv,data/aptos2019/train_images/76c0c7e1b6cb.png,2,10855fa234b0fca348e3149c91cc2325fcf4c33a9f32c2d98356d943ab0c30b8,1717851,2416,1736,PASS
bb85097857fa,APTOS_TRAIN,model/datasets/train_manifest.csv,data/aptos2019/train_images/bb85097857fa.png,0,5ca910f7217ee47c3bb4f03322c5e930ec97bbe6d841869109ba788fcd6ec21a,1911397,2048,1536,PASS
8241e43408a8,APTOS_TRAIN,model/datasets/train_manifest.csv,data/aptos2019/train_images/8241e43408a8.png,0,08881d338f3251c28cc79ef07b5b2c44f69222a34cf4024315d8ffedf14784c3,1050581,1050,1050,PASS
f431f2e119d7,APTOS_TRAIN,model/datasets/train_manifest.csv,data/aptos2019/train_images/f431f2e119d7.png,0,5c985043473419b5ffcb5f0712ceb5b9c6c1c02074851a83b44117c6b913bd19,1927187,2048,1536,PASS
de778495a1cd,APTOS_TRAIN,model/datasets/train_manifest.csv,data/aptos2019/train_images/de778495a1cd.png,2,6de49a43d4a5b2792dc4366cd7ac71e8090c94961e843dd8711bf6f74cf072e0,2646183,3216,2136,PASS
1a03a7970337,APTOS_TRAIN,model/datasets/train_manifest.csv,data/aptos2019/train_images/1a03a7970337.png,1,78a24243dac05d9ad5c68f39ded56f9e72966c84eb9381d3c38cb71e676c265d,1982643,2416,1736,PASS
80d24897669f,APTOS_TRAIN,model/datasets/train_manifest.csv,data/aptos2019/train_images/80d24897669f.png,1,38f85514cdcc79212e5e991349f6dc6f0453c8b8758fe14cfd2c4859c5cf9412,1884614,2416,1736,PASS
df3adfd6ba36,APTOS_TRAIN,model/datasets/train_manifest.csv,data/aptos2019/train_images/df3adfd6ba36.png,2,634a0cdc07e31850ddd2c8927e329267bbba54399145a228b988b2413c47bd10,5132288,2588,1958,PASS
b0eeae01b8ab,APTOS_TRAIN,model/datasets/train_manifest.csv,data/aptos2019/train_images/b0eeae01b8ab.png,2,c31b42331a621197ebc694fcdd1524e8ad3f100c3bad04828e5e23159a8d9772,309902,640,480,PASS
2fde69f20585,APTOS_TRAIN,model/datasets/train_manifest.csv,data/aptos2019/train_images/2fde69f20585.png,4,36ccf8db2808b09e60a8a921ba4321832a914970732ecb23b29e2f58fa59e2d1,5228410,4288,2848,PASS
7435e9a3e36e,APTOS_TRAIN,model/datasets/train_manifest.csv,data/aptos2019/train_images/7435e9a3e36e.png,0,2b23878985efed5ea9aacee99ed39b550cb17da830c4de9144181208fe57d74a,5359998,2588,1958,PASS
acf976efd7ce,APTOS_TRAIN,model/datasets/train_manifest.csv,data/aptos2019/train_images/acf976efd7ce.png,0,d4e61c5c5866d40cca18e271cbb41d32ef4e49e7edcde4a69e5aa5946218a2d7,1031364,1050,1050,PASS
7f0ffeb0a333,APTOS_TRAIN,model/datasets/train_manifest.csv,data/aptos2019/train_images/7f0ffeb0a333.png,0,face74d38e3d769e2faddb1b765c383d200a444ba89cf0caaf0401e07c7a167c,5778218,2588,1958,PASS
7f2123bc89a3,APTOS_TRAIN,model/datasets/train_manifest.csv,data/aptos2019/train_images/7f2123bc89a3.png,0,38f81093ad4c8891562462273e555b1d06492bd70e1170f2357615483f310326,287551,819,614,PASS
bfb578c0e8d8,APTOS_TRAIN,model/datasets/train_manifest.csv,data/aptos2019/train_images/bfb578c0e8d8.png,0,77ea64990e3df5992cd3bd9977d308a085c9a743033ed535265459fa5eb4757b,5374800,2588,1958,PASS
2735be026d44,APTOS_TRAIN,model/datasets/train_manifest.csv,data/aptos2019/train_images/2735be026d44.png,2,02af9d089e2e5e0204109755c9ed894b674c317856607936e693113d55950830,3586972,3388,2588,PASS
359bab5d784b,APTOS_TRAIN,model/datasets/train_manifest.csv,data/aptos2019/train_images/359bab5d784b.png,0,0568b8eb372f02a0df8189782023581a153e2a17ecf457cbd46cf2522d2ec572,933180,1050,1050,PASS
fe3f62695b2d,APTOS_TRAIN,model/datasets/train_manifest.csv,data/aptos2019/train_images/fe3f62695b2d.png,0,b8bfb9ce0e51dd5674f39df2e89d5dc09a2d2d567c444baad3304babdb84603b,972102,1050,1050,PASS
e7291472109b,APTOS_TRAIN,model/datasets/train_manifest.csv,data/aptos2019/train_images/e7291472109b.png,0,90ff7eced6636640878f02ecebffe05c06640806e2565da71f651fa6f3073582,1096762,1050,1050,PASS
2f284b6a1940,APTOS_TRAIN,model/datasets/train_manifest.csv,data/aptos2019/train_images/2f284b6a1940.png,4,18acbe60bb51763bc35f26e300274b3fdcd238e596eb38da598509fbaeb4b8f8,2302930,2416,1736,PASS
91b7a4179ecf,APTOS_TRAIN,model/datasets/train_manifest.csv,data/aptos2019/train_images/91b7a4179ecf.png,0,7d44ac360f8bc89d4c5e609b521c42cfb50cade08ee4770479aa77d01f571e17,346845,819,614,PASS
b532dedd928c,APTOS_TRAIN,model/datasets/train_manifest.csv,data/aptos2019/train_images/b532dedd928c.png,0,5119989912edd717b824a3976d3822df8c8a32e40e82b46bc1fad969af372940,1921515,2048,1536,PASS
248dec89b3a2,APTOS_TRAIN,model/datasets/train_manifest.csv,data/aptos2019/train_images/248dec89b3a2.png,0,d652a3abe7d094e08db0672e117642b2d84cb09bbfca3ffee466a33bca9b378f,310360,819,614,PASS
31cb39681f6a,APTOS_TRAIN,model/datasets/train_manifest.csv,data/aptos2019/train_images/31cb39681f6a.png,1,6b5f9e215692ed72d6fb365f19e672654a71c64a9c8de0b4cc467cbedc5941ab,790535,1844,1226,PASS
77a1f1398fdb,APTOS_TRAIN,model/datasets/train_manifest.csv,data/aptos2019/train_images/77a1f1398fdb.png,0,1d0c90d946994145371e925769df37db0d514480e6ce0ff79cf2bf5de0a449e7,5465025,2588,1958,PASS
0a902c80d5da,APTOS_TRAIN,model/datasets/train_manifest.csv,data/aptos2019/train_images/0a902c80d5da.png,0,b07ebe7c8734e67153db45eb6b2e8e2dfbe1626c8e0d28bc2ba3f6b7b41a46a1,858588,1050,1050,PASS
4a0bba3b7d83,APTOS_TRAIN,model/datasets/train_manifest.csv,data/aptos2019/train_images/4a0bba3b7d83.png,2,92272b01969979716a8b12889e31e1c7921640d012b360d9f38cbef9fb884a5c,1640628,2416,1736,PASS
08ee569d4721,APTOS_TRAIN,model/datasets/train_manifest.csv,data/aptos2019/train_images/08ee569d4721.png,0,62a99e1163fd75ea397f5fa690a1af00021ca2c81fe9fcc41c3c958fbb9953c7,1040482,1050,1050,PASS
913490237ad4,APTOS_TRAIN,model/datasets/train_manifest.csv,data/aptos2019/train_images/913490237ad4.png,3,35b1392517b550b0dee14459a8634b17c2be8048ea091ae0597b19a83b9e4f14,5774826,2588,1958,PASS
2399d68d407f,APTOS_TRAIN,model/datasets/train_manifest.csv,data/aptos2019/train_images/2399d68d407f.png,0,052e095efa6c25742f62dd551b0b8b5e96f1f639ecc02a03f0e51bdff972f786,1938538,2048,1536,PASS
1ca62b3e4fd3,APTOS_TRAIN,model/datasets/train_manifest.csv,data/aptos2019/train_images/1ca62b3e4fd3.png,0,56f1bc4e42fe6ea9251a938fa63346aff17d690b6a40f0e13cb76f6de2830604,5246346,2588,1958,PASS
537e50fdf22e,APTOS_TRAIN,model/datasets/train_manifest.csv,data/aptos2019/train_images/537e50fdf22e.png,3,9c02668add446ba0f1dc12a2eec733f88f52b82834f3287efcc1bf8d3e5fd004,2533829,2896,1944,PASS
3732de8b416f,APTOS_TRAIN,model/datasets/train_manifest.csv,data/aptos2019/train_images/3732de8b416f.png,0,04f0c6cdfee864db471c56cbaa253c6af2ba1d4a0df5cb84b06e20eb5d4fbb38,5590822,2588,1958,PASS
501c319f7a9f,APTOS_TRAIN,model/datasets/train_manifest.csv,data/aptos2019/train_images/501c319f7a9f.png,0,482ae7b0b4c9ec729217d83d8969b9b53ba3b8b37d4e15a6e4a3c90a5d151cf6,970158,1050,1050,PASS
b7ce561a7328,APTOS_TRAIN,model/datasets/train_manifest.csv,data/aptos2019/train_images/b7ce561a7328.png,0,d4384af73d7ca2d63c2599385322646544c43cd2aa04b113e07a61281951c264,1050082,1050,1050,PASS
15e24b73d4a7,APTOS_TRAIN,model/datasets/train_manifest.csv,data/aptos2019/train_images/15e24b73d4a7.png,0,de94869b346e40b5a6c5014add8a34e6025c09ff8a5002294d9ec7603767ab51,921863,1050,1050,PASS
345b1f0abbba,APTOS_TRAIN,model/datasets/train_manifest.csv,data/aptos2019/train_images/345b1f0abbba.png,0,d3881aedc2868943bb4cbb8dcae16aa8d3b6c79d7f3da5f8c2dbd3e9cf0fd988,5439688,2588,1958,PASS
3b232b394e4f,APTOS_TRAIN,model/datasets/train_manifest.csv,data/aptos2019/train_images/3b232b394e4f.png,4,d72ac631670bc4e978db5ef704a20f6f85d8e487432a0693cb6d83b758c3824e,5976124,2588,1958,PASS
594f69b503ad,APTOS_TRAIN,model/datasets/train_manifest.csv,data/aptos2019/train_images/594f69b503ad.png,2,5e5f2ad556687f5b94f6c8eafd2f94087849a216cb8f9ae1c676de6d460c34aa,4480502,4288,2848,PASS
ba735b286d62,APTOS_TRAIN,model/datasets/train_manifest.csv,data/aptos2019/train_images/ba735b286d62.png,4,5b8152a2ee6f263f8ac58d34bfeb047b30bde6ebece6b0aee169bda55084ee45,2539545,2416,1736,PASS
4ccee4db09b6,APTOS_TRAIN,model/datasets/train_manifest.csv,data/aptos2019/train_images/4ccee4db09b6.png,0,0e55ab1772d5724a4ece5332bb055432ab25f9d86df88b78577d11e7791da273,1935675,2048,1536,PASS
edceb0657d77,APTOS_TRAIN,model/datasets/train_manifest.csv,data/aptos2019/train_images/edceb0657d77.png,0,5bc1a0d1bdf8273e90da02bd5b7a2e090cf36e6f5af9e6c5f3721d72f9d07461,332610,819,614,PASS
b5c80d0ed0ff,APTOS_TRAIN,model/datasets/train_manifest.csv,data/aptos2019/train_images/b5c80d0ed0ff.png,2,58ed052648a45b141504ca6f3960b22013771453b7ec2f0896e2223c38f9b15a,1063564,1050,1050,PASS
d3be5346684b,APTOS_TRAIN,model/datasets/train_manifest.csv,data/aptos2019/train_images/d3be5346684b.png,2,cb293ecc8bbc0683b67cba64e95a56aac4ab4031e070d1b8e17a305696fe0945,5199656,2588,1958,PASS
e019b3e0f33d,APTOS_TRAIN,model/datasets/train_manifest.csv,data/aptos2019/train_images/e019b3e0f33d.png,4,a5dc17c6c2ed4b4f3ccdf800a1de8522be472ac00610d66af400a354ddb64fe1,1329697,1504,1000,PASS
9878db94d9f3,APTOS_TRAIN,model/datasets/train_manifest.csv,data/aptos2019/train_images/9878db94d9f3.png,3,838f43cdb5eb9c6a29d082b41d6498539071691da5accf9c44b909af000bc04a,2786375,2896,1944,PASS
c561bcd519e9,APTOS_TRAIN,model/datasets/train_manifest.csv,data/aptos2019/train_images/c561bcd519e9.png,2,9fb4547d416db8d3b119c2f7a9c7252ac2675a401ef0e7a0a6f46a5dbfa47b10,2273644,2416,1736,PASS
42b08dca9b2f,APTOS_TRAIN,model/datasets/train_manifest.csv,data/aptos2019/train_images/42b08dca9b2f.png,2,028c691e2f502b6380754fa86d43f78163d214306eae31e9a96520f3ecdc4967,2088877,2416,1736,PASS
1638404f385c,APTOS_TRAIN,model/datasets/train_manifest.csv,data/aptos2019/train_images/1638404f385c.png,4,d874af806a176dc538610d5ccfcdac847d9b127798f09110a21252d4936a5fd8,1373194,1504,1000,PASS
e12b67835e03,APTOS_TRAIN,model/datasets/train_manifest.csv,data/aptos2019/train_images/e12b67835e03.png,2,51b4a100cea160753537a4f0b924175ea8d39c8224e068f1d6584966d72ac6fa,968561,1050,1050,PASS
44f7f3ef9d50,APTOS_TRAIN,model/datasets/train_manifest.csv,data/aptos2019/train_images/44f7f3ef9d50.png,0,904cae7a4621ea530427f370445862d0999539e35284718d427a6caae9181cdb,5185106,2588,1958,PASS
fb1b8771c70a,APTOS_TRAIN,model/datasets/train_manifest.csv,data/aptos2019/train_images/fb1b8771c70a.png,0,1392ad1aec35480985e8400be9e1becfcb55c68c1ea2f2692231fcf071b7fad2,998778,1050,1050,PASS
fc898dfeb24f,APTOS_TRAIN,model/datasets/train_manifest.csv,data/aptos2019/train_images/fc898dfeb24f.png,0,f552555037087cec8b227e3d7858e32609998239cdd422e3af26c1e1d53e5452,1918751,2048,1536,PASS
384e6c915722,APTOS_TRAIN,model/datasets/train_manifest.csv,data/aptos2019/train_images/384e6c915722.png,0,f7fb1a192b0f256806daef6d8a6ee4025fa84ef4aee78e1b7b0fcd185a97b299,5178388,2588,1958,PASS
5b804948e35f,APTOS_TRAIN,model/datasets/train_manifest.csv,data/aptos2019/train_images/5b804948e35f.png,1,5ba2c54d4be1afcf604c54aa556e49125d3bb2150f41543ba6cf43966ececef1,345458,819,614,PASS
094858f005ab,APTOS_TRAIN,model/datasets/train_manifest.csv,data/aptos2019/train_images/094858f005ab.png,2,eee4d47c4b89402ae25b70656d497d214e6778d0ccedc8a66a936467a003a6ca,1987571,2416,1736,PASS
91cf56d3d1af,APTOS_TRAIN,model/datasets/train_manifest.csv,data/aptos2019/train_images/91cf56d3d1af.png,3,74a8ad97a4fa6a5c75cfbe1fac05e040ca03657e328d831f96855dd425319c6b,2349715,2416,1736,PASS
62b4be2799ca,APTOS_TRAIN,model/datasets/train_manifest.csv,data/aptos2019/train_images/62b4be2799ca.png,0,54014398fb44da5a5d05636a5a1df1e1b98bc77bdbe0fb5ac06b555b01ba2ca2,996377,1050,1050,PASS
111898ab463d,APTOS_TRAIN,model/datasets/train_manifest.csv,data/aptos2019/train_images/111898ab463d.png,1,fa85dd94609764b5a27f409537d606b5214dace3c096f338a5f6f2f31d6a1889,2134363,2416,1736,PASS
0fcfc6301f3d,APTOS_TRAIN,model/datasets/train_manifest.csv,data/aptos2019/train_images/0fcfc6301f3d.png,2,fdab6c0a0f46d5c72e3cd6264830b48878866886302bd7a10fa946ca139fe23a,3395471,3216,2136,PASS
237c078d00fc,APTOS_TRAIN,model/datasets/train_manifest.csv,data/aptos2019/train_images/237c078d00fc.png,3,4f879c1b997cb2047b4d86b0a73f22ec1e80a87cddca42043106cec8a7bd4a1b,5473373,2588,1958,PASS
7a9f45fdf29b,APTOS_TRAIN,model/datasets/train_manifest.csv,data/aptos2019/train_images/7a9f45fdf29b.png,0,21f6308efb70047956825639b58047050ea1601941695b8e52137068a095b45a,1030479,1050,1050,PASS
8a01daa423f7,APTOS_TRAIN,model/datasets/train_manifest.csv,data/aptos2019/train_images/8a01daa423f7.png,1,f310a8f249063e2b069e6d0a2e0dba3b05588d5098058b3c9b61156ccc78d24a,2484597,2416,1736,PASS
810d3779abd9,APTOS_TRAIN,model/datasets/train_manifest.csv,data/aptos2019/train_images/810d3779abd9.png,3,759041a007ce2c2879ddfd681f795b110aadef2e58da2fa8770d00cfe42f3c1f,346877,640,480,PASS
1623e8e3adc4,APTOS_TRAIN,model/datasets/train_manifest.csv,data/aptos2019/train_images/1623e8e3adc4.png,3,8c3d9e01b6f7ab7f40b13886e325f7960ab60a4a02d065bbf1aaeb4efbb6e49c,2407777,3216,2136,PASS
a7c10ca6c117,APTOS_TRAIN,model/datasets/train_manifest.csv,data/aptos2019/train_images/a7c10ca6c117.png,0,aa30d73a7e8f177cf6503b20200b102e453631847d469cddd4ca4c3a13112c5d,1011989,1050,1050,PASS
6889bc64ab09,APTOS_TRAIN,model/datasets/train_manifest.csv,data/aptos2019/train_images/6889bc64ab09.png,2,299079dba17abf3cd1f64bdc4a853b7092b4f7ea0922f4a53b345d0182132d06,5096126,2588,1958,PASS
ed88faaa325a,APTOS_TRAIN,model/datasets/train_manifest.csv,data/aptos2019/train_images/ed88faaa325a.png,2,0243dd6279f6bef55e028a5e3c911a7ecf0205247a10c4dd439179ff82081ca0,2216573,3216,2136,PASS
6fe67482bfae,APTOS_TRAIN,model/datasets/train_manifest.csv,data/aptos2019/train_images/6fe67482bfae.png,4,f038e8f79954301eb92280537497a2ec62a29d2b9ee655327e511f96a302ab74,2194153,3216,2136,PASS
af87d48ffe01,APTOS_TRAIN,model/datasets/train_manifest.csv,data/aptos2019/train_images/af87d48ffe01.png,0,fc4cbaa14ef0351a19e1e14a72bd0dedc6d4fda423a8c24804f128263a99e71d,1932169,2048,1536,PASS
fc4c2d35c6f8,APTOS_TRAIN,model/datasets/train_manifest.csv,data/aptos2019/train_images/fc4c2d35c6f8.png,2,7f64a1673b0bc67abea7ea6b67a9079c7b0ccf01b6f985f72e55904aff4425a4,3169334,3216,2136,PASS
7a06ea127e02,APTOS_TRAIN,model/datasets/train_manifest.csv,data/aptos2019/train_images/7a06ea127e02.png,0,9ab9afe5e3aa803eb1e55f9356cb7cfc698bc5f4af49116f5a9287b6edccae7c,1046290,1050,1050,PASS
486e852a3b4d,APTOS_TRAIN,model/datasets/train_manifest.csv,data/aptos2019/train_images/486e852a3b4d.png,0,c3ac62d6e83c19be103b20f027d44c262464dd5b55793d59bb200c9f50fc9354,378163,819,614,PASS
2f8d14a7d390,APTOS_TRAIN,model/datasets/train_manifest.csv,data/aptos2019/train_images/2f8d14a7d390.png,0,f785e7c5994a48bb09a286654ae2295644095677b9344b2ce4de955cfd751218,4943470,2588,1958,PASS
495106ae3b68,APTOS_TRAIN,model/datasets/train_manifest.csv,data/aptos2019/train_images/495106ae3b68.png,0,e0ac98f77c5890f7189248507da7667f11f6ed698f7b8ddac8413d26afe3a403,968643,1050,1050,PASS
17d7d6b092f4,APTOS_TRAIN,model/datasets/train_manifest.csv,data/aptos2019/train_images/17d7d6b092f4.png,0,692679baec2a0e0b8ff5e163b647f03d4be4cfeecc8c5bc0920174f349379ed0,1804325,2048,1536,PASS
1db0393cdbc1,APTOS_TRAIN,model/datasets/train_manifest.csv,data/aptos2019/train_images/1db0393cdbc1.png,0,78c2da114b4de3a6d1ca6170df77d3b4ece79708b6e81d98fa13579ac8397abb,341186,819,614,PASS
060e00d1e2ab,APTOS_TRAIN,model/datasets/train_manifest.csv,data/aptos2019/train_images/060e00d1e2ab.png,0,0bd708f53a95f389322196b1e6f7d14a9ae3b9c951458f965358d083025f53c3,301624,819,614,PASS
afc345cc9145,APTOS_TRAIN,model/datasets/train_manifest.csv,data/aptos2019/train_images/afc345cc9145.png,0,679221dc6467bf70e1d47bbecae1843d22109ec083f339e271a08359bc302861,5479258,2588,1958,PASS
e5de79795c1d,APTOS_TRAIN,model/datasets/train_manifest.csv,data/aptos2019/train_images/e5de79795c1d.png,0,202ae671912cf86fa48e5fdc3b524d5ce0b33b3bdcb76f9ff6e5dc0fb87a09c8,376043,819,614,PASS
f56ff0440ed1,APTOS_TRAIN,model/datasets/train_manifest.csv,data/aptos2019/train_images/f56ff0440ed1.png,0,cee4cd449be2edfdf658224c0d4736642a16f1f37badbca2cd20d7b9bc10e2d3,5369062,2588,1958,PASS
ea588d1e5d96,APTOS_TRAIN,model/datasets/train_manifest.csv,data/aptos2019/train_images/ea588d1e5d96.png,2,1187ba4c2f9950a9a4b7f78154d9c2f0450adc41859f123220cf1298f7795d79,2553258,3216,2136,PASS
89b725411cee,APTOS_TRAIN,model/datasets/train_manifest.csv,data/aptos2019/train_images/89b725411cee.png,2,8be2ae264b6a911af5ec9757bb3f31894811f3e7a4bf37b33fe56e9eeae9847a,2195063,2416,1736,PASS
be8697eb2078,APTOS_TRAIN,model/datasets/train_manifest.csv,data/aptos2019/train_images/be8697eb2078.png,0,cd154e380fd029557af2e4329c767ced2702aa9d3d77d39be76a1430f77369f7,1053775,1050,1050,PASS
ee6e39319b39,APTOS_TRAIN,model/datasets/train_manifest.csv,data/aptos2019/train_images/ee6e39319b39.png,2,e01b6b63716c52659b284ff09c81feadd93baaccdd114aabd846967b92750206,4552719,3388,2588,PASS
664b1f9a2087,APTOS_TRAIN,model/datasets/train_manifest.csv,data/aptos2019/train_images/664b1f9a2087.png,4,896f4b8e1efa3045cd31cbfadabfd1916da0a2ab0be9400d47c5d6ad50bb1a99,2710908,3216,2136,PASS
d1ca85af57c9,APTOS_TRAIN,model/datasets/train_manifest.csv,data/aptos2019/train_images/d1ca85af57c9.png,0,711954f114b03ed3e7a0f91eb02f1e59aa41a91e094ee26d19d79ff5ea1f9262,992911,1050,1050,PASS
5a93c0f783c4,APTOS_TRAIN,model/datasets/train_manifest.csv,data/aptos2019/train_images/5a93c0f783c4.png,0,f8b49a73e0882e6aaeebec6471d6dafd42510e310b7a213b935073d05d0abd12,341713,819,614,PASS
286e9981dd9b,APTOS_TRAIN,model/datasets/train_manifest.csv,data/aptos2019/train_images/286e9981dd9b.png,0,bd0ef81705f50415159770fc745b5121f4608ea125bb34d4cb43d8c01b53b44f,5236511,2588,1958,PASS
d9ad2a0ec026,APTOS_TRAIN,model/datasets/train_manifest.csv,data/aptos2019/train_images/d9ad2a0ec026.png,0,604e267975405ff98198fe9288adc3372cb74269a4f713f442688764f98fd2b2,762125,1050,1050,PASS
df4aec4a0eaf,APTOS_TRAIN,model/datasets/train_manifest.csv,data/aptos2019/train_images/df4aec4a0eaf.png,4,8ec038faf6dffd47ef5a90a0f003de198786db0053214a12aabbe8eddd3735d2,4087471,3388,2588,PASS
cc9270f06b65,APTOS_TRAIN,model/datasets/train_manifest.csv,data/aptos2019/train_images/cc9270f06b65.png,1,610d20e22156e4e22f3b14bd90accd64c0f956ea5f66f825bd677a7d5acd7a41,4430812,2588,1958,PASS
054b1b305160,APTOS_TRAIN,model/datasets/train_manifest.csv,data/aptos2019/train_images/054b1b305160.png,0,07c160fd695ba84d2827c49d95e8c8d6625049f867401e6f67d42d434b5791c0,968861,1050,1050,PASS
a49b0b4484ea,APTOS_TRAIN,model/datasets/train_manifest.csv,data/aptos2019/train_images/a49b0b4484ea.png,2,032dc113c5f97945e2c0981f5586293260d2ae41e0caef615f725689923b8d5c,5199182,2588,1958,PASS
64678182d8a8,APTOS_TRAIN,model/datasets/train_manifest.csv,data/aptos2019/train_images/64678182d8a8.png,1,b756c4b6a030970ff2a8ecf1748bdfa6c77268782452cb75e57c6cf5da44aac7,2148090,2416,1736,PASS
15e96e848b46,APTOS_TRAIN,model/datasets/train_manifest.csv,data/aptos2019/train_images/15e96e848b46.png,4,b91d956ca0be0029ae3d0639788171ac7c39ba20e294aa7aeb0c595920c254b7,3616435,2588,1958,PASS
370f575adb23,APTOS_TRAIN,model/datasets/train_manifest.csv,data/aptos2019/train_images/370f575adb23.png,0,6688153b9a6d421ae9e220c670903863d5ee1627ec32e0619bf01b65531ddcdb,1029009,1050,1050,PASS
89d9c071a56f,APTOS_TRAIN,model/datasets/train_manifest.csv,data/aptos2019/train_images/89d9c071a56f.png,1,e32af197491e5c8c039a1a4a449f9421b9672c4757d47cc091569fff52a8beb5,1997982,2416,1736,PASS
2209daf71aab,APTOS_TRAIN,model/datasets/train_manifest.csv,data/aptos2019/train_images/2209daf71aab.png,0,2703a005d554db76c71b47cf9db4b8cba0978536606aeeb16847bdcd684e1310,5274005,2588,1958,PASS
09662e462531,APTOS_TRAIN,model/datasets/train_manifest.csv,data/aptos2019/train_images/09662e462531.png,0,60bedd17df2e9d811bfd9dac2b6097e2bf76ec170c5a7f1f2b8977b06c44a153,5463759,2588,1958,PASS
e9f3c85a2a02,APTOS_TRAIN,model/datasets/train_manifest.csv,data/aptos2019/train_images/e9f3c85a2a02.png,0,e933c44216d4375342fb77fcee8a2a1e0d5d9cab6c51970083540f53972d1318,1029783,1050,1050,PASS
f8372e80f731,APTOS_TRAIN,model/datasets/train_manifest.csv,data/aptos2019/train_images/f8372e80f731.png,2,e96c153e271e7f869bfca7ab7dd41d5edf66b991a55e8c26d8d9aab7d33b332f,2240964,3216,2136,PASS
498f143c0374,APTOS_TRAIN,model/datasets/train_manifest.csv,data/aptos2019/train_images/498f143c0374.png,3,4cc503cdf06fdbc805df13fa93d81477059acdfa286560c3a61b9082e2368d31,4824757,4288,2848,PASS
415d5c5e785f,APTOS_TRAIN,model/datasets/train_manifest.csv,data/aptos2019/train_images/415d5c5e785f.png,0,69a579ba280d61395b7c6157b5bab3ca39c48ea9a76d75c0e0e413136df1a07b,903156,1050,1050,PASS
e9ff9352ccb3,APTOS_TRAIN,model/datasets/train_manifest.csv,data/aptos2019/train_images/e9ff9352ccb3.png,1,bfd8e270085d23c0f9f649a134ba73bd279f324f6ee575f0f1ba7a4155b1409d,5491926,4288,2848,PASS
269b44e628eb,APTOS_TRAIN,model/datasets/train_manifest.csv,data/aptos2019/train_images/269b44e628eb.png,3,26c9ddf7df6b411916a518a83b61b86a02ed8df95a9fb163897f2b4468566931,5183002,2588,1958,PASS
8676427e4625,APTOS_TRAIN,model/datasets/train_manifest.csv,data/aptos2019/train_images/8676427e4625.png,1,3406a8f57390a5374e2465c11ef485517c04d158d203918544dec76cae24895c,4009197,2588,1958,PASS
4b5ffea77373,APTOS_TRAIN,model/datasets/train_manifest.csv,data/aptos2019/train_images/4b5ffea77373.png,2,61fc9a07ab7ff9a485e8665969eceae3ede5bcd812c06f38afd4133a83f75aa9,3281703,3216,2136,PASS
352e4a939242,APTOS_TRAIN,model/datasets/train_manifest.csv,data/aptos2019/train_images/352e4a939242.png,3,7425e3da8226149010945737c10fb0f2afe47005944c5c3f540ba8e1cee0afd3,5683335,2588,1958,PASS
188219f2d9c6,APTOS_TRAIN,model/datasets/train_manifest.csv,data/aptos2019/train_images/188219f2d9c6.png,0,7eb8ccf4544acc3e8176c7f94dd56a6ca032a5fee233dad21e7534539ec15aa0,1942092,2048,1536,PASS
4489d421e5aa,APTOS_TRAIN,model/datasets/train_manifest.csv,data/aptos2019/train_images/4489d421e5aa.png,2,02ad4ad18ea88dca0b9e7fc6fa980de3e0e6d85807bc28ff87b0062eae2dad38,2984121,3216,2136,PASS
3435fd8675a2,APTOS_TRAIN,model/datasets/train_manifest.csv,data/aptos2019/train_images/3435fd8675a2.png,3,e58c1ee07e215be157c8e71a65e66bbf5a70b782153a02555ab883aa4bc3f4d4,1617338,1476,1117,PASS
e34fa07bd64d,APTOS_TRAIN,model/datasets/train_manifest.csv,data/aptos2019/train_images/e34fa07bd64d.png,2,2ddd2c61bd9ee8d79f0e3673fd802e7d9d27d4d0412328a308b885fce56051ab,870861,1844,1226,PASS
8c4ceddeb1c6,APTOS_TRAIN,model/datasets/train_manifest.csv,data/aptos2019/train_images/8c4ceddeb1c6.png,0,1978754ac1bf249b1287ef64f4c4fe62fe9aa4d59aeee21e84d636d67fadfe3e,1754443,2048,1536,PASS
64b9206afb3f,APTOS_TRAIN,model/datasets/train_manifest.csv,data/aptos2019/train_images/64b9206afb3f.png,0,9abc2aaee29e5ee3b32cc68c6d4fbe847e1e267506456adcd062d3a4b720a52c,915629,1050,1050,PASS
2d07162a13b1,APTOS_TRAIN,model/datasets/train_manifest.csv,data/aptos2019/train_images/2d07162a13b1.png,0,2ad975c049eac4169cad8908b3680227d6be1525798af44aa0a2201d5f90901a,5094350,2588,1958,PASS
bfe467b7e997,APTOS_TRAIN,model/datasets/train_manifest.csv,data/aptos2019/train_images/bfe467b7e997.png,2,dbc189f684ef62088f6601f81e326bd4dfb3ab1d7d1362cfc33e528cd000031f,2110782,3216,2136,PASS
c57c164bca05,APTOS_TRAIN,model/datasets/train_manifest.csv,data/aptos2019/train_images/c57c164bca05.png,0,1c93a9cebc7c001b5b190ba72952cd83cc81c6112b983e7b5e259ce6db8fe43f,5290535,2588,1958,PASS
1177d583c807,APTOS_TRAIN,model/datasets/train_manifest.csv,data/aptos2019/train_images/1177d583c807.png,2,ee20f395f6684ccb9b49d866724292d697b368250df2330291d2bb3b0f3133e4,2247360,2416,1736,PASS
e599151ca14b,APTOS_TRAIN,model/datasets/train_manifest.csv,data/aptos2019/train_images/e599151ca14b.png,2,f8633a84308928a25c2356c577f00f5713906c4c3d070f13cef6d5b7b1f459b9,2095961,2416,1736,PASS
e0863b353093,APTOS_TRAIN,model/datasets/train_manifest.csv,data/aptos2019/train_images/e0863b353093.png,2,c00d25c7f57008dfd10258d32ffdf17e57fba5a2b92923dcf21d84bbcdfa629c,2207086,3216,2136,PASS
1dfbede13143,APTOS_TRAIN,model/datasets/train_manifest.csv,data/aptos2019/train_images/1dfbede13143.png,2,ac430d2b7a4725b2ff807fcd740f718da3f1fd014d553e524a35381c8c2fb5ed,2700206,2144,1424,PASS
b05922e7abd3,APTOS_TRAIN,model/datasets/train_manifest.csv,data/aptos2019/train_images/b05922e7abd3.png,0,05e449aec4f9814b2d61753928de64842721bd8b3a73fe5355a5f25b64b40e2a,919554,1050,1050,PASS
6653ad026901,APTOS_TRAIN,model/datasets/train_manifest.csv,data/aptos2019/train_images/6653ad026901.png,0,ecb17a2b9f324b9e53ef0f3fe8236f6b7e5529405c3614e98bedc1eeab05a986,959721,1050,1050,PASS
b99c825b93c5,APTOS_TRAIN,model/datasets/train_manifest.csv,data/aptos2019/train_images/b99c825b93c5.png,2,4d6c103adee5ddbdd60f82b405db765d3c4d34a35a3ec8535b0c799d16d46e22,2903936,3216,2136,PASS
6298468d7d75,APTOS_TRAIN,model/datasets/train_manifest.csv,data/aptos2019/train_images/6298468d7d75.png,1,9e83385f99bb4026b1ca16bfc520e86d71720140c00eadfffff8cb7ff60d2ed3,7116816,3388,2588,PASS
b402b18d99a5,APTOS_TRAIN,model/datasets/train_manifest.csv,data/aptos2019/train_images/b402b18d99a5.png,2,df54ac7891b3ed6163dc6f5b17149da9cb73e695373a75e8b499c543360d97a9,1775283,2416,1736,PASS
0c43c79e8cfb,APTOS_TRAIN,model/datasets/train_manifest.csv,data/aptos2019/train_images/0c43c79e8cfb.png,0,e28d13cb1b88538da0eb8d88eb60b0f7db404164a2bc01d208d295eb008de9ee,5503915,2588,1958,PASS
6d6fcf49e515,APTOS_TRAIN,model/datasets/train_manifest.csv,data/aptos2019/train_images/6d6fcf49e515.png,0,af4e6e303ff20337fce31306f3bcf208c16ef778541fdecadfa70f259f25523e,967358,1050,1050,PASS
2fdffb6160a6,APTOS_TRAIN,model/datasets/train_manifest.csv,data/aptos2019/train_images/2fdffb6160a6.png,2,adee258affe950a85fa036529004e0727858807bed296d94181f4aa6bb6680a3,2018958,2416,1736,PASS
4dbce359d0e1,APTOS_TRAIN,model/datasets/train_manifest.csv,data/aptos2019/train_images/4dbce359d0e1.png,2,5bd347e766e00f2dbe368273ff3a097668117ea2c97ec6674ce223b66cd0fd13,7065259,3388,2588,PASS
b56340f472d2,APTOS_TRAIN,model/datasets/train_manifest.csv,data/aptos2019/train_images/b56340f472d2.png,1,fd281b06b13c17b42ba6c5a5a23c07ecee2dad22714718fddbdb88020eb2303c,2119971,2416,1736,PASS
b4b04d81acbb,APTOS_TRAIN,model/datasets/train_manifest.csv,data/aptos2019/train_images/b4b04d81acbb.png,0,364a64be89609efdb2db9b66cfcb6d6b5bdf55e3e2b938dee15041c773763f41,940191,1050,1050,PASS
0c917c372572,APTOS_TRAIN,model/datasets/train_manifest.csv,data/aptos2019/train_images/0c917c372572.png,3,46130fe0d6ad6bde852310eabfcfb9fafbe8de9f4f24db08d968353d5a814488,2220460,2416,1736,PASS
e26bcae6c67b,APTOS_TRAIN,model/datasets/train_manifest.csv,data/aptos2019/train_images/e26bcae6c67b.png,0,a9f1c3d8abcb3aeef7d81e52acd55318507d1a6a2bd0378cb1d8f41ab54dd381,5205704,2588,1958,PASS
2c1d5be654dd,APTOS_TRAIN,model/datasets/train_manifest.csv,data/aptos2019/train_images/2c1d5be654dd.png,2,8af7780c9611792638c393d07d4dbe3f70c6a86f5b6a5c2a5429ee6a5d3dd944,7313263,3388,2588,PASS
a70d0f12a641,APTOS_TRAIN,model/datasets/train_manifest.csv,data/aptos2019/train_images/a70d0f12a641.png,0,bc0dade1da796293a45eaacca44f0d964339329ca566b2bd7cdbcb54690188f1,1097509,1050,1050,PASS
6d9effbcde78,APTOS_TRAIN,model/datasets/train_manifest.csv,data/aptos2019/train_images/6d9effbcde78.png,0,3a983714c876a56a96587d961250635411fa70a7d3c7d4852f9cde1e646d2539,2460876,2588,1958,PASS
af133a85ea0c,APTOS_TRAIN,model/datasets/train_manifest.csv,data/aptos2019/train_images/af133a85ea0c.png,1,44ee9e797860310c26257aee54b8c75fcec2e619330806dc5806c662d4f9ac06,2103589,2416,1736,PASS
abdb365cacbc,APTOS_TRAIN,model/datasets/train_manifest.csv,data/aptos2019/train_images/abdb365cacbc.png,1,ac690b7e5af1cf72f723a2641e19f31455eaf1d5c440987a41e0566b24ea0757,1957537,2416,1736,PASS
71c1a3cdbe47,APTOS_TRAIN,model/datasets/train_manifest.csv,data/aptos2019/train_images/71c1a3cdbe47.png,1,0e4a0e5a3a8cfda02a7fb06eb9dda4bf780999328767107f3542725fa9f465e1,2064698,2416,1736,PASS
8b58f9a338e8,APTOS_TRAIN,model/datasets/train_manifest.csv,data/aptos2019/train_images/8b58f9a338e8.png,0,2f2f68e9c3ecfb6ef2a90fa1ead355db0ce9898559b7fdbbdb2ba3e9f602e4dc,286752,819,614,PASS
7635921c5efb,APTOS_TRAIN,model/datasets/train_manifest.csv,data/aptos2019/train_images/7635921c5efb.png,0,8929dbd60f6f19e89cae8792d25965e0ba553aef770ec9af153933b15d2cd73b,1904995,2048,1536,PASS
fc4d69128e7c,APTOS_TRAIN,model/datasets/train_manifest.csv,data/aptos2019/train_images/fc4d69128e7c.png,2,3430b08e13659a2b4760cb0935a8ed1c23fa7108897cfebb5415474864b34a00,5532611,2588,1958,PASS
7f1f3269f546,APTOS_TRAIN,model/datasets/train_manifest.csv,data/aptos2019/train_images/7f1f3269f546.png,0,2b44a17e4a5b7ea24654f56998d0df95ab7e6ba32e886eb89fdc768aa00c06b1,962947,1050,1050,PASS
27fca9f12b3c,APTOS_TRAIN,model/datasets/train_manifest.csv,data/aptos2019/train_images/27fca9f12b3c.png,2,91a538ad08b434d2629ff6f10f01e0794c01c7b81f2a1fc10e2f6e7806e5af10,2145250,2416,1736,PASS
61d9c88a3a4b,APTOS_TRAIN,model/datasets/train_manifest.csv,data/aptos2019/train_images/61d9c88a3a4b.png,0,276cee71d35f3e2edefb1b0a2002e8af42704768875bfeee64e9fdd38fd32513,1745637,2048,1536,PASS
f080a22008be,APTOS_TRAIN,model/datasets/train_manifest.csv,data/aptos2019/train_images/f080a22008be.png,3,2415ef5827cb33341bc7e35f1de6d33420ac26087cf235ce8102392acf2868db,2294990,2416,1736,PASS
72a867980067,APTOS_TRAIN,model/datasets/train_manifest.csv,data/aptos2019/train_images/72a867980067.png,0,13d845e327cf54ba2f658bdabe9ae2efe85ca2b85a1d57fbd9fcc668b73c0108,366458,819,614,PASS
9e2058917304,APTOS_TRAIN,model/datasets/train_manifest.csv,data/aptos2019/train_images/9e2058917304.png,0,d44c963e61009db0edc860506d552b1998149fc3bc322c7b173e3639be042241,932698,1050,1050,PASS
650fbed3fdca,APTOS_TRAIN,model/datasets/train_manifest.csv,data/aptos2019/train_images/650fbed3fdca.png,2,6b37a4bb348dd7b0c46308d522b3cffd47df3def9af50f8fc090d024a5be8dbc,2257233,3216,2136,PASS
5bf3357a2823,APTOS_TRAIN,model/datasets/train_manifest.csv,data/aptos2019/train_images/5bf3357a2823.png,0,c82a709c387b2576e14bbb2402a4e6adf67ed25c17bdf4ddc3e2d3f000d00a1f,1784344,2048,1536,PASS
aa60813e1a8d,APTOS_TRAIN,model/datasets/train_manifest.csv,data/aptos2019/train_images/aa60813e1a8d.png,0,6cb95ede822773d292d751a3256e11d84d79ca49488d922a2a2340b82d795fe6,5451550,2588,1958,PASS
af6a1508cd95,APTOS_TRAIN,model/datasets/train_manifest.csv,data/aptos2019/train_images/af6a1508cd95.png,0,0d90b8b2421affccf2ab9ad86249c74ccef84cd2a3603b2b41940035aa634e97,5525105,2588,1958,PASS
b9b99dad668d,APTOS_TRAIN,model/datasets/train_manifest.csv,data/aptos2019/train_images/b9b99dad668d.png,1,844470744cd2663bc574242b52412f026d7d0ca41c22d9df78d29da0d08abbd8,2266298,2416,1736,PASS
fb88d23fc5fe,APTOS_TRAIN,model/datasets/train_manifest.csv,data/aptos2019/train_images/fb88d23fc5fe.png,0,602326dde8f58a5804b6ff455f53df55b1bd6553cd5392b5931726757e66531c,1007200,1050,1050,PASS
a1edf0e66592,APTOS_TRAIN,model/datasets/train_manifest.csv,data/aptos2019/train_images/a1edf0e66592.png,0,1e115f451cc47d7cb931bfb1327390b3c4c524cb882e5d5401309ef8f0c0ef18,1033372,1050,1050,PASS
d48178e4a49b,APTOS_TRAIN,model/datasets/train_manifest.csv,data/aptos2019/train_images/d48178e4a49b.png,4,a2eab58ed0729682d2f0084779bfe08772bc378be74492c42e742514f2c32238,7468102,3388,2588,PASS
8f2996b8d855,APTOS_TRAIN,model/datasets/train_manifest.csv,data/aptos2019/train_images/8f2996b8d855.png,1,2c66f91e87db7f7dbeef089f63a060015ea72cb5e66cb3c966664f05316fb80e,2409361,2416,1736,PASS
d1b279cc02ae,APTOS_TRAIN,model/datasets/train_manifest.csv,data/aptos2019/train_images/d1b279cc02ae.png,0,a12aa81d18b71a02d56fee85f67d5012fc7b39b434e5d75591d77772267c93c9,1034904,1050,1050,PASS
3796af4d987a,APTOS_TRAIN,model/datasets/train_manifest.csv,data/aptos2019/train_images/3796af4d987a.png,4,fb8f4fddf4006b828b5641978868b2862e8a736eec72dba5b73b23496596d555,5190746,2588,1958,PASS
1c7a013eeba7,APTOS_TRAIN,model/datasets/train_manifest.csv,data/aptos2019/train_images/1c7a013eeba7.png,0,cc60c4d96fdcd8b46524d6f53dfb73bd461d6ee07b5573fa19c402bf91dd3fc7,971796,1050,1050,PASS
7b691d9ced34,APTOS_TRAIN,model/datasets/train_manifest.csv,data/aptos2019/train_images/7b691d9ced34.png,0,8ebc869d916af90be1cc7f43a29f04a7e7c456e98c4c01b27bad2ab9791da7ad,2477295,2416,1736,PASS
912fbe06407e,APTOS_TRAIN,model/datasets/train_manifest.csv,data/aptos2019/train_images/912fbe06407e.png,0,7360b9df70f9f6960cbfab5d11bdf3bb1731648b44db9e69c76491edf7dd6e2f,1024170,1050,1050,PASS
29b52f64d2db,APTOS_TRAIN,model/datasets/train_manifest.csv,data/aptos2019/train_images/29b52f64d2db.png,1,88323a4c4a5a86d7a40df794982b7ce08dfb9bf6c7c789fdf618675f2c5f9157,2275203,2896,1944,PASS
a01024054596,APTOS_TRAIN,model/datasets/train_manifest.csv,data/aptos2019/train_images/a01024054596.png,1,8fd37bb3816ef1eef93bc14bd55052ce491787c7cabb2db8fe0afb126c295d9d,2506169,2416,1736,PASS
93a1b984de84,APTOS_TRAIN,model/datasets/train_manifest.csv,data/aptos2019/train_images/93a1b984de84.png,0,5a5d887579c5fbaba9528b5d7778aa2a4bf270cdc5d11acfa51f8bc2f49fe3de,1000302,1050,1050,PASS
ee059945b08a,APTOS_TRAIN,model/datasets/train_manifest.csv,data/aptos2019/train_images/ee059945b08a.png,2,0ec1234e3e1252b3dd8f91bfa28137eb42faa4933aca59b298243164a1ab652a,5474223,2588,1958,PASS
e59c5f345bb0,APTOS_TRAIN,model/datasets/train_manifest.csv,data/aptos2019/train_images/e59c5f345bb0.png,0,54c972e8f958a2f44066f4efd77c89d344b22412e1f5141c6ecfb40a2bd50725,1058603,1050,1050,PASS
e9f82b5bbaf4,APTOS_TRAIN,model/datasets/train_manifest.csv,data/aptos2019/train_images/e9f82b5bbaf4.png,2,3fb25cfca5787b47219a16db5797252e8532bdd3e44475fd99437f8457d4695e,2078702,2416,1736,PASS
a2ad3da4c7d6,APTOS_TRAIN,model/datasets/train_manifest.csv,data/aptos2019/train_images/a2ad3da4c7d6.png,2,c13e7ad5a04152e36b2906c8173beb7def3a87ec6046848e7a67922ca60fbcf5,2007486,2416,1736,PASS
4318b6adeb97,APTOS_TRAIN,model/datasets/train_manifest.csv,data/aptos2019/train_images/4318b6adeb97.png,0,6ba8237708cf72acd1d21be135e79ee56b21e370dc3ed443d240091f787dfa1b,1924142,2048,1536,PASS
4ef0b485a7da,APTOS_TRAIN,model/datasets/train_manifest.csv,data/aptos2019/train_images/4ef0b485a7da.png,2,6abdf724a39e21d58748259aa7de4305893fcaabbf92cd15bb54d2a552b8d009,865475,1050,1050,PASS
aa10a4b2e709,APTOS_TRAIN,model/datasets/train_manifest.csv,data/aptos2019/train_images/aa10a4b2e709.png,0,d30e73e9213e9d754cab5ca1d1e80d053a04783c84d954ae5ec33f9b27df7a4e,1065845,1050,1050,PASS
0981195eb9fb,APTOS_TRAIN,model/datasets/train_manifest.csv,data/aptos2019/train_images/0981195eb9fb.png,4,425387fcf6a85353c42741c1d7ea6e8d829f78133a356aac39ab74c55938f7d3,4656414,4288,2848,PASS
cd01f4f83336,APTOS_TRAIN,model/datasets/train_manifest.csv,data/aptos2019/train_images/cd01f4f83336.png,0,42fa5e14d45c367f201b27bcb6ea57325c9b61a78ff9dace6d6f54377cc19679,1930770,2048,1536,PASS
4b618537d52f,APTOS_TRAIN,model/datasets/train_manifest.csv,data/aptos2019/train_images/4b618537d52f.png,3,8678029c3791e0cc33daeca9725da9b603982bea996b6315c23b426374d2febe,1869688,2416,1736,PASS
eb32a815f78c,APTOS_TRAIN,model/datasets/train_manifest.csv,data/aptos2019/train_images/eb32a815f78c.png,2,188bc17c9cb56ba00645ac47b6e8eda515d6b46e6b398032405d8513d76c0cd6,5352276,2588,1958,PASS
435414ccccf7,APTOS_TRAIN,model/datasets/train_manifest.csv,data/aptos2019/train_images/435414ccccf7.png,0,94868648d7b9827cb146ec88dd4278f7a2995385d38b101ab5addbdda749a613,1933703,2048,1536,PASS
a1faeb4d5f10,APTOS_TRAIN,model/datasets/train_manifest.csv,data/aptos2019/train_images/a1faeb4d5f10.png,0,8bd1e236461ac605ab6793a93c94d8d6d3f678ac5e0fdf5f755b0e6ff296051a,1060103,1050,1050,PASS
55092c0071eb,APTOS_TRAIN,model/datasets/train_manifest.csv,data/aptos2019/train_images/55092c0071eb.png,2,8d51c2b335edd026e29035d675def891c3bb50d3a6510e1d34f4dba69b0dee65,2353542,2416,1736,PASS
bd269a1f0e4d,APTOS_TRAIN,model/datasets/train_manifest.csv,data/aptos2019/train_images/bd269a1f0e4d.png,1,b393a3ad67060a05dbd3ad4fef18c872479fdcf00996089b391980dc438a1a19,2299210,2416,1736,PASS
34723fae6475,APTOS_TRAIN,model/datasets/train_manifest.csv,data/aptos2019/train_images/34723fae6475.png,2,68ca75c154ee34edfbfa206b96935a9e41b57306c76d21d0f81c57c8b7b2c58b,2159742,2416,1736,PASS
73d40ce06a67,APTOS_TRAIN,model/datasets/train_manifest.csv,data/aptos2019/train_images/73d40ce06a67.png,0,3eef7a430f66eabee15b7805c9cfb9cbb02f315cb6ecf3316348e13eb0765e9c,1009282,1050,1050,PASS
3c78bfca247b,APTOS_TRAIN,model/datasets/train_manifest.csv,data/aptos2019/train_images/3c78bfca247b.png,4,554a0c86868aa615299943884e079c07c34b084fce4dbad0a2bb43f98368af13,7223757,3388,2588,PASS
eeb231c3ef1f,APTOS_TRAIN,model/datasets/train_manifest.csv,data/aptos2019/train_images/eeb231c3ef1f.png,1,c68ed299e1aba0b7b83672eaff3ee84f2336999e0bb88710d0e91375fb9e8a76,1721031,2416,1736,PASS
dcf109df1a2b,APTOS_TRAIN,model/datasets/train_manifest.csv,data/aptos2019/train_images/dcf109df1a2b.png,0,f198f98e57d96fba4c119c54baf0883ca59e7d057181b4377a9e5401dc2cfdbf,1949091,2048,1536,PASS
f09cfc6a4dbd,APTOS_TRAIN,model/datasets/train_manifest.csv,data/aptos2019/train_images/f09cfc6a4dbd.png,0,b9c6cdc0d5f7ab429e2d477154a11779935570236ed85c683a13e628063727ac,993181,1050,1050,PASS
d38cf0f4a9af,APTOS_TRAIN,model/datasets/train_manifest.csv,data/aptos2019/train_images/d38cf0f4a9af.png,0,55796aeca9b1a9cac7fd70d99b191e8c0df64a8df9c63be36dc5b1a9859ab9dc,958742,1050,1050,PASS
de38adaae009,APTOS_TRAIN,model/datasets/train_manifest.csv,data/aptos2019/train_images/de38adaae009.png,0,f27989b866aa9e15de204f88f8315b61438eec9c63e1489a6ddc2a8808fe8553,5279683,2588,1958,PASS
8af50c9d0a86,APTOS_TRAIN,model/datasets/train_manifest.csv,data/aptos2019/train_images/8af50c9d0a86.png,0,1e0ab0606bec5cdc47005119a49670910c95dc661435cfa8746ca8045ced7694,2160207,1476,1117,PASS
0180bfa26c0b,APTOS_TRAIN,model/datasets/train_manifest.csv,data/aptos2019/train_images/0180bfa26c0b.png,2,ea5450a0ab94ab9bba3d11d0497cb8dcf7a497c0f1f105b2167c9a4483899512,560542,1844,1226,PASS
a1872f9c0cba,APTOS_TRAIN,model/datasets/train_manifest.csv,data/aptos2019/train_images/a1872f9c0cba.png,0,42c6dc34c66d5507c372928eb0c5713814f18725fb9802950600afb8bbf36d4d,1920850,2048,1536,PASS
bc7bf19b84e3,APTOS_TRAIN,model/datasets/train_manifest.csv,data/aptos2019/train_images/bc7bf19b84e3.png,0,22ed880cd0e1eb7f2ff4b0453a2f5c9cd7210600013eaacd6790ee8e915a7331,1000879,1050,1050,PASS
3f47f83217b5,APTOS_TRAIN,model/datasets/train_manifest.csv,data/aptos2019/train_images/3f47f83217b5.png,2,71b152794fe9816c834c4b1fef241ffd2e8418b70b33586382d51c0a29a9937a,1950979,2416,1736,PASS
328d141ed3aa,APTOS_TRAIN,model/datasets/train_manifest.csv,data/aptos2019/train_images/328d141ed3aa.png,0,d2c82df235a4a18e638ff5736c26801866b9e4f2af76476a98a50eda367e0fa1,1038531,1050,1050,PASS
069f43616fab,APTOS_TRAIN,model/datasets/train_manifest.csv,data/aptos2019/train_images/069f43616fab.png,3,e03cdae9e9edbc34e24a7d3ba1be1842007aca7215dfaddd515cc44ffcc0f244,1731163,2896,1944,PASS
b06dabab4f09,APTOS_TRAIN,model/datasets/train_manifest.csv,data/aptos2019/train_images/b06dabab4f09.png,2,3015ccb4a17ebe4ca23f5bf28ccfa0fdd07603fbbdf8b39532b1ae1d98e7d29a,1395162,1504,1000,PASS
85f99e7e4052,APTOS_TRAIN,model/datasets/train_manifest.csv,data/aptos2019/train_images/85f99e7e4052.png,0,be34a40488a446437ca5b05472dcf9496ef0ea240bba66d084bfc0fde8f6bd35,5365718,2588,1958,PASS
6b128e648646,APTOS_TRAIN,model/datasets/train_manifest.csv,data/aptos2019/train_images/6b128e648646.png,3,7f981e1fa7ba3a8d83015b84c2a65b4d84757ccf4f084be098140049cbc981da,3027164,3216,2136,PASS
2a08ed6bbcbc,APTOS_TRAIN,model/datasets/train_manifest.csv,data/aptos2019/train_images/2a08ed6bbcbc.png,1,c3bedfbd4345cad9da2723548e4bc959e0f1ca16afd32c4edd10dcdd79a30248,1821395,2416,1736,PASS
6e861bc3bd7b,APTOS_TRAIN,model/datasets/train_manifest.csv,data/aptos2019/train_images/6e861bc3bd7b.png,0,974b9779ee0ca8f5e7f9daa5e19dd7ced0565f1916460e5a98552c801374c12e,282334,819,614,PASS
7ce671f952be,APTOS_TRAIN,model/datasets/train_manifest.csv,data/aptos2019/train_images/7ce671f952be.png,0,de1d20cafe51b0d8133ce327985675380389dc7b1931497876cea0b65a7e9bfa,948218,1050,1050,PASS
d83d0695e215,APTOS_TRAIN,model/datasets/train_manifest.csv,data/aptos2019/train_images/d83d0695e215.png,2,73f367e374a8b2d8113c4461abd3a989bcbb6108c465cb29453f721a6e84bc1a,2176022,3216,2136,PASS
80f6b30ece8c,APTOS_TRAIN,model/datasets/train_manifest.csv,data/aptos2019/train_images/80f6b30ece8c.png,0,04e9fac2522516ae28a031041095c26a6939eb747354155d33f2caa8031342a3,1849328,2048,1536,PASS
20688cb25704,APTOS_TRAIN,model/datasets/train_manifest.csv,data/aptos2019/train_images/20688cb25704.png,2,1f12caae98f85e045527f73c61cef3aaabcacf2b4631f475e65d48fac2d3b010,2350830,2416,1736,PASS
41960d5f58c2,APTOS_TRAIN,model/datasets/train_manifest.csv,data/aptos2019/train_images/41960d5f58c2.png,0,90d0502c27e61eda272b29e7816ccc3ed57d1e1aa1c64e0af975f6a7da6aa42f,5672924,2588,1958,PASS
6cee2e148520,APTOS_TRAIN,model/datasets/train_manifest.csv,data/aptos2019/train_images/6cee2e148520.png,0,caa715f2c360edbb617f9b12fc1dd0fc345832666d6d76c14178db7d16becfcf,5446550,2588,1958,PASS
d5ad3362424c,APTOS_TRAIN,model/datasets/train_manifest.csv,data/aptos2019/train_images/d5ad3362424c.png,0,11121edb93beb1625771a3d87ff304b34687fc42577707e8b5b63289021ce81a,5532592,2588,1958,PASS
0369f3efe69b,APTOS_TRAIN,model/datasets/train_manifest.csv,data/aptos2019/train_images/0369f3efe69b.png,1,2e378c0f29f1eb0a79d7204fd404148bd328263a26daad1cacb725a579795431,6348706,4288,2848,PASS
85fce24084da,APTOS_TRAIN,model/datasets/train_manifest.csv,data/aptos2019/train_images/85fce24084da.png,2,743859bafde792cc1c0c2b9e2696d109e4b448902d5fe0a6396a47a50e7d1fba,2105145,3216,2136,PASS
4360a112db10,APTOS_TRAIN,model/datasets/train_manifest.csv,data/aptos2019/train_images/4360a112db10.png,3,10df804df9e1e911a09e525c210b078d0ef8efe5b66f42291f06c0576af32f80,2215747,2896,1944,PASS
5f4a8c074bd5,APTOS_TRAIN,model/datasets/train_manifest.csv,data/aptos2019/train_images/5f4a8c074bd5.png,0,0f8a6169bc861d8303d1aa078990074b1b90fab28b44d7251fb40c278fc23b30,1065085,1050,1050,PASS
29580bed2f7d,APTOS_TRAIN,model/datasets/train_manifest.csv,data/aptos2019/train_images/29580bed2f7d.png,2,62bbca656dc35a01507fdf4d27c5d5c7924b47712ca96ec50ca9f9d8e9bbf65d,1595639,2416,1736,PASS
4c52922f3bfd,APTOS_TRAIN,model/datasets/train_manifest.csv,data/aptos2019/train_images/4c52922f3bfd.png,2,a7109396874fce5363f9296725a9ddb0788b154ac1e4b06562b309dff37f784f,2307146,2416,1736,PASS
b87f9c59748b,APTOS_TRAIN,model/datasets/train_manifest.csv,data/aptos2019/train_images/b87f9c59748b.png,4,21914aa4519b18722f5814ba464c12f2e74dc7c0a511c8d2a5a1c6d57cb74d35,5598470,2588,1958,PASS
8000a6b97a84,APTOS_TRAIN,model/datasets/train_manifest.csv,data/aptos2019/train_images/8000a6b97a84.png,2,104d152aebb16d959ee803cd7b69c99144bd11e00fda7636645fcd6809ab6b56,4512343,4288,2848,PASS
7214fc7cbe03,APTOS_TRAIN,model/datasets/train_manifest.csv,data/aptos2019/train_images/7214fc7cbe03.png,0,1bf8ae3d8b3facecbeefb763b77fb0def11926c6a018e8c99cdda12a4f79212a,1796572,2048,1536,PASS
ac2c814949f9,APTOS_TRAIN,model/datasets/train_manifest.csv,data/aptos2019/train_images/ac2c814949f9.png,2,c669fe87ea8bd487efe11b5b3de820c36889acb1f13621b99da5b54cd2fd7b89,2649198,3216,2136,PASS
fa9f1bc03f21,APTOS_TRAIN,model/datasets/train_manifest.csv,data/aptos2019/train_images/fa9f1bc03f21.png,0,e0d263c1f081a74059285d66b1c7ac5066413ae4db75f195617a3faec6545250,1001243,1050,1050,PASS
3ce2f8a77a32,APTOS_TRAIN,model/datasets/train_manifest.csv,data/aptos2019/train_images/3ce2f8a77a32.png,0,ebe6b4de17eefc1b96abc8dd7469512db6e0b7b271ae354a631ca659a3b58de4,1647342,2048,1536,PASS
6294b378d09f,APTOS_TRAIN,model/datasets/train_manifest.csv,data/aptos2019/train_images/6294b378d09f.png,0,ec739255c1d701be90e73f6b7e2e80da60f78d3015be5b9b65ed19dc64b32d0f,286512,819,614,PASS
01d9477b1171,APTOS_TRAIN,model/datasets/train_manifest.csv,data/aptos2019/train_images/01d9477b1171.png,0,ba4021e20a3950ebb4a5271bbf70258dcfd4e8220e1abc49734146b5f3167625,322269,819,614,PASS
628b581aa905,APTOS_TRAIN,model/datasets/train_manifest.csv,data/aptos2019/train_images/628b581aa905.png,0,bd7f4054ab7e8cf2b5c22ce032217a33e9a5518c39aec12e357ea1a9e49814b6,1848942,2048,1536,PASS
dc6fa1b38b83,APTOS_TRAIN,model/datasets/train_manifest.csv,data/aptos2019/train_images/dc6fa1b38b83.png,2,f62e1dd9c7cb67fe3cca61257c82997c5f1e105b8b8bee30b230ddd4309af2cc,5624353,2588,1958,PASS
8aa3c4681542,APTOS_TRAIN,model/datasets/train_manifest.csv,data/aptos2019/train_images/8aa3c4681542.png,0,72c2dbc2a3b8ac399b94a2c3d88016658a1bd429d9959bebb84fe360320e0b31,969345,1050,1050,PASS
bfdee9be1f1d,APTOS_TRAIN,model/datasets/train_manifest.csv,data/aptos2019/train_images/bfdee9be1f1d.png,4,e3fe3807df82f8739e21c4c2eace0a5c584a46d7d695374796ca71a104f55bb0,5102217,2588,1958,PASS
8564b7aa3c1a,APTOS_TRAIN,model/datasets/train_manifest.csv,data/aptos2019/train_images/8564b7aa3c1a.png,0,2a42ae122bae18637a3277adf784f1be65e9a5b912ac38a970823ccc04200775,956364,1050,1050,PASS
ca2b54b95ade,APTOS_TRAIN,model/datasets/train_manifest.csv,data/aptos2019/train_images/ca2b54b95ade.png,0,b4b3bb996dd952656fee257a53353d97a94da7bc8e115b17069f6b61996da442,997336,1050,1050,PASS
721214151233,APTOS_TRAIN,model/datasets/train_manifest.csv,data/aptos2019/train_images/721214151233.png,0,5cb5b6b23ca0cf3101f4eb571e9f1cd9ec987d1cc3ccc391adcf48e86881f4d9,962478,1050,1050,PASS
cd45bfa07d41,APTOS_TRAIN,model/datasets/train_manifest.csv,data/aptos2019/train_images/cd45bfa07d41.png,1,e6ea921aebe5f7b5e20ed75a6c0d525e6746ee6d7f89a8c965627d7dcfc53779,3063857,3216,2136,PASS
a1b28bcbce00,APTOS_TRAIN,model/datasets/train_manifest.csv,data/aptos2019/train_images/a1b28bcbce00.png,0,d4bb0ce9b3a7bc59d5d32506a7445583e7acb2b4b601a1b73bffa9eab5201b21,329309,819,614,PASS
f451eee2b66b,APTOS_TRAIN,model/datasets/train_manifest.csv,data/aptos2019/train_images/f451eee2b66b.png,0,366f9b004661e24321b076df9d671a68b5225dfb18fb686667053c5d9aba3d9a,909169,1050,1050,PASS
fac399455195,APTOS_TRAIN,model/datasets/train_manifest.csv,data/aptos2019/train_images/fac399455195.png,2,b14b288396279ce6af188b10c98ef17e120dda2befcdb531fbd41f996a4b57e1,7192557,3388,2588,PASS
57f5ad4b5b29,APTOS_TRAIN,model/datasets/train_manifest.csv,data/aptos2019/train_images/57f5ad4b5b29.png,0,9cb83d10a382d61c5d82fc3e7d11c853d187b2951c0399fbfeb30aa8cdddedac,412580,819,614,PASS
41345cec5957,APTOS_TRAIN,model/datasets/train_manifest.csv,data/aptos2019/train_images/41345cec5957.png,0,424a47372bc2ce86ce7086e08e2183c8c8cdc6f5456c715528e27df927227b46,1683390,2048,1536,PASS
b3d12069e1c5,APTOS_TRAIN,model/datasets/train_manifest.csv,data/aptos2019/train_images/b3d12069e1c5.png,2,8a679a81fcb5eeac971c5063ed55fa7603cf52bf4129de7359f9585d2b432012,5302047,2588,1958,PASS
3079490a4b9c,APTOS_TRAIN,model/datasets/train_manifest.csv,data/aptos2019/train_images/3079490a4b9c.png,0,a30ec0998810b0028f65f033ea510f136e3e4d5b2a11ee4eef1f9c1acd420a4d,819622,1050,1050,PASS
9b32e8ef0ca0,APTOS_TRAIN,model/datasets/train_manifest.csv,data/aptos2019/train_images/9b32e8ef0ca0.png,2,c9909caea0615a3f22198c8d5a1cc4980a9126851944968ddd0a37c6360e4734,1888625,2416,1736,PASS
4210809074c1,APTOS_TRAIN,model/datasets/train_manifest.csv,data/aptos2019/train_images/4210809074c1.png,0,72579931c2469674def88123c2b048b6b9e66aae9383828cc48faa50014c6ea4,1104909,1050,1050,PASS
0ada12c0e78f,APTOS_TRAIN,model/datasets/train_manifest.csv,data/aptos2019/train_images/0ada12c0e78f.png,4,3a1c00206ac103cb8d168e6f8c0b3cdf0485268f91a9d838cc1f50e361e1bd6f,5329391,2588,1958,PASS
de730033c683,APTOS_TRAIN,model/datasets/train_manifest.csv,data/aptos2019/train_images/de730033c683.png,0,ed366bdac8386bf662e9c10066a3dd36c1f4c455e19deb4438cbff797f7c8ba0,5140699,2588,1958,PASS
eabf421f94d0,APTOS_TRAIN,model/datasets/train_manifest.csv,data/aptos2019/train_images/eabf421f94d0.png,0,3c8d7e4e7d002cdb111ed6dee4b67fd1e9a44ae6fec4d2b39aacfd9de1671c5f,1010523,1050,1050,PASS
4826d10030b3,APTOS_TRAIN,model/datasets/train_manifest.csv,data/aptos2019/train_images/4826d10030b3.png,0,deabd2b798fff0f7d95c2840993b57957cbac2dcff743ea793b0440bb0ff235d,937392,1050,1050,PASS
203275daf46d,APTOS_TRAIN,model/datasets/train_manifest.csv,data/aptos2019/train_images/203275daf46d.png,2,1483e28799eac8f40693b53c24362857eaf32781ac3e3113622afb79f428c9fa,2177259,2416,1736,PASS
b762c29cf2f3,APTOS_TRAIN,model/datasets/train_manifest.csv,data/aptos2019/train_images/b762c29cf2f3.png,2,ce8b11fffd459199a6a63b162e32d623acdf47c6af8ebe1d94be8a013742f469,2384930,2416,1736,PASS
6f460f9968c7,APTOS_TRAIN,model/datasets/train_manifest.csv,data/aptos2019/train_images/6f460f9968c7.png,0,7069c8ef4e2454790fb07e1f2c11223537590578e1766b49dde2270d625584dd,907236,1050,1050,PASS
64fedbf97473,APTOS_TRAIN,model/datasets/train_manifest.csv,data/aptos2019/train_images/64fedbf97473.png,4,cfb359210648acd18e3927fd3186aa351821a6182b35c50639987899d68db8a5,5171947,2588,1958,PASS
99240ee00485,APTOS_TRAIN,model/datasets/train_manifest.csv,data/aptos2019/train_images/99240ee00485.png,0,6186e1ebebb9b68232503b619d08bd5664b9d63e429e0c424ef3efeaf669d2a6,968675,1050,1050,PASS
7e9458de5707,APTOS_TRAIN,model/datasets/train_manifest.csv,data/aptos2019/train_images/7e9458de5707.png,2,a81a5a412c885777216f80e504141e818e9f8b043022dc1539ab4a8971dcee9e,2237294,2416,1736,PASS
1db6bb46c102,APTOS_TRAIN,model/datasets/train_manifest.csv,data/aptos2019/train_images/1db6bb46c102.png,0,30446de1620f4b49bc71f592f5a8f5680f114341f4b727a7d433da9fad5a3fee,1011760,1050,1050,PASS
6baafa56895c,APTOS_TRAIN,model/datasets/train_manifest.csv,data/aptos2019/train_images/6baafa56895c.png,3,cce8153a29a1df5feb41fdb81f514ee208fa35d8172b74e4b2f6eb46f8fb8b14,5338692,2588,1958,PASS
2a5a8b744f08,APTOS_TRAIN,model/datasets/train_manifest.csv,data/aptos2019/train_images/2a5a8b744f08.png,2,a220d79378e9fd673ab499c2fb5c1536f77e7f8aa1f9f2bff3b33e723a07ff4b,2315062,2416,1736,PASS
aa31bc6b8f4d,APTOS_TRAIN,model/datasets/train_manifest.csv,data/aptos2019/train_images/aa31bc6b8f4d.png,2,336f61a82113423b13a0ee6eea3072a9ae021a60e65100a72610fda7a9ceb66a,2562581,3216,2136,PASS
b6bfe9db60e5,APTOS_TRAIN,model/datasets/train_manifest.csv,data/aptos2019/train_images/b6bfe9db60e5.png,3,53306d8a4939d780d6e3925f98faf6f529a4586f6632e47f61095d393aa8a147,2073043,2416,1736,PASS
b9c7c5182075,APTOS_TRAIN,model/datasets/train_manifest.csv,data/aptos2019/train_images/b9c7c5182075.png,0,01839fb63e4ca72b54f50199480a4a1b7a3b9f9fbbaf9115dad77d7d2616d280,1048134,1050,1050,PASS
fbcbc81cf9be,APTOS_TRAIN,model/datasets/train_manifest.csv,data/aptos2019/train_images/fbcbc81cf9be.png,0,46f09638b7c4e6f5be75b013e6757342ff1a998cfe9baf8290707bc28dfbea44,1013032,1050,1050,PASS
01f7bb8be950,APTOS_TRAIN,model/datasets/train_manifest.csv,data/aptos2019/train_images/01f7bb8be950.png,0,447f1cff3d27e57ab1b71d7cce99707f1f141d4bab0ce0320e5bf55561dba020,5290554,2588,1958,PASS
22d843b2bbd1,APTOS_TRAIN,model/datasets/train_manifest.csv,data/aptos2019/train_images/22d843b2bbd1.png,0,0d7f2762e2ab7d1f836647d862f9def525e2ea24c4b93476c0dc910af0e8d330,1689157,2048,1536,PASS
0e0003ddd8df,APTOS_TRAIN,model/datasets/train_manifest.csv,data/aptos2019/train_images/0e0003ddd8df.png,0,4f89f0ed20dc918949eba7f0fee0669d8bffe0db291c64bfd13ab33947374f41,1013817,1050,1050,PASS
bacfa2b8e706,APTOS_TRAIN,model/datasets/train_manifest.csv,data/aptos2019/train_images/bacfa2b8e706.png,0,5301765465e21a709fe085c6d26884197addb5aaafaf65b97c61b02e274bf753,930739,1050,1050,PASS
3486f7096276,APTOS_TRAIN,model/datasets/train_manifest.csv,data/aptos2019/train_images/3486f7096276.png,0,9a03814b67edd3fe6634d2b091f83c140b877a392c3158de5124d79529daa2f5,5415643,2588,1958,PASS
9bbb6c455913,APTOS_TRAIN,model/datasets/train_manifest.csv,data/aptos2019/train_images/9bbb6c455913.png,0,82de61dc09b71a8780b2f3913e88befca5a5b482595d10bc728f9454fce1b9a2,908422,1050,1050,PASS
52ddde91a349,APTOS_TRAIN,model/datasets/train_manifest.csv,data/aptos2019/train_images/52ddde91a349.png,0,4e7cd5e09441480115acd4c483dc300393da9c4ec0e800940d4bb82964031bcc,1027956,1050,1050,PASS
c1ebe785503a,APTOS_TRAIN,model/datasets/train_manifest.csv,data/aptos2019/train_images/c1ebe785503a.png,1,fa3f29b5b7390d1e686e4bf6a8c5242544b6f966cb15e388184af58f11626b19,1996276,2416,1736,PASS
6df8b7b6e837,APTOS_TRAIN,model/datasets/train_manifest.csv,data/aptos2019/train_images/6df8b7b6e837.png,0,8823b7734e9e94aa35d73ad3d5d78c163329bc4f0f74dbe61fd02276bac39dd0,5308298,2588,1958,PASS
4c635a01593d,APTOS_TRAIN,model/datasets/train_manifest.csv,data/aptos2019/train_images/4c635a01593d.png,0,5a7598589a189ef7a088bbca73bbf2ed60674c3ae0011622431b50f47f98d1ee,1637779,2048,1536,PASS
338326891d84,APTOS_TRAIN,model/datasets/train_manifest.csv,data/aptos2019/train_images/338326891d84.png,0,3ff377a9bf1fb83e56800b9f1dccb1575f5d0247ae1be24947403bec0d171f44,1838831,2048,1536,PASS
cd01672507c9,APTOS_TRAIN,model/datasets/train_manifest.csv,data/aptos2019/train_images/cd01672507c9.png,0,999308994e903048c52314cc07099603bfb0414417d3f806f93ad1c0a0d6d8da,5497051,2588,1958,PASS
05b1bb2bdb81,APTOS_TRAIN,model/datasets/train_manifest.csv,data/aptos2019/train_images/05b1bb2bdb81.png,0,b13f9d8ff4956db39aac797f79cdad098223741ec054df1cc18de26b725b8e2e,5412906,2588,1958,PASS
6e73acb2cf60,APTOS_TRAIN,model/datasets/train_manifest.csv,data/aptos2019/train_images/6e73acb2cf60.png,4,b3e6ea244d1c8a15a9df42e6eea2fce8d99494b5c76c589e430ac0f233e612d1,2092169,2416,1736,PASS
f62b8a076833,APTOS_TRAIN,model/datasets/train_manifest.csv,data/aptos2019/train_images/f62b8a076833.png,0,ac09502731c9477a8d9ac0f7e0b272dad0a038f6e5403bc3c6c6a6cc46611bed,1859665,2048,1536,PASS
041f09eec1e8,APTOS_TRAIN,model/datasets/train_manifest.csv,data/aptos2019/train_images/041f09eec1e8.png,2,008bb5dc08dee7d563dd31471bf8c018e3743a2e52434ca7dff2cfe520aa0434,2765459,3216,2136,PASS
0fb560f9adb2,APTOS_TRAIN,model/datasets/train_manifest.csv,data/aptos2019/train_images/0fb560f9adb2.png,2,bb359c93a210638b195febc5afd4baf90344ad7bd66e4036c767c4e894ec25a0,5028034,2588,1958,PASS
c2a58b2cfd0b,APTOS_TRAIN,model/datasets/train_manifest.csv,data/aptos2019/train_images/c2a58b2cfd0b.png,0,21c474a4710959d1ab44059f95fa407b7890d3b48efb48d2d220d950fd977190,877842,1050,1050,PASS
40140a925c43,APTOS_TRAIN,model/datasets/train_manifest.csv,data/aptos2019/train_images/40140a925c43.png,2,92d954a9570e7408c682b5dddec7b9cd7d2b0411ce857263c21d3851c4cb6af7,2089862,2416,1736,PASS
03c85870824c,APTOS_TRAIN,model/datasets/train_manifest.csv,data/aptos2019/train_images/03c85870824c.png,3,36cfad57da796262ea3e7ec30fc059b094f6c0af358d49d7193952a2768f839c,2347420,2416,1736,PASS
4cddfc22b0ad,APTOS_TRAIN,model/datasets/train_manifest.csv,data/aptos2019/train_images/4cddfc22b0ad.png,0,d059797323af2a6addb06623f375e5240e45351e3cd025b858dcaf55b64ddb93,347567,819,614,PASS
90c982cc2d96,APTOS_TRAIN,model/datasets/train_manifest.csv,data/aptos2019/train_images/90c982cc2d96.png,1,f35fd56d9d9a10c6ad80e083344ab1de6d04312dbf20474694be7599f09993aa,2232881,2416,1736,PASS
7ef5ff774a48,APTOS_TRAIN,model/datasets/train_manifest.csv,data/aptos2019/train_images/7ef5ff774a48.png,1,014dc9c59201eab5884e5df3e7070d6e1469c86befd76fc4e544679cf2efb44d,311513,819,614,PASS
7347f5133a6a,APTOS_TRAIN,model/datasets/train_manifest.csv,data/aptos2019/train_images/7347f5133a6a.png,1,c9bc99b44c0b853344abc28d4e4af4765262b1dee30bed717eb45443e2ab8b18,1874155,2416,1736,PASS
b0acd3593310,APTOS_TRAIN,model/datasets/train_manifest.csv,data/aptos2019/train_images/b0acd3593310.png,0,23b53177d71b007dbed0b673e9d4fa19b010439efb2eff2dae112edd62c2520f,5636407,2588,1958,PASS
59f3f70abddd,APTOS_TRAIN,model/datasets/train_manifest.csv,data/aptos2019/train_images/59f3f70abddd.png,2,f4d2b3e3539b5612183b7d88e47c85c670d0942296255497b1e70b15ccf8c106,2542802,3216,2136,PASS
1ffaa51a6245,APTOS_TRAIN,model/datasets/train_manifest.csv,data/aptos2019/train_images/1ffaa51a6245.png,2,7c8ce5e6a580e9bbcc30ed0e7f04a99a73ac532eb00eb8aa6d09cf66efc67779,426050,640,480,PASS
5b32ece9c627,APTOS_TRAIN,model/datasets/train_manifest.csv,data/aptos2019/train_images/5b32ece9c627.png,0,f788a4bb83192c9821bca1909afa176819ba6b59df9586be8d72437df2f10715,926350,1050,1050,PASS
38487e1a5b1f,APTOS_TRAIN,model/datasets/train_manifest.csv,data/aptos2019/train_images/38487e1a5b1f.png,2,d0a3c33482f9e68654b111b0fc6aab0a047d4ed3399266d302996c75f28c0e99,1249925,1504,1000,PASS
2923971566fe,APTOS_TRAIN,model/datasets/train_manifest.csv,data/aptos2019/train_images/2923971566fe.png,0,bad7657bbfdc81a6b88f54775af97a11358d417309c59cca8b969e03b262d232,2236092,2416,1736,PASS
dfea19863428,APTOS_TRAIN,model/datasets/train_manifest.csv,data/aptos2019/train_images/dfea19863428.png,0,4310e56cd756f6b63425254cf90f2a08c17b39b1132f45f1d45d931913a377a1,328554,819,614,PASS
a0a0cd8af5a6,APTOS_TRAIN,model/datasets/train_manifest.csv,data/aptos2019/train_images/a0a0cd8af5a6.png,2,57d0f5c6a97803e2adf443fb48655d1ac7e14b47caa87b07fdf21156c26b225b,779711,1844,1226,PASS
6f3b62e5b7f5,APTOS_TRAIN,model/datasets/train_manifest.csv,data/aptos2019/train_images/6f3b62e5b7f5.png,0,0a752048cf097525c29d8e38ac8293e8879d0671e86b0116a7ed584b60b3a41a,351920,819,614,PASS
76bc31e0d3be,APTOS_TRAIN,model/datasets/train_manifest.csv,data/aptos2019/train_images/76bc31e0d3be.png,0,60b58ce5cb3c58ae8b6f0cbb1f981b85e11af2ce6e2afd9d27a47868b5daf38e,1923425,2048,1536,PASS
54f57cf26126,APTOS_TRAIN,model/datasets/train_manifest.csv,data/aptos2019/train_images/54f57cf26126.png,0,02d90a444aa61e8cd3b7202f6287c9d059b9e7f637e3c316d5cc6668334c0c7c,1944491,2048,1536,PASS
af6166d57f13,APTOS_TRAIN,model/datasets/train_manifest.csv,data/aptos2019/train_images/af6166d57f13.png,0,e5c96e91582880bf8fb17dad547f7eaeb42ca22e1ae3f041b7b3cb4934c8a56c,1697154,2048,1536,PASS
65dda202653d,APTOS_TRAIN,model/datasets/train_manifest.csv,data/aptos2019/train_images/65dda202653d.png,0,f25afdd6e889925eaefedf2be2a7530fe76a264d7b596ee9306faf51755e0ec5,5140521,2588,1958,PASS
f3b27ac2d371,APTOS_TRAIN,model/datasets/train_manifest.csv,data/aptos2019/train_images/f3b27ac2d371.png,0,66e860461d1d2e133dff3111de2cafaa2a5a79641551359e5232e111d2d29690,1028349,1050,1050,PASS
5671eb95512b,APTOS_TRAIN,model/datasets/train_manifest.csv,data/aptos2019/train_images/5671eb95512b.png,1,9105073258de885f86670c41c1e7f1ae984aede1ef1fc1228e3f3e62c10dccfa,2507094,2416,1736,PASS
82bb8a01935f,APTOS_TRAIN,model/datasets/train_manifest.csv,data/aptos2019/train_images/82bb8a01935f.png,4,839d24c231948a411bd2c186774e4bf7904982eaf67197c08d78c90edbd43b61,4664931,4288,2848,PASS
917f76f360b6,APTOS_TRAIN,model/datasets/train_manifest.csv,data/aptos2019/train_images/917f76f360b6.png,2,08ea4fa5de069d7d88c0e0b9315bb7c5c6e819cc845e48aed0c1c862e358d9e8,5172464,2588,1958,PASS
f64214bed40e,APTOS_TRAIN,model/datasets/train_manifest.csv,data/aptos2019/train_images/f64214bed40e.png,3,bd6708d6614d94fc15df94bf56eea103e1925d6bc09bdddfaf6f0641d957a3a3,5139950,2588,1958,PASS
6f0e5848d9ce,APTOS_TRAIN,model/datasets/train_manifest.csv,data/aptos2019/train_images/6f0e5848d9ce.png,0,5a1d0af58d4b3e64b75ef8966c240551db2ca992688e34e082ff18d17625100f,977895,1050,1050,PASS
252305189b3a,APTOS_TRAIN,model/datasets/train_manifest.csv,data/aptos2019/train_images/252305189b3a.png,0,fd8eda797aeadb350c2f26fb73e659828ead35376c3fc85bb4419a58fc47494c,1061912,1050,1050,PASS
5ba156a35ff2,APTOS_TRAIN,model/datasets/train_manifest.csv,data/aptos2019/train_images/5ba156a35ff2.png,0,fe3f84fd825ae0e12e7ba0c07c46a6d91c57e32830a1e59a67539dc7085914d6,1110632,1050,1050,PASS
4a3da369b227,APTOS_TRAIN,model/datasets/train_manifest.csv,data/aptos2019/train_images/4a3da369b227.png,4,a3f1617b62d322f26f2c6a9496a50e16316f61e1cae1c077f6009066ed665694,2954374,3216,2136,PASS
43f22d1be8dd,APTOS_TRAIN,model/datasets/train_manifest.csv,data/aptos2019/train_images/43f22d1be8dd.png,0,95b1708f39260f43328f246e6ac5839096e7ffacd048c23ae29a83ae477a2257,305070,819,614,PASS
7bc4dd99eee5,APTOS_TRAIN,model/datasets/train_manifest.csv,data/aptos2019/train_images/7bc4dd99eee5.png,4,546dfe74de5ae0cbd289ba3455c88d9ac2ee1baf62a62a579ff0b0202f29e5a1,5517485,4288,2848,PASS
a34fc5376669,APTOS_TRAIN,model/datasets/train_manifest.csv,data/aptos2019/train_images/a34fc5376669.png,0,a88be8e7dfb53b53d120b0c73ddd016bc965076542489d8d0ce799ec9b9ff62b,936599,1050,1050,PASS
69fff98cb32a,APTOS_TRAIN,model/datasets/train_manifest.csv,data/aptos2019/train_images/69fff98cb32a.png,4,725ed8d1acfc46ecbbdd7f09cf3987305b8b16bca4f821f7361ddfec80aa7547,1948134,2416,1736,PASS
0a38b552372d,APTOS_TRAIN,model/datasets/train_manifest.csv,data/aptos2019/train_images/0a38b552372d.png,0,0834b1baff7c61a7f6715edcc96a031201aea1a4439a7760a9c5156e6afacf23,1032248,1050,1050,PASS
5cc6dea19614,APTOS_TRAIN,model/datasets/train_manifest.csv,data/aptos2019/train_images/5cc6dea19614.png,2,f5009741b71d4c298b2a9a12745aae254bc64666545b41fc003fad93e47edbec,5143043,2588,1958,PASS
c06024f05a16,APTOS_TRAIN,model/datasets/train_manifest.csv,data/aptos2019/train_images/c06024f05a16.png,0,6bc66380cb9156db71ed19d2aec3f84cc71e8c1947368509be50846c9120c04d,1074208,1050,1050,PASS
e6a58edc5b42,APTOS_TRAIN,model/datasets/train_manifest.csv,data/aptos2019/train_images/e6a58edc5b42.png,2,3d26d8793e6e22c07380d36e7c9d800d52d70edc42208a569df351e3dcde5c12,2761430,3216,2136,PASS
94b9ccc73bb9,APTOS_TRAIN,model/datasets/train_manifest.csv,data/aptos2019/train_images/94b9ccc73bb9.png,0,352f68a8a0f1158bc9a47dfb915af5e4333295069337b2f76852e153481469cc,302018,819,614,PASS
f45f1485c940,APTOS_TRAIN,model/datasets/train_manifest.csv,data/aptos2019/train_images/f45f1485c940.png,2,e86201a24a75165c014b16de64e737cc46d2701400ce73c22b6a28b442d44407,1971298,2416,1736,PASS
58f07741ee3b,APTOS_TRAIN,model/datasets/train_manifest.csv,data/aptos2019/train_images/58f07741ee3b.png,0,a3d2204f4a4067c3824957cbadd5eba45a6d15dfdd65c9f5945fb3c35756e624,1929028,2048,1536,PASS
96ce10a1dbd7,APTOS_TRAIN,model/datasets/train_manifest.csv,data/aptos2019/train_images/96ce10a1dbd7.png,0,98378fe64bb1e3e21029d65ef876f5084c4deac9feb3eb30e78a887dc91a2edb,1027660,1050,1050,PASS
1e8a1fdee5b9,APTOS_TRAIN,model/datasets/train_manifest.csv,data/aptos2019/train_images/1e8a1fdee5b9.png,1,e582676144ea3c77add4690d49afaff255b4ccb4cc314f41cb3481ddea0a8c12,1714449,2416,1736,PASS
504a69096fcb,APTOS_TRAIN,model/datasets/train_manifest.csv,data/aptos2019/train_images/504a69096fcb.png,0,c3f496b4febeb32fd2716dc7a6c1466111d7e67c31423b9dc4b95dba817b2168,1053897,1050,1050,PASS
57ce57a8cfb0,APTOS_TRAIN,model/datasets/train_manifest.csv,data/aptos2019/train_images/57ce57a8cfb0.png,2,103cacd9bd02d66bd6d0d482aa0fe37936091ac0b60b363d2290d9839d5f5d16,2077371,2416,1736,PASS
d2dc86021c67,APTOS_TRAIN,model/datasets/train_manifest.csv,data/aptos2019/train_images/d2dc86021c67.png,0,33e3d8b157e1a317951dcd1c25b2d79b4c79024e172b6560c48d1b2cb7f3c540,969724,1050,1050,PASS
7c2f820a6425,APTOS_TRAIN,model/datasets/train_manifest.csv,data/aptos2019/train_images/7c2f820a6425.png,2,7d103977529eb24513be261ba016e4ba16deb1d45fbacdca99540fd3b39b30e1,2252934,2416,1736,PASS
63c3c571b8ee,APTOS_TRAIN,model/datasets/train_manifest.csv,data/aptos2019/train_images/63c3c571b8ee.png,2,d6049a383d02ae7164fe803949b73ed7d398b78e65289cc7560eef1b1464f188,330760,640,480,PASS
1a0dbc6c0cda,APTOS_TRAIN,model/datasets/train_manifest.csv,data/aptos2019/train_images/1a0dbc6c0cda.png,0,a75fe7b956508212f4ea04d3deac9925f0b29d27a00fad479c7e0a1ec74b1914,924103,1050,1050,PASS
726dff37edc0,APTOS_TRAIN,model/datasets/train_manifest.csv,data/aptos2019/train_images/726dff37edc0.png,0,90fcf7b7926d75636981771fceeebc63d60fef53d68b9e9fcf376ec0aac390fa,346447,819,614,PASS
68ddb15a74de,APTOS_TRAIN,model/datasets/train_manifest.csv,data/aptos2019/train_images/68ddb15a74de.png,0,6466ca4963be94597d6986ea0f0b1f58ecd34c00b8e8e34b26147e2233c9f5eb,1015162,1050,1050,PASS
5b5b80a3edee,APTOS_TRAIN,model/datasets/train_manifest.csv,data/aptos2019/train_images/5b5b80a3edee.png,4,be0284f2fb8965a496cb94aa5002417a9ac06cffb63d5000fac8cf4b19b234a9,5429990,2588,1958,PASS
e29e54ff921e,APTOS_TRAIN,model/datasets/train_manifest.csv,data/aptos2019/train_images/e29e54ff921e.png,0,5129e6ddc39e4da8f984aff232c0923e66d82ff901b00030a5fe104a0145b03e,1006786,1050,1050,PASS
612f2df37a1d,APTOS_TRAIN,model/datasets/train_manifest.csv,data/aptos2019/train_images/612f2df37a1d.png,4,2d32581a7233b9941a0131e480db34195c21a46f555a17e2bcbc932683efb86c,2130654,2416,1736,PASS
a804cef3e51f,APTOS_TRAIN,model/datasets/train_manifest.csv,data/aptos2019/train_images/a804cef3e51f.png,2,822a8e5db8fd91e0e9ed506106b8cb5cf8d83be5f3aab2785cccf9688f0597c8,2656395,3216,2136,PASS
91e2c2890c9f,APTOS_TRAIN,model/datasets/train_manifest.csv,data/aptos2019/train_images/91e2c2890c9f.png,2,e3b78bb2b2db7d03bf19c3a072be0e1b5a7d973359352eca1383a41ec8ab97e4,5209049,2588,1958,PASS
a763661f98a5,APTOS_TRAIN,model/datasets/train_manifest.csv,data/aptos2019/train_images/a763661f98a5.png,3,eafddae1f652e2132c11e7ed3a8b89d9c164f7f8d38042db9eda963ccb4a33fe,2902192,3216,2136,PASS
8a482c024fc2,APTOS_TRAIN,model/datasets/train_manifest.csv,data/aptos2019/train_images/8a482c024fc2.png,0,7c8a8c10fa101984961611426bc9ba2c141375827175fbead92ef5614257f79f,915836,1050,1050,PASS
1b8701231c8f,APTOS_TRAIN,model/datasets/train_manifest.csv,data/aptos2019/train_images/1b8701231c8f.png,0,b7c5b5eda9b516c756f29a9abe4042b51268636916d29a1dfaeef7da3cce32f2,291570,819,614,PASS
e907d23cce3d,APTOS_TRAIN,model/datasets/train_manifest.csv,data/aptos2019/train_images/e907d23cce3d.png,0,1fe8a38ff5c236ccc708bb6c7ad0b50f80fcd32583a46c9f28736f0fc60631f8,1943155,2048,1536,PASS
3710ff45299c,APTOS_TRAIN,model/datasets/train_manifest.csv,data/aptos2019/train_images/3710ff45299c.png,0,42fc2145f7f0a02c6e46ad70bb9dc6dbd77706aaa20363c7e021b380fd6043c6,1053603,1050,1050,PASS
d968a983d4d2,APTOS_TRAIN,model/datasets/train_manifest.csv,data/aptos2019/train_images/d968a983d4d2.png,2,397d7d726fb7ea2cacc4323174e165a922f983987acf5e2852f20ecc02107c97,5248956,2588,1958,PASS
b95d4dd8e5e2,APTOS_TRAIN,model/datasets/train_manifest.csv,data/aptos2019/train_images/b95d4dd8e5e2.png,2,34f6ef09ed683591e281abe2f6c3be351554f2415996864594e79fc600834db3,3690011,3216,2136,PASS
4e231670b48c,APTOS_TRAIN,model/datasets/train_manifest.csv,data/aptos2019/train_images/4e231670b48c.png,0,7dfca7edf6f5dac535797ede0b2657bf9c0dbcefb6047333c955e326672194a8,1110541,1050,1050,PASS
2eba4279e503,APTOS_TRAIN,model/datasets/train_manifest.csv,data/aptos2019/train_images/2eba4279e503.png,0,4ef85821b0ee09ab62cdd61199feff3a70c65cc77f649b06d26c88ce006670cf,911983,1050,1050,PASS
527bea76116c,APTOS_TRAIN,model/datasets/train_manifest.csv,data/aptos2019/train_images/527bea76116c.png,2,9d9d23a26c5660cab377939e06ce28c4656ff85d35e357fcbd238eff09c0f77b,2193227,2416,1736,PASS
d0d59ed675b5,APTOS_TRAIN,model/datasets/train_manifest.csv,data/aptos2019/train_images/d0d59ed675b5.png,1,f0eafaab6f852e2ba39356531688278327339c84b1d04bec85f0eda7cded25a0,2274480,2416,1736,PASS
cec299c2a2d5,APTOS_TRAIN,model/datasets/train_manifest.csv,data/aptos2019/train_images/cec299c2a2d5.png,0,66f511bab757f151d445e7079492bd69759b028b2bdf7da82676df57b5679ec7,5145912,2588,1958,PASS
38f1901f214a,APTOS_TRAIN,model/datasets/train_manifest.csv,data/aptos2019/train_images/38f1901f214a.png,0,830700d1959d35eb44c6dd46021bf9636e7aac5a0b62651f0ca45fa86b9ba6f4,5277503,2588,1958,PASS
851e40a21f81,APTOS_TRAIN,model/datasets/train_manifest.csv,data/aptos2019/train_images/851e40a21f81.png,0,c95704560e312c94e6abc62b04cfb30951321ee61ac7c83a85c426c2cc980605,944591,1050,1050,PASS
4b6895d0cf8d,APTOS_TRAIN,model/datasets/train_manifest.csv,data/aptos2019/train_images/4b6895d0cf8d.png,0,2d3483fcd4a2d89e372aff233da76a2d5e72ce0c90a93432e71dcd053bdd0668,321823,819,614,PASS
70ed3ec68b94,APTOS_TRAIN,model/datasets/train_manifest.csv,data/aptos2019/train_images/70ed3ec68b94.png,2,b3954ec638affedbb4ccb8668e41e79428271f18d9f58479f3e4cd1cbad71fdb,2316576,2416,1736,PASS
50f5201fd18a,APTOS_TRAIN,model/datasets/train_manifest.csv,data/aptos2019/train_images/50f5201fd18a.png,0,bbde5fa9e2c836e3b3a8259d9dae9c8cf973fe5ca6c817149d6f51a33eb2cc80,306055,819,614,PASS
9d1feed37610,APTOS_TRAIN,model/datasets/train_manifest.csv,data/aptos2019/train_images/9d1feed37610.png,0,06f3fc02b534c783a5bf727193d7f51b07d365349c918394a013cd84440d22a4,941637,1050,1050,PASS
28f93cad89c5,APTOS_TRAIN,model/datasets/train_manifest.csv,data/aptos2019/train_images/28f93cad89c5.png,2,7a9f850c5d849ede93d2cd9fd3c52c1ff51c47d5a0802dba647ab274b1bd8bdf,6862465,3388,2588,PASS
cb2f3c5d71a7,APTOS_TRAIN,model/datasets/train_manifest.csv,data/aptos2019/train_images/cb2f3c5d71a7.png,1,550eb7480194a2b3fc8bfd5def90664d6b7e68bb274e5888e3407beddae31db7,872094,1050,1050,PASS
48afe8c47454,APTOS_TRAIN,model/datasets/train_manifest.csv,data/aptos2019/train_images/48afe8c47454.png,2,45d79385e755900110c60fa49803a0c1baa5391ae95ffc8bc62bb22800373283,2935494,3216,2136,PASS
2665f72e2dd3,APTOS_TRAIN,model/datasets/train_manifest.csv,data/aptos2019/train_images/2665f72e2dd3.png,3,03a08e811413da893d983aac7b64246ccfb4550e64acdba6724a712ee4d0155c,2028789,2896,1944,PASS
5ad3dabeb2cd,APTOS_TRAIN,model/datasets/train_manifest.csv,data/aptos2019/train_images/5ad3dabeb2cd.png,0,5b976be43bc31a071c88a18db778815dd7102e0dc40a2c4106dece6b4fedcafc,994030,1050,1050,PASS
08752092140d,APTOS_TRAIN,model/datasets/train_manifest.csv,data/aptos2019/train_images/08752092140d.png,2,8b2f0264037f7b4d5837a191c25420a64eeb5c9e5453806fca2345dc1ca4bc3f,7255867,3388,2588,PASS
07a0e34c8d20,APTOS_TRAIN,model/datasets/train_manifest.csv,data/aptos2019/train_images/07a0e34c8d20.png,3,2f98059ae31876adc4c95bdfe609b947cc9d171b9df92dfae4510dca595681cc,5349687,2588,1958,PASS
873fe0404d6e,APTOS_TRAIN,model/datasets/train_manifest.csv,data/aptos2019/train_images/873fe0404d6e.png,2,09f7664340ed135beaec0d8b949ef9dcf200aedabb9de56434200d9baa7c6bef,4874320,4288,2848,PASS
ad029ba7fa8b,APTOS_TRAIN,model/datasets/train_manifest.csv,data/aptos2019/train_images/ad029ba7fa8b.png,0,66f637fee0e25d3bf4545248de8e84e46bcf4370789bb3d5d01149906c3fc5a8,287608,819,614,PASS
5d5b5da5f939,APTOS_TRAIN,model/datasets/train_manifest.csv,data/aptos2019/train_images/5d5b5da5f939.png,0,08fed50af80aa97d721ff2ea7f3375ea36a574be99d6e8fde99d0cb437bba1c2,1082753,1050,1050,PASS
48c72dec46e5,APTOS_TRAIN,model/datasets/train_manifest.csv,data/aptos2019/train_images/48c72dec46e5.png,2,6d2774177c235135c126350f7ba752fcefe83ee15634ca3d89015d8e98353bb7,2667713,2416,1736,PASS
98f48850ebce,APTOS_TRAIN,model/datasets/train_manifest.csv,data/aptos2019/train_images/98f48850ebce.png,2,b3926897e6d6ab03c5c47cd63f6f154e0c5a5fe8ecb3c43a51385e5b1e9b7998,7474651,3388,2588,PASS
29d059522fa1,APTOS_TRAIN,model/datasets/train_manifest.csv,data/aptos2019/train_images/29d059522fa1.png,0,ad326195d4897a1b72ac8f0c40a6748ac5012de57261f1c9f07a5d8d2ad5762f,1050438,1050,1050,PASS
6cd606dc52e9,APTOS_TRAIN,model/datasets/train_manifest.csv,data/aptos2019/train_images/6cd606dc52e9.png,4,e21c537b47878e05a699ebe4f0880afd3a6c890f4189625f530f1649b56ecd22,4451579,4288,2848,PASS
6e0f78e188ff,APTOS_TRAIN,model/datasets/train_manifest.csv,data/aptos2019/train_images/6e0f78e188ff.png,0,50de9566195b11e990e9f66ce58d8e47deba71ae0041f91cb7fe4281da5e6353,5458496,2588,1958,PASS
6c00dd8bf708,APTOS_TRAIN,model/datasets/train_manifest.csv,data/aptos2019/train_images/6c00dd8bf708.png,0,72a64ba9873114e6ba241ad2b78eebeedc5c639581a78f393146dec0528393ab,937400,1050,1050,PASS
51da6aebba8f,APTOS_TRAIN,model/datasets/train_manifest.csv,data/aptos2019/train_images/51da6aebba8f.png,3,3bc3705a3e68d069c18d294eb52c72b74597a1e016735cb2e633557696ea84e9,5161045,2588,1958,PASS
b96b518596b3,APTOS_TRAIN,model/datasets/train_manifest.csv,data/aptos2019/train_images/b96b518596b3.png,4,29e35d6eb2a5677056cdef45e4a7ae46f43cc7b4ddd117f35e7a36ca21e29796,5840001,4288,2848,PASS
9cedf5c7016b,APTOS_TRAIN,model/datasets/train_manifest.csv,data/aptos2019/train_images/9cedf5c7016b.png,2,f3b92a7ae46ca63bf1938d1966de1bdd7cc323a10479cb5ed6a65c9ea5a5fdaf,5226298,2588,1958,PASS
e6f0ce5bf282,APTOS_TRAIN,model/datasets/train_manifest.csv,data/aptos2019/train_images/e6f0ce5bf282.png,2,fa070acdf785dd9a932d361ed38388e32a26d42c574de719202fc84ec36f1f77,2881332,3216,2136,PASS
df841a0440d8,APTOS_TRAIN,model/datasets/train_manifest.csv,data/aptos2019/train_images/df841a0440d8.png,2,dc70591ce356d36ba803824a57ba55becf51bc101a25075aa93703ca13b722dc,2066010,2416,1736,PASS
e03a74e7d74f,APTOS_TRAIN,model/datasets/train_manifest.csv,data/aptos2019/train_images/e03a74e7d74f.png,0,ec64e896b5f527f067f994a8ac1626d9599e961ed4600f4a345bfa9c1794255e,1819160,2048,1536,PASS
dcc6c0ad5cad,APTOS_TRAIN,model/datasets/train_manifest.csv,data/aptos2019/train_images/dcc6c0ad5cad.png,0,602b89ab3d15f2e5ed73fdc53ebc16005285564aa0a5d84d2384250d6963f7c3,1933578,2588,1958,PASS
5264a54e1830,APTOS_TRAIN,model/datasets/train_manifest.csv,data/aptos2019/train_images/5264a54e1830.png,0,9dab14e5dbb7bc8a303384ba576de264c82b84f82cd4ef043b56009f987acc46,317895,819,614,PASS
349f3c0ac83e,APTOS_TRAIN,model/datasets/train_manifest.csv,data/aptos2019/train_images/349f3c0ac83e.png,2,9bd34952a03e9c315147361591dc867ce7c63810da85fd9883604fe031f66bdb,5047046,2588,1958,PASS
51030843fde2,APTOS_TRAIN,model/datasets/train_manifest.csv,data/aptos2019/train_images/51030843fde2.png,2,79d1477d32b648da032cf97b8fd8dc1bf89aeab7d73d5432bfa9e079d7714904,2558399,3216,2136,PASS
c6916bc42016,APTOS_TRAIN,model/datasets/train_manifest.csv,data/aptos2019/train_images/c6916bc42016.png,0,939ff4b2cd00f0cdc0af76ee4dfa424391ebcf5cbf5f3851802ec55558870efe,1073569,1050,1050,PASS
b8297a2291f5,APTOS_TRAIN,model/datasets/train_manifest.csv,data/aptos2019/train_images/b8297a2291f5.png,0,9d82c86423777a1282183cd08f472d5b19767c7a620237690f78e1cc2cdbbc22,1051562,1050,1050,PASS
bf18ff30a8f6,APTOS_TRAIN,model/datasets/train_manifest.csv,data/aptos2019/train_images/bf18ff30a8f6.png,1,3ef2c6ec4d7f2d43883ce7ec9bb638e742d995d0a5bbcd7c226ec38a094fd248,1758981,2416,1736,PASS
3402124408ea,APTOS_TRAIN,model/datasets/train_manifest.csv,data/aptos2019/train_images/3402124408ea.png,2,e3f08b3f69f530572082321cfe443d2adfbb5e16db556debda3f5f3e94374184,2561910,2416,1736,PASS
2ef955d6d9ff,APTOS_TRAIN,model/datasets/train_manifest.csv,data/aptos2019/train_images/2ef955d6d9ff.png,0,f6c217442d102e2c303f8d736148e4e327ec6e2d0e06e26e50008c9d948b9cf5,277646,819,614,PASS
d844a7252f4e,APTOS_TRAIN,model/datasets/train_manifest.csv,data/aptos2019/train_images/d844a7252f4e.png,0,a5a03dcb0db97448f6ac68897b78c5d549555b95afc017065c9977e0eb93afe7,2105370,3216,2136,PASS
e966850247f4,APTOS_TRAIN,model/datasets/train_manifest.csv,data/aptos2019/train_images/e966850247f4.png,0,693a38e9d7defee4b3d5dfbd4a9cc6ad5b78a21a615bcd3bea23ef754152df8e,891592,1050,1050,PASS
d02b79fc3200,APTOS_TRAIN,model/datasets/train_manifest.csv,data/aptos2019/train_images/d02b79fc3200.png,0,ba621f7e38b1700aef60d4c6573b9f7003df9e5a474831dd7eb0af8ea0fc8f2f,1061530,1050,1050,PASS
a963ac561580,APTOS_TRAIN,model/datasets/train_manifest.csv,data/aptos2019/train_images/a963ac561580.png,0,365b0401c5482e50780ae46c3e07b020923bc0c832b8c124140f5b5089e1b1d7,1007824,1050,1050,PASS
e3ab63dc9a60,APTOS_TRAIN,model/datasets/train_manifest.csv,data/aptos2019/train_images/e3ab63dc9a60.png,4,a689554ebb69dc7643229467a15bf40da7d8ccea16b9cd3f3cfc9798f6aeafba,2164415,2416,1736,PASS
8bf05909e1e1,APTOS_TRAIN,model/datasets/train_manifest.csv,data/aptos2019/train_images/8bf05909e1e1.png,0,790f6743301ccdb128b5efa83d58fcf857e0a0b0318a0432abca8b3023040f8b,1050592,1050,1050,PASS
ab88081e5654,APTOS_TRAIN,model/datasets/train_manifest.csv,data/aptos2019/train_images/ab88081e5654.png,0,dbda8fa54b1977cc210976f5e19743dea0b78dbf7ee96da44b4d45d7189f46d8,1652841,2048,1536,PASS
43ddd0ab0cc4,APTOS_TRAIN,model/datasets/train_manifest.csv,data/aptos2019/train_images/43ddd0ab0cc4.png,2,d7cb2929c59f9b702b391f40164dc4138a2d8aa3588dced935fd57443faad5cf,7141534,3388,2588,PASS
9dab2e6ba44b,APTOS_TRAIN,model/datasets/train_manifest.csv,data/aptos2019/train_images/9dab2e6ba44b.png,2,cd6d87c95d8e10dbec820ce8525e88b985297ddfd6d1337fb74adc5a7167e604,5376680,2588,1958,PASS
12ef75375322,APTOS_TRAIN,model/datasets/train_manifest.csv,data/aptos2019/train_images/12ef75375322.png,0,4e1658811d0bc46a2a73e25f9fa19fbd8e874e198662f6f2c5b538c60e516621,932041,1050,1050,PASS
76b950c6ed5e,APTOS_TRAIN,model/datasets/train_manifest.csv,data/aptos2019/train_images/76b950c6ed5e.png,0,d4e263f12b99ca4a699d3cceb36acb328984aac5fdfcc7a0bb9b3cf36c3fe6c6,1980639,2048,1536,PASS
6089fa333013,APTOS_TRAIN,model/datasets/train_manifest.csv,data/aptos2019/train_images/6089fa333013.png,3,72020c43662f9db2e009f0ea948265fdae6d72f7030c083391ce0227a81d829c,5202706,2588,1958,PASS
5814cbd2e9bf,APTOS_TRAIN,model/datasets/train_manifest.csv,data/aptos2019/train_images/5814cbd2e9bf.png,0,ec13a11930c86a1fed35207423ad98eb8b98ac0decfad0cadc312b489706e3e9,953982,1050,1050,PASS
97d02a9b94f7,APTOS_TRAIN,model/datasets/train_manifest.csv,data/aptos2019/train_images/97d02a9b94f7.png,0,e791dd6cdd221476a908f60e9da19c010c2b29145856311f5693336624b8f281,1038974,1050,1050,PASS
fed5bb685832,APTOS_TRAIN,model/datasets/train_manifest.csv,data/aptos2019/train_images/fed5bb685832.png,0,2673988bfce034402250191efab34d2390ee1f2493bb87619ca5aad87c18a165,1033170,1050,1050,PASS
29192375ab1b,APTOS_TRAIN,model/datasets/train_manifest.csv,data/aptos2019/train_images/29192375ab1b.png,0,79ea141a4a93f1ba687319ac651535b9219d7df523ae72013ffd8a8b37e39fb1,998326,1050,1050,PASS
97f290d31813,APTOS_TRAIN,model/datasets/train_manifest.csv,data/aptos2019/train_images/97f290d31813.png,0,079842ddba64ce25676f9a6678869eda919430f0a0aff16cc63d37505a73fa08,5514151,2588,1958,PASS
549381330191,APTOS_TRAIN,model/datasets/train_manifest.csv,data/aptos2019/train_images/549381330191.png,0,dedf2a726d6ba28453f1ef3e2eb21c1e7b72f785a3b300dd23a1d2b127f46910,1068157,1050,1050,PASS
17188c13e635,APTOS_TRAIN,model/datasets/train_manifest.csv,data/aptos2019/train_images/17188c13e635.png,2,93731a26b2c5f2aa5d8cd528fc6c9ee153cbf6d51b6d0f506ad6554d7bca8500,5221225,2588,1958,PASS
a8eb35b3bcd2,APTOS_TRAIN,model/datasets/train_manifest.csv,data/aptos2019/train_images/a8eb35b3bcd2.png,2,21b490201175cbb0449543b4dcf663221c9bb62e57d6b5138819f576303df11f,2324365,2416,1736,PASS
000c1434d8d7,APTOS_TRAIN,model/datasets/train_manifest.csv,data/aptos2019/train_images/000c1434d8d7.png,2,3f34b577a7102dddea20d2aaed76028bcf724ddb82e923b5699474d3272510f9,3218676,3216,2136,PASS
8a81f62320d6,APTOS_TRAIN,model/datasets/train_manifest.csv,data/aptos2019/train_images/8a81f62320d6.png,0,e014fc6ca8664994c1df05785558bc984a9905957a2d3d8e786be30f5026ca1b,1025937,1050,1050,PASS
5ea9e447bb62,APTOS_TRAIN,model/datasets/train_manifest.csv,data/aptos2019/train_images/5ea9e447bb62.png,0,529acfbddbbdd3c1f3847052e40ec91fd605aea716881fd90b80fba40c7a7986,993028,1050,1050,PASS
f7fec8935126,APTOS_TRAIN,model/datasets/train_manifest.csv,data/aptos2019/train_images/f7fec8935126.png,1,de685ef01fe7ab45931f13610b0064fe2e4c8035435780af2cc8b8bb54f6ddeb,1896295,2416,1736,PASS
bdb98063fe84,APTOS_TRAIN,model/datasets/train_manifest.csv,data/aptos2019/train_images/bdb98063fe84.png,2,b2f9990972d7d6f35cc58a15f9df1a41d7dc00f8e59a6a2166503901280f9430,5177734,2588,1958,PASS
0ce062f26edc,APTOS_TRAIN,model/datasets/train_manifest.csv,data/aptos2019/train_images/0ce062f26edc.png,0,8af24c8e59a7ee3cf5acfeafa66480347ee6c4d3a1626ea4f12f80454452e9cb,437727,819,614,PASS
9033f1493da1,APTOS_TRAIN,model/datasets/train_manifest.csv,data/aptos2019/train_images/9033f1493da1.png,2,e71ecdde97d98213ddf39d5e66d0ae799898e1cfd3580a19282e8e8d158a23aa,2006410,3216,2136,PASS
e756495c11cb,APTOS_TRAIN,model/datasets/train_manifest.csv,data/aptos2019/train_images/e756495c11cb.png,2,ea77c2e69011d99a3489b4c84d8cfa040ebcc41193f191d2c2d4b613e2edf42c,2131943,2416,1736,PASS
5265dc9acdf8,APTOS_TRAIN,model/datasets/train_manifest.csv,data/aptos2019/train_images/5265dc9acdf8.png,2,2ef649fd17dddc7db1091a16e90b7aacf844b7ea3d57a9e6a32431f627243842,2473046,3216,2136,PASS
a14fcf84bfe1,APTOS_TRAIN,model/datasets/train_manifest.csv,data/aptos2019/train_images/a14fcf84bfe1.png,3,65015c8e4924dbef502eb344902df403f452a55bbbcc4e71d8f82d14b580867f,3387452,3216,2136,PASS
f69835dc7c50,APTOS_TRAIN,model/datasets/train_manifest.csv,data/aptos2019/train_images/f69835dc7c50.png,4,f955072be1f7ebb89a80315f443ac7c6cee92cef84ea41691b0ffaea1ebeb696,2337129,2416,1736,PASS
5b0e53f53ef3,APTOS_TRAIN,model/datasets/train_manifest.csv,data/aptos2019/train_images/5b0e53f53ef3.png,1,079d21fb3929a7b8b604ab39075328a3567fbe4ac6504814ae34c6c65452b265,2384775,2416,1736,PASS
482088e6be44,APTOS_TRAIN,model/datasets/train_manifest.csv,data/aptos2019/train_images/482088e6be44.png,0,b197d496c7ed2be3bc543a4c19e57103852e18d9913f5af272bca23bf716cf03,1959791,2048,1536,PASS
a95d9d61ddd4,APTOS_TRAIN,model/datasets/train_manifest.csv,data/aptos2019/train_images/a95d9d61ddd4.png,0,5a49f1244307af030900dfdba28cc8898ba6e34dead0c24505ab486428d8b20e,1059291,1050,1050,PASS
962cf85e4f6d,APTOS_TRAIN,model/datasets/train_manifest.csv,data/aptos2019/train_images/962cf85e4f6d.png,2,87e69fe894bce37d71b5d483999d087e71517cd7e22277c3892f846568aaf457,2248668,2416,1736,PASS
8688f3d0fcaf,APTOS_TRAIN,model/datasets/train_manifest.csv,data/aptos2019/train_images/8688f3d0fcaf.png,3,be28025635c8181ed2eb9fea388bb4d258f6533f3c865847f8071893d7ccf5da,931685,1050,1050,PASS
e821c1b6417a,APTOS_TRAIN,model/datasets/train_manifest.csv,data/aptos2019/train_images/e821c1b6417a.png,4,2c8a559777a52df422f65511b25ea78cde5ed6d966acf9d0643b9276d3e1a10f,4812258,2588,1958,PASS
e4ae1ee6aada,APTOS_TRAIN,model/datasets/train_manifest.csv,data/aptos2019/train_images/e4ae1ee6aada.png,0,cec4168d8ba84555b940234cb590b9e847e4321f08663c62034624c30f7b96f1,939824,1050,1050,PASS
e2856afe62c5,APTOS_TRAIN,model/datasets/train_manifest.csv,data/aptos2019/train_images/e2856afe62c5.png,2,05bc54877866220cdea193f715d50163e1c98fa0218a21db158664bc403b51ba,1633934,2416,1736,PASS
1006345f70b7,APTOS_TRAIN,model/datasets/train_manifest.csv,data/aptos2019/train_images/1006345f70b7.png,2,117b6991b6557bab222f8098f09a1e0601b227d49b207fca1e6b6f704f026673,2847183,2416,1736,PASS
66bae1ba227f,APTOS_TRAIN,model/datasets/train_manifest.csv,data/aptos2019/train_images/66bae1ba227f.png,2,8e1eeda8963f2e8b96d3679ed6cb11c3d6e4c5b1dc07bc22c2492a5f8089e5ee,4414893,4288,2848,PASS
f3bb996b45ce,APTOS_TRAIN,model/datasets/train_manifest.csv,data/aptos2019/train_images/f3bb996b45ce.png,0,c00f76bb5291c7f0076f5558fea2aaaf08c35bee8dfc0db712101ad6433f9872,996839,1050,1050,PASS
1782142e17d9,APTOS_TRAIN,model/datasets/train_manifest.csv,data/aptos2019/train_images/1782142e17d9.png,0,e24811cf55bfd306343d26d55ce9879bf8da34d963f096894f601dafc58af5d5,975198,1050,1050,PASS
51cd8d2057fa,APTOS_TRAIN,model/datasets/train_manifest.csv,data/aptos2019/train_images/51cd8d2057fa.png,0,f8b919adae4ec2065c650f0fbfbbb0ef3ecf1f0e889699d74b7899dfc7d372a5,1025253,1050,1050,PASS
201f6e10c108,APTOS_TRAIN,model/datasets/train_manifest.csv,data/aptos2019/train_images/201f6e10c108.png,0,45f2c6d5d9f23fc937e7fab8dcc62fcba144d9628e1d0dcac0e14e20da2cafe4,1005632,1050,1050,PASS
b2748ac28fc1,APTOS_TRAIN,model/datasets/train_manifest.csv,data/aptos2019/train_images/b2748ac28fc1.png,2,4e9a4bb629cdd179ea6feae61e096ba459464a88863815e8f63ee0cfc50a09fe,5455195,4288,2848,PASS
e7fc93ac5b6d,APTOS_TRAIN,model/datasets/train_manifest.csv,data/aptos2019/train_images/e7fc93ac5b6d.png,2,710e3e413cb3b8fea3a0d0756e677d8fa838c4243e5463b80e4385bab39f44d4,3412641,2588,1958,PASS
705f508d1e42,APTOS_TRAIN,model/datasets/train_manifest.csv,data/aptos2019/train_images/705f508d1e42.png,0,f194fc60376d455dec2e942d7204b7456d4d252534c669e1060383104be1d9ff,1080407,1050,1050,PASS
98277aeb96a7,APTOS_TRAIN,model/datasets/train_manifest.csv,data/aptos2019/train_images/98277aeb96a7.png,0,84583405feeb2139d838367fdf365f4e6bfb4de5c7b22069fce2625f2bfd85b1,1966890,2048,1536,PASS
6b869f37cdf3,APTOS_TRAIN,model/datasets/train_manifest.csv,data/aptos2019/train_images/6b869f37cdf3.png,2,3917add48868f109c22812b4ad715d1454a173e85c457c44eaf082a98fbcc963,2302493,2416,1736,PASS
b98f77098b9d,APTOS_TRAIN,model/datasets/train_manifest.csv,data/aptos2019/train_images/b98f77098b9d.png,2,925d584b1e3f5e2b47b28bd86fc3c769ca3e63496d7ec0bee8b189bc2ec66fd1,3278738,2588,1958,PASS
49386d603494,APTOS_TRAIN,model/datasets/train_manifest.csv,data/aptos2019/train_images/49386d603494.png,1,69ebd18e2c939950d79d119bf0ea4f180e80dd587c9212064c41896477d04582,2223596,2416,1736,PASS
7d0a871c45db,APTOS_TRAIN,model/datasets/train_manifest.csv,data/aptos2019/train_images/7d0a871c45db.png,0,a9c622b8758c2db9043f36bebbc9b43af873662d6ac2c38d67b9dbd70b5a8067,1008307,1050,1050,PASS
a32b5ce3d48a,APTOS_TRAIN,model/datasets/train_manifest.csv,data/aptos2019/train_images/a32b5ce3d48a.png,4,d25f426da60e00317238dc484860c440f42a8bf89e31dfba6b4c6c903d57140c,2004515,2416,1736,PASS
3dfc50108072,APTOS_TRAIN,model/datasets/train_manifest.csv,data/aptos2019/train_images/3dfc50108072.png,2,2985bfa694337b25bd4bdd6b192e8266a1910b0e53e297608e5b80733512f401,1666626,2416,1736,PASS
cd93a472e5cd,APTOS_TRAIN,model/datasets/train_manifest.csv,data/aptos2019/train_images/cd93a472e5cd.png,4,e05844b5724329bbe205994edf6195652767b3929d09afbfab964bb7138e2ca7,913889,1050,1050,PASS
a150ff5dfe07,APTOS_TRAIN,model/datasets/train_manifest.csv,data/aptos2019/train_images/a150ff5dfe07.png,2,bd9b6f2c336f8c3f0d8c9554580b61d6b2730c9e2276a3d09f070f069ce280fe,7574524,3388,2588,PASS
657859f893d9,APTOS_TRAIN,model/datasets/train_manifest.csv,data/aptos2019/train_images/657859f893d9.png,2,ac632bfd5ec940d643d1534dc4873b28af7efaf1e212f3e68a72b00cd54c7e0f,3056158,3216,2136,PASS
6bf26b777e3a,APTOS_TRAIN,model/datasets/train_manifest.csv,data/aptos2019/train_images/6bf26b777e3a.png,0,2692a9a5f0216efdffa7db3bf8d4abd90c77866d1cd00359381a7a4739098760,5136174,2588,1958,PASS
a08a0133754a,APTOS_TRAIN,model/datasets/train_manifest.csv,data/aptos2019/train_images/a08a0133754a.png,0,02b5348a877d5af0da3094b8dd7ecc46cb36cbc302f54d3319eb75bdceb21ed4,951982,1050,1050,PASS
885fa5fc5da8,APTOS_TRAIN,model/datasets/train_manifest.csv,data/aptos2019/train_images/885fa5fc5da8.png,0,d99e97d0db31c5a209175330f53c7f43f6e7baf109094ac982830aee94928b6d,935542,1050,1050,PASS
3601dac9bed7,APTOS_TRAIN,model/datasets/train_manifest.csv,data/aptos2019/train_images/3601dac9bed7.png,0,df153cc4e91afccda2628a3c73a0aaa58badbe2679c94bf4fe0255d2c197744a,5520181,2588,1958,PASS
c373b73a80c8,APTOS_TRAIN,model/datasets/train_manifest.csv,data/aptos2019/train_images/c373b73a80c8.png,0,8e88383813d0b0f59081de278306b5d890bb656d891c2551ef2420ff941ac2d5,1937095,2048,1536,PASS
43e9c66eb0f3,APTOS_TRAIN,model/datasets/train_manifest.csv,data/aptos2019/train_images/43e9c66eb0f3.png,0,98ac40619dc070bcec3f6f532af8a0edc23a3030c6a74b3dfd144389690fd374,5525991,2588,1958,PASS
3b9c1f42c2f2,APTOS_TRAIN,model/datasets/train_manifest.csv,data/aptos2019/train_images/3b9c1f42c2f2.png,2,b5fb1ce7b90bfc42ff02a3013a78e7000351fbd6fd8b3100d49ffb30ed1371e4,2736627,3216,2136,PASS
2a7373eeb352,APTOS_TRAIN,model/datasets/train_manifest.csv,data/aptos2019/train_images/2a7373eeb352.png,0,9018d8d8c067406f169f62ad4059209325f254eefe0a73a87d521b9ba84c527d,344872,819,614,PASS
65cf00be6fb4,APTOS_TRAIN,model/datasets/train_manifest.csv,data/aptos2019/train_images/65cf00be6fb4.png,0,9a1bf7ceebfae28bc97340acdfa14463d6c29a5ce1e41a1b9e6e36b930d0a3fb,300647,819,614,PASS
c56293f53191,APTOS_TRAIN,model/datasets/train_manifest.csv,data/aptos2019/train_images/c56293f53191.png,0,61bf9bca364d486d9ea3178deef57d5eee8851e75d63cf978936dc1f917b4f85,965249,1050,1050,PASS
97fdee242fea,APTOS_TRAIN,model/datasets/train_manifest.csv,data/aptos2019/train_images/97fdee242fea.png,0,90c1591a33f4b594a9d109db8260cede675088705b873d1d2efe8e2ebab38d32,391668,819,614,PASS
084c02cf077f,APTOS_TRAIN,model/datasets/train_manifest.csv,data/aptos2019/train_images/084c02cf077f.png,0,a7059ea8055222f9c8d731b605b51f55e79290dc72d587ba20d812e184afd802,283799,819,614,PASS
dde43aa22ae6,APTOS_TRAIN,model/datasets/train_manifest.csv,data/aptos2019/train_images/dde43aa22ae6.png,2,8f140c9b22c4a0841fa088745d589fddb88b0852e21c0266d02780c3929d9ef2,2035782,2416,1736,PASS
b3d135bd3bb5,APTOS_TRAIN,model/datasets/train_manifest.csv,data/aptos2019/train_images/b3d135bd3bb5.png,3,6c166309cde6d0b0dff853942156b5093abdb314e5b794df957d8ff09e8ba087,2486683,2416,1736,PASS
ad6b07d5c338,APTOS_TRAIN,model/datasets/train_manifest.csv,data/aptos2019/train_images/ad6b07d5c338.png,0,1b792fdea90f9f5a16af37ccd991864aed941fbbb9353920b40df43587bdd2af,1941956,2048,1536,PASS
f72adcac5638,APTOS_TRAIN,model/datasets/train_manifest.csv,data/aptos2019/train_images/f72adcac5638.png,4,ca0256adefd6b66c308b5ad9ec1442bd8802f3611706b214d0036591eafed9e5,5350905,2588,1958,PASS
62cc7ddb53b6,APTOS_TRAIN,model/datasets/train_manifest.csv,data/aptos2019/train_images/62cc7ddb53b6.png,2,19f178308f40b05126559c81a01842f4fafdacf336c297a245e0e15752690353,3633561,3216,2136,PASS
31360e44ac64,APTOS_TRAIN,model/datasets/train_manifest.csv,data/aptos2019/train_images/31360e44ac64.png,0,7d4c802125b1bf21823ee1cd8e3b558a150261178f78de0225bf065620a5dc2d,5164615,2588,1958,PASS
74211a2b6dcf,APTOS_TRAIN,model/datasets/train_manifest.csv,data/aptos2019/train_images/74211a2b6dcf.png,0,778d33477e8635c3df5e6ed119c697f7fb05cd828bec2362596e50b38b66edfe,5406988,2588,1958,PASS
21abd36095a1,APTOS_TRAIN,model/datasets/train_manifest.csv,data/aptos2019/train_images/21abd36095a1.png,4,ed3aa0fd41b4da02cf6293d125074703f57b81ce4bb19220227a5cf4865056e4,2732370,3216,2136,PASS
582115961a3d,APTOS_TRAIN,model/datasets/train_manifest.csv,data/aptos2019/train_images/582115961a3d.png,1,dc376deb921fa5dac75ff5c14de167c75918be29eb2e062e52d1c128e32b5f0d,2358394,2416,1736,PASS
f994a3b07935,APTOS_TRAIN,model/datasets/train_manifest.csv,data/aptos2019/train_images/f994a3b07935.png,0,5240989d24de125f17c032121ef234490f890c40b249cac304671ed74099fe33,957609,1050,1050,PASS
2d9d97a6e713,APTOS_TRAIN,model/datasets/train_manifest.csv,data/aptos2019/train_images/2d9d97a6e713.png,1,7c050adf4c77eb83b217cd2ce6e6c155f8440b4ef498b7db6c14d78238fde124,2128033,2416,1736,PASS
5077cdb88aed,APTOS_TRAIN,model/datasets/train_manifest.csv,data/aptos2019/train_images/5077cdb88aed.png,0,460160fdda79d72a5c9b712bd1474872dc2138304f064a3baa277cfa60bf78c1,988259,1050,1050,PASS
4e7694eebb91,APTOS_TRAIN,model/datasets/train_manifest.csv,data/aptos2019/train_images/4e7694eebb91.png,2,ea4946bfb001a8cf38bbccbebedba8f9148cbe77b545d62aae4b60dafb00a18f,2162378,2416,1736,PASS
6cfb7b44ef6f,APTOS_TRAIN,model/datasets/train_manifest.csv,data/aptos2019/train_images/6cfb7b44ef6f.png,4,37c0b986091deb6ac402662cf49cedba05114223faa7d8f8cf31b1c88234a604,870425,1844,1226,PASS
3ffa14d60b24,APTOS_TRAIN,model/datasets/train_manifest.csv,data/aptos2019/train_images/3ffa14d60b24.png,2,f4e9a2cb75782f110f8a0eaa0ec970bba8104f7e818734100707054484ed8c98,2396783,3216,2136,PASS
6fe4751a3b42,APTOS_TRAIN,model/datasets/train_manifest.csv,data/aptos2019/train_images/6fe4751a3b42.png,0,67219fbdf05635271b7f5a4334d10bdac12500da4cdc64c7f304d320d37c9da2,1012328,1050,1050,PASS
887c26fc0e1f,APTOS_TRAIN,model/datasets/train_manifest.csv,data/aptos2019/train_images/887c26fc0e1f.png,4,c50aa1b00f6662db423d7d07c6c5de86bd651730924977a06a5b6b8697e3d65c,3466485,3216,2136,PASS
ab7991df166b,APTOS_TRAIN,model/datasets/train_manifest.csv,data/aptos2019/train_images/ab7991df166b.png,0,1787bba6c5c5257c90d9c870bb220a140bd494c7e9af50298d5d9f1ee2e1cfe3,349067,819,614,PASS
12b57dac703e,APTOS_TRAIN,model/datasets/train_manifest.csv,data/aptos2019/train_images/12b57dac703e.png,0,7cf914317632429baf5c49280e52b4dbe2634a186647b4f91e3fecf4327a85bd,5652447,2588,1958,PASS
3f8d5c940ba4,APTOS_TRAIN,model/datasets/train_manifest.csv,data/aptos2019/train_images/3f8d5c940ba4.png,2,4ba9113b66dacf3d22d59dceda302876c3df586538494a9960b441f52eb55727,7318451,3388,2588,PASS
13d411c85ffd,APTOS_TRAIN,model/datasets/train_manifest.csv,data/aptos2019/train_images/13d411c85ffd.png,0,b05908af48571387b9ce60c655a88085dd6570015e12f6f44aa6d2d9c4d518f2,1021844,1050,1050,PASS
96ea316ed0ab,APTOS_TRAIN,model/datasets/train_manifest.csv,data/aptos2019/train_images/96ea316ed0ab.png,0,810a7e951540267136bd61f1c1a67f408e6aca9afd601dea65f1674b2251c2df,307803,819,614,PASS
7d626a7ffe76,APTOS_TRAIN,model/datasets/train_manifest.csv,data/aptos2019/train_images/7d626a7ffe76.png,4,3a277bd82c616a0ac9cdc858b887435d86cca1b6b54f24088e3454843e97bf31,2560041,2416,1736,PASS
883ddb650967,APTOS_TRAIN,model/datasets/train_manifest.csv,data/aptos2019/train_images/883ddb650967.png,0,a2a232a2b0d8e17a80ab746d14f472fe8fd10d381dd6796aa311f8f3a6f7f503,943172,1050,1050,PASS
e16af45285e5,APTOS_TRAIN,model/datasets/train_manifest.csv,data/aptos2019/train_images/e16af45285e5.png,0,d27a9c41851f316aec3e71f2e888578147be5735bfc0fd2854e7781c77ca5bd5,995747,1050,1050,PASS
e1e490773462,APTOS_TRAIN,model/datasets/train_manifest.csv,data/aptos2019/train_images/e1e490773462.png,2,3cf5605ce686c5083dab079e9c2e11f90a692451069856c89728e51be26c66f8,3673427,3388,2588,PASS
92d8a7c8e718,APTOS_TRAIN,model/datasets/train_manifest.csv,data/aptos2019/train_images/92d8a7c8e718.png,2,0e119672d74687f40802ff99aebd2e2579e3f75f308641f9a9bb2fe19809df54,3534539,2588,1958,PASS
cd9e2190c73f,APTOS_TRAIN,model/datasets/train_manifest.csv,data/aptos2019/train_images/cd9e2190c73f.png,2,78cd90d2222aa5d98ae0f26102cc04585718d0a4f8a91d9de7a50cc6b9829fdb,2319997,2416,1736,PASS
d91635f380b4,APTOS_TRAIN,model/datasets/train_manifest.csv,data/aptos2019/train_images/d91635f380b4.png,0,a07be9ee877cc6d69b51eb3fdf6876f5067c9ef4ef41760e0d8b8bd30ee95b39,1746176,2048,1536,PASS
7be1b9aa78aa,APTOS_TRAIN,model/datasets/train_manifest.csv,data/aptos2019/train_images/7be1b9aa78aa.png,0,c3e635eabd065971362b6da7ce032187e4fe2bf783d4cf27ff9071193a5f5841,976245,1050,1050,PASS
7eeb191ad06b,APTOS_TRAIN,model/datasets/train_manifest.csv,data/aptos2019/train_images/7eeb191ad06b.png,0,b640f8817696720d35bbb3446be9080ada74c40dc67d509a4abaef764f7308f0,1035347,1050,1050,PASS
2a099b247b10,APTOS_TRAIN,model/datasets/train_manifest.csv,data/aptos2019/train_images/2a099b247b10.png,2,2bf6c1a129d65d32b28b4960e7c1382791fd9d67e4162ac258c85d5927218fa9,979881,1050,1050,PASS
7e980424868e,APTOS_TRAIN,model/datasets/train_manifest.csv,data/aptos2019/train_images/7e980424868e.png,0,f4f47730b37ed52b9bbe688c983eb38d3e30a07d017341628039b9a7bfc61999,1009674,1050,1050,PASS
05339950962e,APTOS_TRAIN,model/datasets/train_manifest.csv,data/aptos2019/train_images/05339950962e.png,0,84c7bad930798b36dd66906d5faec64ab4eaf197595894889536da45a6aa7009,1043694,1050,1050,PASS
7743f4e04a6d,APTOS_TRAIN,model/datasets/train_manifest.csv,data/aptos2019/train_images/7743f4e04a6d.png,2,5c1f1792a9545d06fbb0ff1e5198fdefe7799e7a9aa8cdae29ee74ef52e4843b,3018009,3216,2136,PASS
13ab8db8c700,APTOS_TRAIN,model/datasets/train_manifest.csv,data/aptos2019/train_images/13ab8db8c700.png,1,68b60f2d2c1f824c198743660eab263add4fca30b289107106e8f537208e691c,2217648,2416,1736,PASS
cc964bf04dbc,APTOS_TRAIN,model/datasets/train_manifest.csv,data/aptos2019/train_images/cc964bf04dbc.png,0,10f00fc3b93dcda4a195e8b2758617e8ebcf8bf58db7fbeb8ac1b7f7c2fd2750,1056769,1050,1050,PASS
05e9126dfa5c,APTOS_TRAIN,model/datasets/train_manifest.csv,data/aptos2019/train_images/05e9126dfa5c.png,0,4cb12ee32a79a6679a692cd133d2afdd07d2a654c8982fcb27349fbfdcaab50f,1058816,1050,1050,PASS
52886bed8a07,APTOS_TRAIN,model/datasets/train_manifest.csv,data/aptos2019/train_images/52886bed8a07.png,2,dfe5a4fc0da35fd0178465cdfe1ebc3e1474b5b245aa635b2b07fa13524bc60a,2488266,3216,2136,PASS
b7a1bb106051,APTOS_TRAIN,model/datasets/train_manifest.csv,data/aptos2019/train_images/b7a1bb106051.png,0,a0bb3fd0745ada059ef51e677a76c3557a2fb544967adb87c033210e07840101,1071687,1050,1050,PASS
8d3d67661620,APTOS_TRAIN,model/datasets/train_manifest.csv,data/aptos2019/train_images/8d3d67661620.png,2,01f04eb1f0de181a9dae57c5c3e347c12ca019902911d446378f28391b246207,2104780,2416,1736,PASS
aabd867043cf,APTOS_TRAIN,model/datasets/train_manifest.csv,data/aptos2019/train_images/aabd867043cf.png,0,d9da9de70ce88a4ac36793aa8253bd34fb0e48b0b940fa2bd79697a86ecd6cb5,930469,1050,1050,PASS
175dd560810a,APTOS_TRAIN,model/datasets/train_manifest.csv,data/aptos2019/train_images/175dd560810a.png,2,1f1122e724c640b9c273f5766bd5ae2ba0bf719aa9591d693e8d2dd2298d653b,2130042,2416,1736,PASS
77543f66a84a,APTOS_TRAIN,model/datasets/train_manifest.csv,data/aptos2019/train_images/77543f66a84a.png,2,ba37bee54de2add2075866869e8a6aa124ea688393a80fc7be9342e4b81b0bd4,310792,640,480,PASS
fc782722a50c,APTOS_TRAIN,model/datasets/train_manifest.csv,data/aptos2019/train_images/fc782722a50c.png,0,e42d9487f0f13fa8a31fa3b5e092f1e02db37399f955cdfe0519595dc920f4b3,1073827,1050,1050,PASS
cb39761f0712,APTOS_TRAIN,model/datasets/train_manifest.csv,data/aptos2019/train_images/cb39761f0712.png,0,7053186c907167954f5dd12398183a08b82f44ac42dbec5636045224ea7b77b6,1071147,1050,1050,PASS
fb696a8e055a,APTOS_TRAIN,model/datasets/train_manifest.csv,data/aptos2019/train_images/fb696a8e055a.png,4,6a5faf6c663e9c952a8d17e50fab8b262feadfb8f5a024dc03947a7030942bce,1008636,1844,1226,PASS
d5a39339ff3d,APTOS_TRAIN,model/datasets/train_manifest.csv,data/aptos2019/train_images/d5a39339ff3d.png,2,50b7ce404f59eddf4d72238b62da30949688e460f4a1a53e0e8c841ea5e601be,3592572,3216,2136,PASS
ae61e19fb766,APTOS_TRAIN,model/datasets/train_manifest.csv,data/aptos2019/train_images/ae61e19fb766.png,0,5de69c6f24ad43fca18be2ad76eed678f56abf8cc0ae9598158f78e2a5eaf6a7,1888876,2048,1536,PASS
ee3fe7809e6a,APTOS_TRAIN,model/datasets/train_manifest.csv,data/aptos2019/train_images/ee3fe7809e6a.png,0,f6a9945666f57f4565ca54ba3020f94344a0f1a8f3dc0a7b0df1e198e3a609c5,294377,819,614,PASS
0e82bcacc475,APTOS_TRAIN,model/datasets/train_manifest.csv,data/aptos2019/train_images/0e82bcacc475.png,4,4cd01021752244e2a4765eeefa2a274c260300852f3373581753236f1e588176,5220917,2588,1958,PASS
2ef10194e80d,APTOS_TRAIN,model/datasets/train_manifest.csv,data/aptos2019/train_images/2ef10194e80d.png,0,e1a7f180c95032cc8bc187ee55323f4dc373c5c2157bf80642be0935b4efa027,1906753,2048,1536,PASS
2b5bb6d33959,APTOS_TRAIN,model/datasets/train_manifest.csv,data/aptos2019/train_images/2b5bb6d33959.png,0,2e6402e67640ff5c9ea2d8f6e0a633f7b87847da380bdee5470985b0d45e13ed,1917487,2048,1536,PASS
7e4019ac7f5a,APTOS_TRAIN,model/datasets/train_manifest.csv,data/aptos2019/train_images/7e4019ac7f5a.png,4,575bd8d121a9a2e71c96465b9b94042c918f2716b63795a2e9eade3a9d6b8e74,2563432,3216,2136,PASS
69df7ade0575,APTOS_TRAIN,model/datasets/train_manifest.csv,data/aptos2019/train_images/69df7ade0575.png,2,137c9d9316476d1976fc1f9e6ffafca1f52872f7e0022733f3aa92c5bfa9c510,2060731,2416,1736,PASS
66bfec8d6bcd,APTOS_TRAIN,model/datasets/train_manifest.csv,data/aptos2019/train_images/66bfec8d6bcd.png,0,4589d45c0e2c5b68ca84972b2b19e20d56302f5fe765e1a043686aae8a27975c,949534,1050,1050,PASS
1c47815f4a6b,APTOS_TRAIN,model/datasets/train_manifest.csv,data/aptos2019/train_images/1c47815f4a6b.png,0,833a657c36b2655469cba9f35d4c6a186e398fc86be9bad74a6ed74980b4badd,1056679,1476,1117,PASS
20f86e068276,APTOS_TRAIN,model/datasets/train_manifest.csv,data/aptos2019/train_images/20f86e068276.png,0,a2ced0d12c62db50863be8a773063174d8be20ee34cb53fd80c728d00628c6bb,5512219,2588,1958,PASS
69f43381317b,APTOS_TRAIN,model/datasets/train_manifest.csv,data/aptos2019/train_images/69f43381317b.png,0,04da4a4b7b8554816b4310236db82263046a32c0e55f02d068ea480d8a58dc5e,1913903,2048,1536,PASS
537e5c578f40,APTOS_TRAIN,model/datasets/train_manifest.csv,data/aptos2019/train_images/537e5c578f40.png,0,4aed14d003d79b1d7be82fb1f1963be5900e880ba0462e3674711266614eeb67,351532,819,614,PASS
d866c26d76f0,APTOS_TRAIN,model/datasets/train_manifest.csv,data/aptos2019/train_images/d866c26d76f0.png,0,acee896ce317a46b8e7329659a45d13f7dd95c537a173dd7ea85ba397cb3ab5a,1926806,2048,1536,PASS
454a944eb557,APTOS_TRAIN,model/datasets/train_manifest.csv,data/aptos2019/train_images/454a944eb557.png,0,1aa90a4a52da74525974bd682454ef1c0808a0df21f17007c6147879924a1c02,299151,819,614,PASS
69c4cbb630de,APTOS_TRAIN,model/datasets/train_manifest.csv,data/aptos2019/train_images/69c4cbb630de.png,0,aa25a946813c778dad53885172a43ab249b5bf7ac66dcf3febea894a76c19014,308589,819,614,PASS
5ca779ace6e7,APTOS_TRAIN,model/datasets/train_manifest.csv,data/aptos2019/train_images/5ca779ace6e7.png,0,a56ee114d6784f72181f9bf712cc5db0d6da561c629c87fdc16156fc08aebe14,967226,1050,1050,PASS
b46b09a45f39,APTOS_TRAIN,model/datasets/train_manifest.csv,data/aptos2019/train_images/b46b09a45f39.png,0,5b6b126333ed0d8d5379eb2ab6d41e2517fd6d40bad2ce618c6cd7f27f4404b8,1025378,1050,1050,PASS
a721efb1e049,APTOS_TRAIN,model/datasets/train_manifest.csv,data/aptos2019/train_images/a721efb1e049.png,2,c2120a5be4d694ad7e200a4d40bb22da7f3540cdfead964277992dea2ef0fdf2,2897626,3216,2136,PASS
1e1fb019710d,APTOS_TRAIN,model/datasets/train_manifest.csv,data/aptos2019/train_images/1e1fb019710d.png,2,d22c93096f1b342b01c8cdbe79c5ba29c59498aedbe7637c8077edfa7f75b7f9,2329394,2416,1736,PASS
6c9c902a97de,APTOS_TRAIN,model/datasets/train_manifest.csv,data/aptos2019/train_images/6c9c902a97de.png,0,b0517fe48f259146385eda59aea271ecd7ebb6fff128458bee9296128f248902,929960,1050,1050,PASS
5cf9127f251a,APTOS_TRAIN,model/datasets/train_manifest.csv,data/aptos2019/train_images/5cf9127f251a.png,2,303ba1576126d4b4abc057f636438a5431c06ffc344fd742ff40a9b73f8eacd9,3576077,3216,2136,PASS
4982378d72f9,APTOS_TRAIN,model/datasets/train_manifest.csv,data/aptos2019/train_images/4982378d72f9.png,0,4da71aeb1b1d95d60dec5dd6ed3b8c22284a8c5d230af94bf12b72d982eb9d0d,1929802,2048,1536,PASS
04aef84a2cc1,APTOS_TRAIN,model/datasets/train_manifest.csv,data/aptos2019/train_images/04aef84a2cc1.png,0,c7c98ef6a26ef6897a12c48ff766f176c4753f569c030907dfb7732dbe6a9947,281904,819,614,PASS
75a4343b12f9,APTOS_TRAIN,model/datasets/train_manifest.csv,data/aptos2019/train_images/75a4343b12f9.png,0,44f381467b43c9ef42e61aa954cb928c657506a802301b23d96893292111fc22,2127765,2416,1736,PASS
a8dea22ef903,APTOS_TRAIN,model/datasets/train_manifest.csv,data/aptos2019/train_images/a8dea22ef903.png,0,928b47ff1aa8d1e55320478830f3a5de961f9bce6d0249aa59f5490f3628f2be,1067009,1050,1050,PASS
07a3be30563b,APTOS_TRAIN,model/datasets/train_manifest.csv,data/aptos2019/train_images/07a3be30563b.png,2,d2e7d4ea003a439fac021ba66bd32449b8b9eb257e25cd24bcc15a6dd9aea693,2473704,3216,2136,PASS
d3d578fe433f,APTOS_TRAIN,model/datasets/train_manifest.csv,data/aptos2019/train_images/d3d578fe433f.png,2,683594102db308a398ec4226fb2b97778d9d4b1768d8fa63dd3b99995a9e5a4f,2146848,3216,2136,PASS
d659d7fd5ccf,APTOS_TRAIN,model/datasets/train_manifest.csv,data/aptos2019/train_images/d659d7fd5ccf.png,4,f01a9b47fec52ceef849b4a74dd9d564662019ee678da1829b11fd6eced6aa51,2418123,3216,2136,PASS
5288f7441f64,APTOS_TRAIN,model/datasets/train_manifest.csv,data/aptos2019/train_images/5288f7441f64.png,0,5e0abbe2751e817b7b420a9a1acd6a5d96d39d55db6347b85cadc659630f1ac3,258426,819,614,PASS
2f81ee5f2926,APTOS_TRAIN,model/datasets/train_manifest.csv,data/aptos2019/train_images/2f81ee5f2926.png,0,1ae31d3a91ae04ddfcad907e14703c48e774db9ad9692f4afc965652b5af3b28,322271,819,614,PASS
bf811911acf9,APTOS_TRAIN,model/datasets/train_manifest.csv,data/aptos2019/train_images/bf811911acf9.png,0,6110e623788f91bb8a80a75fb17ab0cc13cbb7e46501355998da2ffeddd5e8b7,1058533,1050,1050,PASS
89d2a7403a06,APTOS_TRAIN,model/datasets/train_manifest.csv,data/aptos2019/train_images/89d2a7403a06.png,2,358295b27ede6a46fb6c0329caab3adc87b30187e3a5b510d636042de6c0c9b1,5234599,2588,1958,PASS
1411c8ab7161,APTOS_TRAIN,model/datasets/train_manifest.csv,data/aptos2019/train_images/1411c8ab7161.png,2,3f1adaf9e24263177cf7769ffb3f88f753e288ccc4d2d1d578312ac2b60d9b3e,1463845,1504,1000,PASS
7b87b0015282,APTOS_TRAIN,model/datasets/train_manifest.csv,data/aptos2019/train_images/7b87b0015282.png,0,5817efc9f993fdde456e5d66ede3ca70fa3f67fc947b9482b9a6cf55462875c5,1002519,1050,1050,PASS
0125fbd2e791,APTOS_TRAIN,model/datasets/train_manifest.csv,data/aptos2019/train_images/0125fbd2e791.png,0,794e17c9a57650e2ad322774f065323c9fad45fbfc3f459eafea5b86d885e598,902442,1050,1050,PASS
d85588ff2ebd,APTOS_TRAIN,model/datasets/train_manifest.csv,data/aptos2019/train_images/d85588ff2ebd.png,1,59a8865eb558be0337e0491cf3087a393e9aa75bd8a83b7cdc2fa70dfa5bdf93,2117268,2416,1736,PASS
a7ec056502e7,APTOS_TRAIN,model/datasets/train_manifest.csv,data/aptos2019/train_images/a7ec056502e7.png,1,226f654796d250087778d8241fe2430a7afa868e56b8535455f0a8206894c6bc,5249740,4288,2848,PASS
356304d15a5c,APTOS_TRAIN,model/datasets/train_manifest.csv,data/aptos2019/train_images/356304d15a5c.png,0,53a55222bd8ac8bcf4f5962e0b773d44f43dcbe938f24a70486376fc91d7dc49,959498,1050,1050,PASS
78a577c3e0bf,APTOS_TRAIN,model/datasets/train_manifest.csv,data/aptos2019/train_images/78a577c3e0bf.png,2,7c185088a35d5043ea92d6072bb169ad4e0383a67898b09cffa8fa9069a47a79,4946647,2588,1958,PASS
9c14ce27cbfc,APTOS_TRAIN,model/datasets/train_manifest.csv,data/aptos2019/train_images/9c14ce27cbfc.png,0,5bd0273c8cbe312e5f70649da558767482ed772fc393b6b9ca497b4430876f04,1740417,2048,1536,PASS
de55ed25e0e8,APTOS_TRAIN,model/datasets/train_manifest.csv,data/aptos2019/train_images/de55ed25e0e8.png,0,9be7e0a68151ba74c4b84ff5606e890c13677b3d0086340608c50ea92f0f5580,1046933,1050,1050,PASS
8543a801dce0,APTOS_TRAIN,model/datasets/train_manifest.csv,data/aptos2019/train_images/8543a801dce0.png,2,9b3b6e2f5df35ddcbfbcbeaf4f6e418ac8fde846610f295712f345596ddc4804,3793768,3388,2588,PASS
8329e80c10ac,APTOS_TRAIN,model/datasets/train_manifest.csv,data/aptos2019/train_images/8329e80c10ac.png,0,45e5509f056d62c22abf80a61b843e409d9e8e27435b104754dec86408c3f526,1161675,1050,1050,PASS
342edf9b889d,APTOS_TRAIN,model/datasets/train_manifest.csv,data/aptos2019/train_images/342edf9b889d.png,0,70e81e3ac861b66f00af33cbaf6cc48b38f7f2365e49648b7c25103b1d094483,320886,819,614,PASS
a9bc2f892cb3,APTOS_TRAIN,model/datasets/train_manifest.csv,data/aptos2019/train_images/a9bc2f892cb3.png,0,1ee393777239fb5c650057a753fa21f9dd660e0bde407236fa6bfc177a1c6558,378410,819,614,PASS
e5d56f4f359b,APTOS_TRAIN,model/datasets/train_manifest.csv,data/aptos2019/train_images/e5d56f4f359b.png,2,1a868f2efd1bc843f6d73c79cd58d23e94ea857862ba17fe6bf8a1c9fcae09b3,3117571,3216,2136,PASS
f4df3d86688d,APTOS_TRAIN,model/datasets/train_manifest.csv,data/aptos2019/train_images/f4df3d86688d.png,0,852affe1fa12dc605be0f35ca153883acc7669c76b9c391a7e17ceb007df287e,1007781,1050,1050,PASS
6b91e99c9408,APTOS_TRAIN,model/datasets/train_manifest.csv,data/aptos2019/train_images/6b91e99c9408.png,0,9fe45cdfabda2c0a5e864910eb93b575df092e33dba1db8243da6becf39928cf,1946354,2048,1536,PASS
daff5427c9b2,APTOS_TRAIN,model/datasets/train_manifest.csv,data/aptos2019/train_images/daff5427c9b2.png,0,2759a78dd23c508734c562e7b1e22c32edaa069f2e2af716ddc1109968988a90,1927598,2048,1536,PASS
01c7808d901d,APTOS_TRAIN,model/datasets/train_manifest.csv,data/aptos2019/train_images/01c7808d901d.png,2,f50f542c63cad70bfde99633a4d554f08b90d54bd14d1a2407200c1cc17e6644,4199131,4288,2848,PASS
e1b8acb1cea1,APTOS_TRAIN,model/datasets/train_manifest.csv,data/aptos2019/train_images/e1b8acb1cea1.png,0,f5153f212a0d3aa89bd43e8e0a69712abe6467d5ac4dd1744dcab53409cf82b8,1004271,1050,1050,PASS
93802d1e3c41,APTOS_TRAIN,model/datasets/train_manifest.csv,data/aptos2019/train_images/93802d1e3c41.png,0,b4605c6cc64924147db1069574f7afc91a39ae2127d1f04fc1fdfc7e7dc82fea,981372,1050,1050,PASS
9d9bfefa809c,APTOS_TRAIN,model/datasets/train_manifest.csv,data/aptos2019/train_images/9d9bfefa809c.png,2,23a24e2115fb29e480aec02c0a7c88d437456db4f1c4a23a44aa8eb2aeec5f7b,2773509,3216,2136,PASS
4d3de40ced3a,APTOS_TRAIN,model/datasets/train_manifest.csv,data/aptos2019/train_images/4d3de40ced3a.png,0,05d293d9bf3cf916c0a9c5d37b27402f3df10e91593ed273e39bf4e79f286c30,1015127,1050,1050,PASS
43fb6eda9b97,APTOS_TRAIN,model/datasets/train_manifest.csv,data/aptos2019/train_images/43fb6eda9b97.png,2,099293bd82c9d96b44b05726a1c57870b3cbf97e71f3434bc6be584f2d04fee2,2751322,2144,1424,PASS
aa4407aab872,APTOS_TRAIN,model/datasets/train_manifest.csv,data/aptos2019/train_images/aa4407aab872.png,0,65d864ae7e2dd3a2b8b71481152ac9713b26716cef8be01537b315aaa023d2e3,1051986,1050,1050,PASS
38e0e28d35d3,APTOS_TRAIN,model/datasets/train_manifest.csv,data/aptos2019/train_images/38e0e28d35d3.png,1,0bf7ae5a4007e712be1b2594e678a48c87ae03d0cda8aeb2f920f8d6637f75c1,986850,1050,1050,PASS
a12ca80bb8c7,APTOS_TRAIN,model/datasets/train_manifest.csv,data/aptos2019/train_images/a12ca80bb8c7.png,0,5a0d568588c4bff4fd083f8b33a33d34c31aaf4844af4965d361bc9789640ce9,1902893,2048,1536,PASS
b07bc463b718,APTOS_TRAIN,model/datasets/train_manifest.csv,data/aptos2019/train_images/b07bc463b718.png,1,9a2fdd6a51d7e17b5a5feb60104cd40bbd99812329750278683d029864d567e4,3613931,2588,1958,PASS
6f4719c6bb4b,APTOS_TRAIN,model/datasets/train_manifest.csv,data/aptos2019/train_images/6f4719c6bb4b.png,4,0688a408f88f7384ffaab101e6e2864bd3e335a853415a1c89ac3c6060b548a2,4956915,2588,1958,PASS
b21abe5d9722,APTOS_TRAIN,model/datasets/train_manifest.csv,data/aptos2019/train_images/b21abe5d9722.png,0,897f0e1711954583b5ab49bd5c80d0377fcfae8aafb8c85c1980a8e4ca6496e8,305022,819,614,PASS
eb175669d789,APTOS_TRAIN,model/datasets/train_manifest.csv,data/aptos2019/train_images/eb175669d789.png,0,9443ff228b61ed3a2bc7588221fab44b5cf7e38dab9206027c5de26b4fd1a81e,325011,819,614,PASS
0684311afdfc,APTOS_TRAIN,model/datasets/train_manifest.csv,data/aptos2019/train_images/0684311afdfc.png,1,a4a5b0b5332604c4e30aca102522c4818ae5093390bd7ef1f991dd29ec12e8cf,2218026,2416,1736,PASS
3b58b02c89ed,APTOS_TRAIN,model/datasets/train_manifest.csv,data/aptos2019/train_images/3b58b02c89ed.png,2,561e48c58636d6a95b82bade96952efcff108fe67afc84ddeeddd9589910d042,3278233,3216,2136,PASS
5bea250d8bf5,APTOS_TRAIN,model/datasets/train_manifest.csv,data/aptos2019/train_images/5bea250d8bf5.png,0,d33992ce07cc2fc4160197e6c8cc0c648f665017a5802758da1e1dfe79204b50,953421,1050,1050,PASS
3f752fcccec0,APTOS_TRAIN,model/datasets/train_manifest.csv,data/aptos2019/train_images/3f752fcccec0.png,4,df337e0add5dda6fac5b31b132f4140a47227eac008a8013c72471f101d6e8a9,2342957,2416,1736,PASS
4c9f0fdaaef7,APTOS_TRAIN,model/datasets/train_manifest.csv,data/aptos2019/train_images/4c9f0fdaaef7.png,3,0960f5d4b3e8e4b5a14b7889e9b67f7bc5438a5f52223f962cc4449f589ae30c,5008073,2588,1958,PASS
cbc2e57447c2,APTOS_TRAIN,model/datasets/train_manifest.csv,data/aptos2019/train_images/cbc2e57447c2.png,2,6698171dc7497ce3a92c26fca99ef01d08d5c02706ebf8e190eaa37ccd77c258,2447125,3216,2136,PASS
8596a24a14bd,APTOS_TRAIN,model/datasets/train_manifest.csv,data/aptos2019/train_images/8596a24a14bd.png,4,4d502e365af0b56fcbb3268f40df05a93b7d73be8fa94fc351e76d4583400e80,2447466,2416,1736,PASS
8f9819752ca0,APTOS_TRAIN,model/datasets/train_manifest.csv,data/aptos2019/train_images/8f9819752ca0.png,0,63d9659daca9dd1580259a2d3e1df2751a301343e0a9ca70a0602a35d2b0d9cb,1043257,1050,1050,PASS
6b3860e8f64f,APTOS_TRAIN,model/datasets/train_manifest.csv,data/aptos2019/train_images/6b3860e8f64f.png,0,371008388d1617496d8db6cbaee565f839935332b43d4583549700bad88f3873,920052,1050,1050,PASS
83d6e40c869f,APTOS_TRAIN,model/datasets/train_manifest.csv,data/aptos2019/train_images/83d6e40c869f.png,2,f26b46c7583d865f22670acf86a4c76427dffd013c5bd75ceb8dfeb072d09340,769570,1844,1226,PASS
d264396d8d1a,APTOS_TRAIN,model/datasets/train_manifest.csv,data/aptos2019/train_images/d264396d8d1a.png,2,411a6c212a54efd429dcc8cbc10d82fe7a1e31d5a08ccef7eeb61f3a35755324,2362643,2416,1736,PASS
39134907127a,APTOS_TRAIN,model/datasets/train_manifest.csv,data/aptos2019/train_images/39134907127a.png,2,9337ab04ef597c64323ba629e243f336ff7348c8599994a4dd94376ca7f6d6da,3296602,3216,2136,PASS
d1f7ea924a01,APTOS_TRAIN,model/datasets/train_manifest.csv,data/aptos2019/train_images/d1f7ea924a01.png,0,53de2566926b6d05a8d043b50e133a3c1709bee9f132eeff7706da7ce441d102,1903163,2048,1536,PASS
8ff2733f6aef,APTOS_TRAIN,model/datasets/train_manifest.csv,data/aptos2019/train_images/8ff2733f6aef.png,2,2ca757e2138ba379d3ce9f7c475a19c73e60482ee463228918c1097f21962d34,6848170,3388,2588,PASS
0a1076183736,APTOS_TRAIN,model/datasets/train_manifest.csv,data/aptos2019/train_images/0a1076183736.png,2,c738eebf676b1864a1f61cb8c669d0abfd182227dca667e7d759c1bd2fe28b9b,7043123,3388,2588,PASS
b74de20d73de,APTOS_TRAIN,model/datasets/train_manifest.csv,data/aptos2019/train_images/b74de20d73de.png,0,185ebcdf8f3ed06da3f0dd85519f4da3771e2fade3729d70b8068b3ac830a81e,1925991,2048,1536,PASS
89fc080f7e83,APTOS_TRAIN,model/datasets/train_manifest.csv,data/aptos2019/train_images/89fc080f7e83.png,2,bde072b675c2e831cc6fbcbfe13a1f1f019b0a715fd976114dc748899a0c5416,2813780,3216,2136,PASS
1f543a86c4d4,APTOS_TRAIN,model/datasets/train_manifest.csv,data/aptos2019/train_images/1f543a86c4d4.png,2,72ae552ca79bc0e2f74709f0e6f04b05dfe83a48987cf8b02accb7cb169a09cb,2085283,3216,2136,PASS
28503940d10b,APTOS_TRAIN,model/datasets/train_manifest.csv,data/aptos2019/train_images/28503940d10b.png,0,5d5611168a26e97da91a2e966de0902a23a96f9760ac6c932023770604ca4615,925137,1050,1050,PASS
da8900ac7f29,APTOS_TRAIN,model/datasets/train_manifest.csv,data/aptos2019/train_images/da8900ac7f29.png,2,fbb74409c79c44931597cd227f90b209e857c61edbe951c807a43f143db8c7bc,2890441,3216,2136,PASS
83fda7c0500b,APTOS_TRAIN,model/datasets/train_manifest.csv,data/aptos2019/train_images/83fda7c0500b.png,0,f1a2eb03388a09151d4f714c25be3db8914bda95ce8fc0811b3884639aa714a6,5640476,2588,1958,PASS
9a159d4674cd,APTOS_TRAIN,model/datasets/train_manifest.csv,data/aptos2019/train_images/9a159d4674cd.png,0,58a0f867dc5a550889a33e0afe58355ba132e70505f3ad8e886b937eeeaab28f,326796,819,614,PASS
838b3e4d0bb4,APTOS_TRAIN,model/datasets/train_manifest.csv,data/aptos2019/train_images/838b3e4d0bb4.png,0,490f9806963ea5d93c03c84b22ac21a961fac10e2c543be9db655d3b662bad49,5684092,2588,1958,PASS
4c53cc97ea13,APTOS_TRAIN,model/datasets/train_manifest.csv,data/aptos2019/train_images/4c53cc97ea13.png,0,3d7d76527e8a9a0fcc8bb36dfddca0700b0cd2b6ab284c40aab108184aa5326c,1827949,2048,1536,PASS
2c827005b8f8,APTOS_TRAIN,model/datasets/train_manifest.csv,data/aptos2019/train_images/2c827005b8f8.png,0,b1cf10e5eb2532a2205e1f315ad5d2ed40a426e5426ae680665ed93a934e096f,1051936,1050,1050,PASS
17e6116b89b3,APTOS_TRAIN,model/datasets/train_manifest.csv,data/aptos2019/train_images/17e6116b89b3.png,0,7b470c68be35c0892053c314d93c675b2b130db0e02c834fd43f75a7fb62baa5,965044,1050,1050,PASS
67844c46bc61,APTOS_TRAIN,model/datasets/train_manifest.csv,data/aptos2019/train_images/67844c46bc61.png,2,76df8c80ce18567201fefe9b4d8de8d983194d69a5a0688dee120d7fd4d63d6a,3152222,3216,2136,PASS
5a0fe0ee4301,APTOS_TRAIN,model/datasets/train_manifest.csv,data/aptos2019/train_images/5a0fe0ee4301.png,0,78c971f36b2b48a5445acb1fd3a9fd4f481295354b417b6242f4aec91c5e1622,1034633,1050,1050,PASS
a06a63d866b2,APTOS_TRAIN,model/datasets/train_manifest.csv,data/aptos2019/train_images/a06a63d866b2.png,0,a86490ff41d6aaa0ae3a55ff41c8c272372a0a6f4edf8aca0b4a8ab3d93c3add,767060,1050,1050,PASS
75a071608ea6,APTOS_TRAIN,model/datasets/train_manifest.csv,data/aptos2019/train_images/75a071608ea6.png,0,9ac1218c2de8b11a677ae59c6d06f95861c900b0a1ed2a9e38045f29cdfb2c7c,1031912,1050,1050,PASS
5152bf091152,APTOS_TRAIN,model/datasets/train_manifest.csv,data/aptos2019/train_images/5152bf091152.png,2,e7d15affb1e64dfcde8df8ab5b9bf63880c4808d8d6bbb93e977ed30f0991936,2268714,3216,2136,PASS
165634a6167e,APTOS_TRAIN,model/datasets/train_manifest.csv,data/aptos2019/train_images/165634a6167e.png,0,6e51fd9b19860eba2a53d589aa64fcd32e6579cc3c4851e95d1645d8c3671f67,5582790,2588,1958,PASS
bda7ff3b1562,APTOS_TRAIN,model/datasets/train_manifest.csv,data/aptos2019/train_images/bda7ff3b1562.png,2,205950eca77a2945fb8b470e1dd8d9e4b3f5a0901f846cdb4295d3aa4547d315,7226978,3388,2588,PASS
8c84e96d9b01,APTOS_TRAIN,model/datasets/train_manifest.csv,data/aptos2019/train_images/8c84e96d9b01.png,0,d0f06963a9ec43bdccd3b53c258396ae3d0976fe64251a9e9d1ce1b0278978ce,415921,819,614,PASS
941d874c8afb,APTOS_TRAIN,model/datasets/train_manifest.csv,data/aptos2019/train_images/941d874c8afb.png,0,a6a97c7290c8197885d74539725e41ddef80ddbdeddecb579d37870709fdacc7,1050296,1050,1050,PASS
d30d079e6f9a,APTOS_TRAIN,model/datasets/train_manifest.csv,data/aptos2019/train_images/d30d079e6f9a.png,0,def6871924db51df06e4390faff5cff76a3392f1d2f09bc031773fe9027edbc2,1007060,1050,1050,PASS
e50b0174690d,APTOS_TRAIN,model/datasets/train_manifest.csv,data/aptos2019/train_images/e50b0174690d.png,0,bd5bda4aab852a50d25cf3f71f8cb8fafcb3fd89def490685760f0dee16490a6,839235,1050,1050,PASS
fa748b57262b,APTOS_TRAIN,model/datasets/train_manifest.csv,data/aptos2019/train_images/fa748b57262b.png,2,05296365a3ad318f4ece797940ca0b4b819798a03290a4bfbcdbf3d994b6f402,7266467,3388,2588,PASS
0243404e8a00,APTOS_TRAIN,model/datasets/train_manifest.csv,data/aptos2019/train_images/0243404e8a00.png,4,ba41b317e7c156d0725eabcad65813b17dcbfd038999725bbf1635707c078fb4,5370947,2588,1958,PASS
a3ad6c2db6f1,APTOS_TRAIN,model/datasets/train_manifest.csv,data/aptos2019/train_images/a3ad6c2db6f1.png,1,3a272f5caa3a06898463c09c652aaece86fec15b65d8333d6f827509999b63a9,2113640,2416,1736,PASS
384db24ebbd7,APTOS_TRAIN,model/datasets/train_manifest.csv,data/aptos2019/train_images/384db24ebbd7.png,0,516cda2afbd54f574566d1b886d2564ab229f30a4f424648778f988a505b18a2,939318,1050,1050,PASS
10bf25731c08,APTOS_TRAIN,model/datasets/train_manifest.csv,data/aptos2019/train_images/10bf25731c08.png,0,87f0bc38e7c222bd214779582beeb5c32fa9810fc7ffebb11d27186e465a7c64,1004621,1050,1050,PASS
e9ce5bf645ab,APTOS_TRAIN,model/datasets/train_manifest.csv,data/aptos2019/train_images/e9ce5bf645ab.png,0,ad824da32a9bdc4977ec949cd66b67c34030d2b7191b65d694c2e125649bb404,1004526,1050,1050,PASS
5c6194562ed2,APTOS_TRAIN,model/datasets/train_manifest.csv,data/aptos2019/train_images/5c6194562ed2.png,2,80c7498fd8c369f75f88c61b9d55e4b0f1d0801ed56c464640d40960cfd87bb9,2115773,3216,2136,PASS
e38f3a65b02b,APTOS_TRAIN,model/datasets/train_manifest.csv,data/aptos2019/train_images/e38f3a65b02b.png,1,f5a294c02180149ba664cc63f66a492a5a87ed4270228265291d60fd32f76810,5264965,4288,2848,PASS
788ddb0b70b7,APTOS_TRAIN,model/datasets/train_manifest.csv,data/aptos2019/train_images/788ddb0b70b7.png,3,91a94456cbe20c61ae8e4b8eefaa986128d2c5703e475a928ba871717d74b1cb,5147903,2588,1958,PASS
d6228d951958,APTOS_TRAIN,model/datasets/train_manifest.csv,data/aptos2019/train_images/d6228d951958.png,2,28ecc60260e8d1898c5b9be60ee44ca9a77ec3a46f8f1869fa4e7d5178f77c08,7539483,3388,2588,PASS
25002fe43f92,APTOS_TRAIN,model/datasets/train_manifest.csv,data/aptos2019/train_images/25002fe43f92.png,2,fc6e6795603423f11e088e876e7ee54e6964b84a6366ac2a6b36b83df5a497c2,5654919,2588,1958,PASS
10eefba568dd,APTOS_TRAIN,model/datasets/train_manifest.csv,data/aptos2019/train_images/10eefba568dd.png,2,784c4babfbe49db1ba040994cf4c20e5e34e845bf32d3e3764288addcb7a6a28,3146912,3216,2136,PASS
6c6efb6b1358,APTOS_TRAIN,model/datasets/train_manifest.csv,data/aptos2019/train_images/6c6efb6b1358.png,1,8ec1ca0da2279456c0a43fb76d7601ba62aa28b42aa2a9691a38ca3ccc14eace,5195876,4288,2848,PASS
7ea756985353,APTOS_TRAIN,model/datasets/train_manifest.csv,data/aptos2019/train_images/7ea756985353.png,1,7649640e69c77a4e9d95b054725e83c46ad070c5dafa583211c69ceb530d0d7c,2332614,2416,1736,PASS
4d1cf360b2d7,APTOS_TRAIN,model/datasets/train_manifest.csv,data/aptos2019/train_images/4d1cf360b2d7.png,2,b7ab5346004fee82306b7dda51d232128b873858be8defe4e83275f612a256a3,7365147,3388,2588,PASS
6d4f6c9a8406,APTOS_TRAIN,model/datasets/train_manifest.csv,data/aptos2019/train_images/6d4f6c9a8406.png,0,b68477730e5c84fcb6fe490a5f5d4ee67c4444ca7f23fd558f514809ac4dfdc8,939939,1050,1050,PASS
3254e48c8aa0,APTOS_TRAIN,model/datasets/train_manifest.csv,data/aptos2019/train_images/3254e48c8aa0.png,0,01b876bf5717394506dbdd30b754a907dec5f462592672fc6c2159ad6ef352f9,992793,1050,1050,PASS
d66b6f333dc7,APTOS_TRAIN,model/datasets/train_manifest.csv,data/aptos2019/train_images/d66b6f333dc7.png,1,27bb3df46b6e8227fcdb16e711281221369b38b32146ab9f745608510c96f37a,2210181,3216,2136,PASS
bd9904495ccd,APTOS_TRAIN,model/datasets/train_manifest.csv,data/aptos2019/train_images/bd9904495ccd.png,4,176627fa0ef17a089725405fdbe8a5b71ec2902ee106f4dc411c1ada7ba8b48f,2683234,3216,2136,PASS
bc34ed91c9bc,APTOS_TRAIN,model/datasets/train_manifest.csv,data/aptos2019/train_images/bc34ed91c9bc.png,4,bb2ad4d0f65fabde78f03eacb66763aa14cc84c1c9d78032be5170f2340c2018,6909221,3388,2588,PASS
e933923aab15,APTOS_TRAIN,model/datasets/train_manifest.csv,data/aptos2019/train_images/e933923aab15.png,0,ab817498d2ce4b76d0ae38b76cfe24a6638528d4fc04fa1ca0e7a2a6d8e328ac,1042662,1050,1050,PASS
9c6512166557,APTOS_TRAIN,model/datasets/train_manifest.csv,data/aptos2019/train_images/9c6512166557.png,0,01a7ea464415e3e71b06493939c27d0efb1d1ab6bd9415a7ebee54b29c9e5e87,345100,819,614,PASS
41ab357d103f,APTOS_TRAIN,model/datasets/train_manifest.csv,data/aptos2019/train_images/41ab357d103f.png,0,1210db1389bbb09bae21af01f9e769c150f13ad128cc94c18ceb25a990d97f49,296949,819,614,PASS
c102db7634d8,APTOS_TRAIN,model/datasets/train_manifest.csv,data/aptos2019/train_images/c102db7634d8.png,1,b23975859a1ecf604e3082afa582f07a1898dd385f8bcfebf83562b0dbbafe62,4788612,4288,2848,PASS
2f42e20db938,APTOS_TRAIN,model/datasets/train_manifest.csv,data/aptos2019/train_images/2f42e20db938.png,3,fb7f7a81aa0e6908a2423b2f468f6e5fe27fac304ad1b1237820c9aa149bf5e9,5310048,2588,1958,PASS
906d02fb822d,APTOS_TRAIN,model/datasets/train_manifest.csv,data/aptos2019/train_images/906d02fb822d.png,0,d249c687813359ff4754be662224f1338df659aca77b94694ba79e6ffa44bd81,2538220,2416,1736,PASS
1bea04b2bb2d,APTOS_TRAIN,model/datasets/train_manifest.csv,data/aptos2019/train_images/1bea04b2bb2d.png,2,faa09725c807db10e7e52dc825d44eecf59fb669f75c25f470cc1ab6191aa051,2070946,3216,2136,PASS
207dd0487264,APTOS_TRAIN,model/datasets/train_manifest.csv,data/aptos2019/train_images/207dd0487264.png,0,50411002408c3b23d7391aa64e289ad429b7b44805b6eb0b10722fd8af616313,1019424,1050,1050,PASS
dee1031a76ae,APTOS_TRAIN,model/datasets/train_manifest.csv,data/aptos2019/train_images/dee1031a76ae.png,0,c1fee00705523129be636a6d55b507bc2e2eb86c890b5b0665c7ecb7e6fc94e7,352242,819,614,PASS
11b220a397b8,APTOS_TRAIN,model/datasets/train_manifest.csv,data/aptos2019/train_images/11b220a397b8.png,0,9b05af5822a14dc6d4569b2e0b600c6edfd5a004a2be35f3c7fb1a2de9a91e94,1850376,2048,1536,PASS
7d11dbc1e738,APTOS_TRAIN,model/datasets/train_manifest.csv,data/aptos2019/train_images/7d11dbc1e738.png,0,fc13969dbcba949d11bfed87f9eee5ad61f9e8d6cdb0da14128eb39106dcd1ac,1923763,2048,1536,PASS
8c2f0f04e1ed,APTOS_TRAIN,model/datasets/train_manifest.csv,data/aptos2019/train_images/8c2f0f04e1ed.png,1,f86587da0942994ebbe66878b2e1db5909712d317d90f0c4647fc5d2a025d041,2358716,2416,1736,PASS
c755a0c4edcc,APTOS_TRAIN,model/datasets/train_manifest.csv,data/aptos2019/train_images/c755a0c4edcc.png,0,e54b092ddc402599a7d682d8f93a2e495b6476174f82638873f6bf53ad2f4025,1912624,2048,1536,PASS
d473f6fafba0,APTOS_TRAIN,model/datasets/train_manifest.csv,data/aptos2019/train_images/d473f6fafba0.png,2,cacc689d647afe8e0934d35d108db73c9557d79c91df54605ed47bd443e18eea,3565661,2588,1958,PASS
7347bd23ba80,APTOS_TRAIN,model/datasets/train_manifest.csv,data/aptos2019/train_images/7347bd23ba80.png,0,edf9f46664033976866feadf839ef3cd90685254fc430fdcfb07bae95009b950,991930,1050,1050,PASS
c568e5245ea5,APTOS_TRAIN,model/datasets/train_manifest.csv,data/aptos2019/train_images/c568e5245ea5.png,2,b6feeb00908f3d190b11e151c42b85f31e0d3afdc2b551d260f313f9e104e57c,2257871,2416,1736,PASS
247e98aba610,APTOS_TRAIN,model/datasets/train_manifest.csv,data/aptos2019/train_images/247e98aba610.png,4,e33e5f7ae25ee247a2d7d53960464e66effab46dcb1ae46e994e1fb352ad9f29,2443669,2416,1736,PASS
22ce8ef69357,APTOS_TRAIN,model/datasets/train_manifest.csv,data/aptos2019/train_images/22ce8ef69357.png,2,3490ed21d8512a562627a23db460c04ddc3b3a1f158d59e630d6021c0b31b1c2,5551007,2588,1958,PASS
944a233fbf8e,APTOS_TRAIN,model/datasets/train_manifest.csv,data/aptos2019/train_images/944a233fbf8e.png,1,53b9e77c9715d8ec4734211ba86e6778295660fc1e79789716bb5ce50e4db3a4,2335017,2416,1736,PASS
9f5a8665cf2e,APTOS_TRAIN,model/datasets/train_manifest.csv,data/aptos2019/train_images/9f5a8665cf2e.png,2,46f49467a9008b658afdce62a771b0f5b14ee3eda093a751d9ade6ef8863e8ac,2224666,2416,1736,PASS
36a1e3c780a0,APTOS_TRAIN,model/datasets/train_manifest.csv,data/aptos2019/train_images/36a1e3c780a0.png,2,e5458c0f75d2e48492ad2345ef557ba4c1ef86934ce8bdc4e556cf09876c9608,2197337,2416,1736,PASS
3f5b4c2948e8,APTOS_TRAIN,model/datasets/train_manifest.csv,data/aptos2019/train_images/3f5b4c2948e8.png,2,c08476bb3a8f7202fa84b0395c66db2562ad88bf861a3612a673d0df063ac7ad,981486,1050,1050,PASS
58ccba7eec9c,APTOS_TRAIN,model/datasets/train_manifest.csv,data/aptos2019/train_images/58ccba7eec9c.png,1,2f5fc940311e75c040b3104c09450f2b7749136a6fa59173aee11764212b5dc5,1987735,2416,1736,PASS
2cceb07ff706,APTOS_TRAIN,model/datasets/train_manifest.csv,data/aptos2019/train_images/2cceb07ff706.png,2,59216f4d7208391ac78a89c19896985ca52f482284686870e58a12141d4089f5,1376699,1504,1000,PASS
7efc91af4ae6,APTOS_TRAIN,model/datasets/train_manifest.csv,data/aptos2019/train_images/7efc91af4ae6.png,4,b63b45f3f4e76ad4e12e9dedb2efa306bffff97c0ea4ba3bfa3437ab2efa25fb,221737,474,358,PASS
e251bdf05b85,APTOS_TRAIN,model/datasets/train_manifest.csv,data/aptos2019/train_images/e251bdf05b85.png,0,e23ee94e8d8052763594f8411e461c703bf79f08f1bae086ddc1392c53c8cae9,334291,819,614,PASS
63e041a757eb,APTOS_TRAIN,model/datasets/train_manifest.csv,data/aptos2019/train_images/63e041a757eb.png,0,5efd0aff5f57a1bc75a14ef80f1d46cc7f8a0e587ccf2c2ebc7d569466a42c55,5549658,2588,1958,PASS
6c30dd481717,APTOS_TRAIN,model/datasets/train_manifest.csv,data/aptos2019/train_images/6c30dd481717.png,0,c3606203b559eb2d1e8387630a44e5446988ace85ccfcffc821fe1cd0d372bb6,317196,819,614,PASS
d1f1ea894da1,APTOS_TRAIN,model/datasets/train_manifest.csv,data/aptos2019/train_images/d1f1ea894da1.png,2,d6eb606b07cdcd6045f2477f9fa3899df7f112f862897286a21f0eece06f2acf,911050,1844,1226,PASS
750e0168399d,APTOS_TRAIN,model/datasets/train_manifest.csv,data/aptos2019/train_images/750e0168399d.png,0,b12a0ae1bf3b87c21de1dc89d654952041adaa50a15b72376d38ca140482f6ba,1927552,2048,1536,PASS
a9b3177f01c0,APTOS_TRAIN,model/datasets/train_manifest.csv,data/aptos2019/train_images/a9b3177f01c0.png,0,26a619f23444d9ad187a02af9d519b24205c070eef59be1558ec8bd4ffbbe3a1,286529,819,614,PASS
cfd1bd0fcbb4,APTOS_TRAIN,model/datasets/train_manifest.csv,data/aptos2019/train_images/cfd1bd0fcbb4.png,1,55cb1999f4a4d4bc457c93f3619573f92b07e0e376eb2195663ecef67444731a,309635,819,614,PASS
3a4cfea0a766,APTOS_TRAIN,model/datasets/train_manifest.csv,data/aptos2019/train_images/3a4cfea0a766.png,0,3a22ee27d81879de1f31c7e94bf331c62c13f303277359573bc8669faa4e2f42,969701,1050,1050,PASS
a32886cb31ab,APTOS_TRAIN,model/datasets/train_manifest.csv,data/aptos2019/train_images/a32886cb31ab.png,1,467f8e77394ff18304a7d040cde900f0b097518a1da9f0569c8eb552a1d4a2f7,2224110,2416,1736,PASS
38055d8b9f08,APTOS_TRAIN,model/datasets/train_manifest.csv,data/aptos2019/train_images/38055d8b9f08.png,3,bc75f0a49e651981b32b083b4691c78bbca3b1f50c399cc842da33f20d3f38ce,2059982,2416,1736,PASS
ace287a5c991,APTOS_TRAIN,model/datasets/train_manifest.csv,data/aptos2019/train_images/ace287a5c991.png,0,83ee4a6bf4bb8c768e9bea9dd1dfe8b5ba1d155d98d40f2ea995f00f4e79e126,423253,819,614,PASS
7ec0e61a7e29,APTOS_TRAIN,model/datasets/train_manifest.csv,data/aptos2019/train_images/7ec0e61a7e29.png,0,850bc5e742ecd7a33926e79fc32e3f534926062004d492a6fcaf4b8d8b59ec03,992496,1050,1050,PASS
aafe980edd0c,APTOS_TRAIN,model/datasets/train_manifest.csv,data/aptos2019/train_images/aafe980edd0c.png,0,2a15e88ebbed0becf2cf4a9d9cafa9bd0deb0c1d06d534cb4ce8fb644a197eb6,1058652,1050,1050,PASS
20d5fdd450ae,APTOS_TRAIN,model/datasets/train_manifest.csv,data/aptos2019/train_images/20d5fdd450ae.png,4,5bf3879af2de728161eb23dec86e5a95eff3e3e10fcadede8f1fa2c868f62c0d,2752189,3216,2136,PASS
fdc685055659,APTOS_TRAIN,model/datasets/train_manifest.csv,data/aptos2019/train_images/fdc685055659.png,0,4b95c4f87ee6a2fa5731a2c75bcbc4b13acfc015aa2ecddbce0c43521779b19c,1019135,1050,1050,PASS
ae2e888905ba,APTOS_TRAIN,model/datasets/train_manifest.csv,data/aptos2019/train_images/ae2e888905ba.png,0,f9bdf8e431a3d0223b34f7db05b13841187fb5532aee1313440192a546acb5ce,1905997,2048,1536,PASS
ef7eb85b75fc,APTOS_TRAIN,model/datasets/train_manifest.csv,data/aptos2019/train_images/ef7eb85b75fc.png,0,da89ce11261abc9e1a9d65e5c374815b047a95605a849a0bd2d4dcb111cc7118,1006894,1050,1050,PASS
abbb8791785e,APTOS_TRAIN,model/datasets/train_manifest.csv,data/aptos2019/train_images/abbb8791785e.png,0,7ed699b659de365bb8efb8a380b50226c9e3edfa1a4a443403c4b91c189678ea,1028723,1050,1050,PASS
44c869174e3a,APTOS_TRAIN,model/datasets/train_manifest.csv,data/aptos2019/train_images/44c869174e3a.png,2,c17c2320c22016d0f0c112041013050708977948b3ca46324370f974c4dee513,2001257,3216,2136,PASS
3e61703b5ab2,APTOS_TRAIN,model/datasets/train_manifest.csv,data/aptos2019/train_images/3e61703b5ab2.png,0,e9cf2a8da6916a49c6288f3079041b546cdbf32be7c0bc0fc066520d70be89fc,1843375,2048,1536,PASS
e811f39a1243,APTOS_TRAIN,model/datasets/train_manifest.csv,data/aptos2019/train_images/e811f39a1243.png,2,67120835d6989a495c77583c65e9506e7bae259110b3cf27057a1c50e0e38ebb,2325568,2896,1944,PASS
bb9a3d835a94,APTOS_TRAIN,model/datasets/train_manifest.csv,data/aptos2019/train_images/bb9a3d835a94.png,1,aa59ba7e73eeca16fb7b0db0a3cd6c84652db53a430438c0e6d61b830a61ddfc,2133482,2416,1736,PASS
191a711852bd,APTOS_TRAIN,model/datasets/train_manifest.csv,data/aptos2019/train_images/191a711852bd.png,3,c843e6737ca5e2ff6b47b5410fd3f3e0a12307be72a39b46c9a2ef0e8faecb49,2116314,2416,1736,PASS
8b079e79035f,APTOS_TRAIN,model/datasets/train_manifest.csv,data/aptos2019/train_images/8b079e79035f.png,0,29b0e85c4ec21f257c71a11ab2336fc58cc180434e72484a5060f4c7e0cd5bb4,753816,1050,1050,PASS
1c3a6b4449e9,APTOS_TRAIN,model/datasets/train_manifest.csv,data/aptos2019/train_images/1c3a6b4449e9.png,1,6a1efc98bfe9dbc94d66540fe600c3ff7bf5face751f9555c670660816456b06,1909289,2416,1736,PASS
c9485c38fdd5,APTOS_TRAIN,model/datasets/train_manifest.csv,data/aptos2019/train_images/c9485c38fdd5.png,1,565cf4f0131c13dbdc2cc9fb07f6c785014a5a435b2d7fafa76f4990e7f1223a,2291833,2416,1736,PASS
61ac9b0dc6b9,APTOS_TRAIN,model/datasets/train_manifest.csv,data/aptos2019/train_images/61ac9b0dc6b9.png,2,a4543428167689406eb67ee258cbcd00d2b71d26e06f72e519eb3dd591b13bef,4568466,4288,2848,PASS
7ddcfcea7369,APTOS_TRAIN,model/datasets/train_manifest.csv,data/aptos2019/train_images/7ddcfcea7369.png,0,1bc060ee857eaae04c1dbf4826e0c118d4e2d6bf55f291cfa1783ad4ff681845,1661095,2048,1536,PASS
7a39c91416e2,APTOS_TRAIN,model/datasets/train_manifest.csv,data/aptos2019/train_images/7a39c91416e2.png,0,89dc93422bb527dc1110b43049e73c2d447dda5fff2f0d005ee58dd95c001daa,1063884,1050,1050,PASS
87b671c6d4c5,APTOS_TRAIN,model/datasets/train_manifest.csv,data/aptos2019/train_images/87b671c6d4c5.png,0,f461579b35d370a44a75370869838fcb6eb9c50bb1e85a422553425058c79fa9,814203,1050,1050,PASS
c280730cc211,APTOS_TRAIN,model/datasets/train_manifest.csv,data/aptos2019/train_images/c280730cc211.png,2,e293f10de0ff13da689e73e1eafb80e643d66b44a3ae263e0be6eaf1460b8761,2356205,2416,1736,PASS
49419f8d5cb4,APTOS_TRAIN,model/datasets/train_manifest.csv,data/aptos2019/train_images/49419f8d5cb4.png,2,4e0a46df9cd1942c0967b992bd20efe17be9c7ccea90d605bf7cdf5d5effd880,2986986,3216,2136,PASS
a9a28c37c8c4,APTOS_TRAIN,model/datasets/train_manifest.csv,data/aptos2019/train_images/a9a28c37c8c4.png,2,29ddca0a4a97d6e716a003ed7df7d8f91a4c9de292988368710671bc502185bf,2921992,3216,2136,PASS
d9c9b9786da3,APTOS_TRAIN,model/datasets/train_manifest.csv,data/aptos2019/train_images/d9c9b9786da3.png,0,c72771ad409190f12421cb9302c4bf8506ee1d4809d5ea80034d632c66c98880,1058497,1050,1050,PASS
260a455692b5,APTOS_TRAIN,model/datasets/train_manifest.csv,data/aptos2019/train_images/260a455692b5.png,0,16929694094d657063675fd246c6236e289913118425957592fe878b3231abac,1898658,2048,1536,PASS
64a13949e879,APTOS_TRAIN,model/datasets/train_manifest.csv,data/aptos2019/train_images/64a13949e879.png,2,0c9beb576be05155557d2a74e43ea19dd8cafd30ff6aedb4247466199fde2263,3524799,3216,2136,PASS
3128eb593012,APTOS_TRAIN,model/datasets/train_manifest.csv,data/aptos2019/train_images/3128eb593012.png,2,02953a423c4fe1683ced5c81782c65c7fa946f7cc0894d7f98a6863134e9c8b2,5006730,2588,1958,PASS
bd500a73beae,APTOS_TRAIN,model/datasets/train_manifest.csv,data/aptos2019/train_images/bd500a73beae.png,0,6a3b6542f308fd3b0ad061322fcbbebe0c7085dba7390edccf45ec0604131dc5,1032787,1050,1050,PASS
26453eb7e989,APTOS_TRAIN,model/datasets/train_manifest.csv,data/aptos2019/train_images/26453eb7e989.png,2,3ed20e9bb59bf796fc54621dea94f591562871811ac4627393b4b82c123573db,367952,640,480,PASS
cfed7c1172ec,APTOS_TRAIN,model/datasets/train_manifest.csv,data/aptos2019/train_images/cfed7c1172ec.png,0,d43eee48b9d35fc9433c610412705bc1f3f9d3c0c50342089acc1d44acf18da5,912469,1050,1050,PASS
4c60f6fcea75,APTOS_TRAIN,model/datasets/train_manifest.csv,data/aptos2019/train_images/4c60f6fcea75.png,0,f4891c2b6932c40867751e8350db5b96e8f788e949c6084570b547572658f5c8,287170,819,614,PASS
2cacdb0dffae,APTOS_TRAIN,model/datasets/train_manifest.csv,data/aptos2019/train_images/2cacdb0dffae.png,0,6800d3871cb71f4f2b394b7aa348058669cb720571f19a8341d6545464c3734a,1020512,1050,1050,PASS
b9fe7da14a32,APTOS_TRAIN,model/datasets/train_manifest.csv,data/aptos2019/train_images/b9fe7da14a32.png,0,9c54884c5a2a99acfa150d7444c0a8ce425f2d5c99ffa7ccc0b2177bcc12885e,373897,819,614,PASS
25a0a1e41afd,APTOS_TRAIN,model/datasets/train_manifest.csv,data/aptos2019/train_images/25a0a1e41afd.png,0,16e76cfff07684902011e2a633094ca33f7f43936a633a66a023c4d61a521486,1051569,1050,1050,PASS
8ac0c44bbf24,APTOS_TRAIN,model/datasets/train_manifest.csv,data/aptos2019/train_images/8ac0c44bbf24.png,4,3e09a66dfc29eb0e782ff3d44a0ea5963744b7a2fa921365bdf4abbc1aa38731,2547255,2416,1736,PASS
709784f7fcc2,APTOS_TRAIN,model/datasets/train_manifest.csv,data/aptos2019/train_images/709784f7fcc2.png,2,cc1140a95581f35f05bf61c1143b60cb2e2b86468f20d2cddc2c411a5e610b80,1020020,1844,1226,PASS
6efa36d59ada,APTOS_TRAIN,model/datasets/train_manifest.csv,data/aptos2019/train_images/6efa36d59ada.png,3,e581536fe3a3389734ec23ecb7f2c71539545933a47921ad024f90302c0e7d7c,5302282,2588,1958,PASS
757572337fd0,APTOS_TRAIN,model/datasets/train_manifest.csv,data/aptos2019/train_images/757572337fd0.png,2,67e1a007db8350387cdd223d6ba90871e9219acce05ed7e2375676d4eb88250a,1968879,3216,2136,PASS
eadfc8809ec8,APTOS_TRAIN,model/datasets/train_manifest.csv,data/aptos2019/train_images/eadfc8809ec8.png,2,5f0270dc62d429ca945ee5944100366b7281e5a4d30505dc71a5164545d461a1,2702095,3216,2136,PASS
beeca5f14618,APTOS_TRAIN,model/datasets/train_manifest.csv,data/aptos2019/train_images/beeca5f14618.png,0,7c21ec5b58fbb046911ee430493bac163d90017c21a69c1312ce3e23bf62cd5d,342695,819,614,PASS
0edadb2aa127,APTOS_TRAIN,model/datasets/train_manifest.csv,data/aptos2019/train_images/0edadb2aa127.png,3,218474d644b66d9e828a2909b5ed7271a345025161ea6498a6770eeeda9afdb2,4954942,4288,2848,PASS
571bbdbf585e,APTOS_TRAIN,model/datasets/train_manifest.csv,data/aptos2019/train_images/571bbdbf585e.png,0,6dac78375512c43f59357e529d93664d0eb6c5f2c6f095d343033d80fd569ce7,994236,1050,1050,PASS
a673193cd5a9,APTOS_TRAIN,model/datasets/train_manifest.csv,data/aptos2019/train_images/a673193cd5a9.png,0,ae5ddf92473c5e4de3cf9070aad147a51616c792d486936b0e3bbc4a6dd8a55f,1012711,1050,1050,PASS
9910c827e2fe,APTOS_TRAIN,model/datasets/train_manifest.csv,data/aptos2019/train_images/9910c827e2fe.png,0,63cd83f76f57ec7c13268ead3a1dc9d0c763aace77d695c90456bb5d3787aca0,921471,1050,1050,PASS
658ad9f09f5d,APTOS_TRAIN,model/datasets/train_manifest.csv,data/aptos2019/train_images/658ad9f09f5d.png,0,34f7918fb8c24b94f9e5ca0c5062a878f7275e16bcf4f807872ae5718d0b472c,298320,819,614,PASS
1e4b3b823b95,APTOS_TRAIN,model/datasets/train_manifest.csv,data/aptos2019/train_images/1e4b3b823b95.png,2,82333d0ddc13bf86636375e49c20d122fd7fa242f5e34f3d9d3ad80317b159ca,5515379,2588,1958,PASS
8010c931321f,APTOS_TRAIN,model/datasets/train_manifest.csv,data/aptos2019/train_images/8010c931321f.png,0,0754c018a71eb027902f7ea2f49171dbf762eb420df80f1e9cdb1be18316f2fe,1046567,1050,1050,PASS
2a8a9e957a6c,APTOS_TRAIN,model/datasets/train_manifest.csv,data/aptos2019/train_images/2a8a9e957a6c.png,1,f3335ca2fbd7741307817180c808840b7e53daea1f11371514076a362b1e8407,2082890,2416,1736,PASS
50a2aef380c8,APTOS_TRAIN,model/datasets/train_manifest.csv,data/aptos2019/train_images/50a2aef380c8.png,3,2ae5ff6b71e66b1aca0d014e413ba2b4550c625128a308f959ca938f82692165,2890924,3216,2136,PASS
b69c224edd6e,APTOS_TRAIN,model/datasets/train_manifest.csv,data/aptos2019/train_images/b69c224edd6e.png,0,35d4da3a36e09e06e88f9dc97478cd05943d774d10fa6832e98428c4d4db1b78,5593817,2588,1958,PASS
302bcdb635ff,APTOS_TRAIN,model/datasets/train_manifest.csv,data/aptos2019/train_images/302bcdb635ff.png,2,912e7365e8f40e84010643248eb446a3ff1059813fbf6f21a51d3f1c5681dde2,1095939,1844,1226,PASS
60e269e3e188,APTOS_TRAIN,model/datasets/train_manifest.csv,data/aptos2019/train_images/60e269e3e188.png,2,c71bef611b25e0857df685a43c6f2dc714c9d1f8cc322c435849457795471ff0,2164971,2416,1736,PASS
6b664ed2a938,APTOS_TRAIN,model/datasets/train_manifest.csv,data/aptos2019/train_images/6b664ed2a938.png,0,5d94d751b73af8b5b511c5de98fbc48feb20c848a1da6ef64cca9d83d6fc7a33,1913577,2048,1536,PASS
8f06ca4642bd,APTOS_TRAIN,model/datasets/train_manifest.csv,data/aptos2019/train_images/8f06ca4642bd.png,0,b7d2b2736207f9e964da821dc301e199e541d0280896adda97e691670d623102,286731,819,614,PASS
3d2ecffe0386,APTOS_TRAIN,model/datasets/train_manifest.csv,data/aptos2019/train_images/3d2ecffe0386.png,0,df9f819a46d2d99f29322b3008ca5c983e1cf5cf889b8f933206e8cce376d1ab,284189,819,614,PASS
95e732e043a1,APTOS_TRAIN,model/datasets/train_manifest.csv,data/aptos2019/train_images/95e732e043a1.png,4,4365d2ff41123c5acdd493308a12c9205c9813de20921d6ec1ef0679fcd79a11,1260065,1504,1000,PASS
2fe06bedb2c4,APTOS_TRAIN,model/datasets/train_manifest.csv,data/aptos2019/train_images/2fe06bedb2c4.png,4,a8357f17881e2f85f27f208eaaca026eb547742a9fa6aba8e10ff0d638bc4be0,5665755,2588,1958,PASS
c01eae4b4939,APTOS_TRAIN,model/datasets/train_manifest.csv,data/aptos2019/train_images/c01eae4b4939.png,4,0eb81720a1f42a6e859e9fb6914782983d5847435b5f66a4227ccfd0351368ba,5774457,4288,2848,PASS
18d8fdb140b7,APTOS_TRAIN,model/datasets/train_manifest.csv,data/aptos2019/train_images/18d8fdb140b7.png,2,d6b94f1daede4d5b77eb8758d60c3848f4e28133cd4725331b7ecb7a8da7ca35,2246243,3216,2136,PASS
8a7765e785fb,APTOS_TRAIN,model/datasets/train_manifest.csv,data/aptos2019/train_images/8a7765e785fb.png,0,4ed6113a7e927f1ac291cff3166033dd787092a0b0b03abc1b26eb087f8b2ddf,1924915,2048,1536,PASS
875d2ffcbf47,APTOS_TRAIN,model/datasets/train_manifest.csv,data/aptos2019/train_images/875d2ffcbf47.png,0,3264390376f3d42421f44e9a0418241b27752b8a477f001f06daf9e5ad4025bf,1026795,1050,1050,PASS
071435a218ec,APTOS_TRAIN,model/datasets/train_manifest.csv,data/aptos2019/train_images/071435a218ec.png,2,de685ae294398b241d79a861c20ab1c1ada8fb10c0a4cbaccfffe9d0c758fb15,3134937,3216,2136,PASS
e3b47ed5b511,APTOS_TRAIN,model/datasets/train_manifest.csv,data/aptos2019/train_images/e3b47ed5b511.png,0,d42f59c874a435eb4d264ab04b89155e36bfaa4f881c4a72aab6c5ca89b580a5,932579,1050,1050,PASS
e4dcca36ceb4,APTOS_TRAIN,model/datasets/train_manifest.csv,data/aptos2019/train_images/e4dcca36ceb4.png,0,8115eb28b5f7a7098bee9691c604169989b827e92021e9f26103d918d5e46190,1000194,1050,1050,PASS
c8823cdaf7fa,APTOS_TRAIN,model/datasets/train_manifest.csv,data/aptos2019/train_images/c8823cdaf7fa.png,2,4836c4b570435775bbd81fd40a9e41ae17ab27cee7c831bc41189fafe38f8041,2551804,3216,2136,PASS
360832d84ce0,APTOS_TRAIN,model/datasets/train_manifest.csv,data/aptos2019/train_images/360832d84ce0.png,0,80e6fe94d3fa3eb076af6294824f007217628767c7ed4c955cd1543adf44e230,291909,819,614,PASS
8e6df9eedcd8,APTOS_TRAIN,model/datasets/train_manifest.csv,data/aptos2019/train_images/8e6df9eedcd8.png,0,4598205ac32ceff3616e77d9c31f029a7767a053732028aa9a8aa82b82d32bbc,5842988,2588,1958,PASS
f580566e27f5,APTOS_TRAIN,model/datasets/train_manifest.csv,data/aptos2019/train_images/f580566e27f5.png,0,890882ca91bf92f2a676788b983a9003dd694c7a17852044b07ec6f04c1b7497,354549,819,614,PASS
070d4ce5fd90,APTOS_TRAIN,model/datasets/train_manifest.csv,data/aptos2019/train_images/070d4ce5fd90.png,0,4263d7f8cf11c00f0b6dd02293ef48833948b2c635ed1c40eb0ce622d0c40e8b,1674767,2048,1536,PASS
28824d12d31d,APTOS_TRAIN,model/datasets/train_manifest.csv,data/aptos2019/train_images/28824d12d31d.png,2,f5fab4df2be0eff9e93d869bfa293bfea919aac86daef439c51eb35ed2b5bec6,5202045,4288,2848,PASS
2af1bf226f51,APTOS_TRAIN,model/datasets/train_manifest.csv,data/aptos2019/train_images/2af1bf226f51.png,2,c3d4e94b6529031379298ff6ff0398dee9917fd5cbc1093e7b2ea90c62ab6593,3230350,2588,1958,PASS
e03e70bc8bba,APTOS_TRAIN,model/datasets/train_manifest.csv,data/aptos2019/train_images/e03e70bc8bba.png,2,6bfe230068c4391e11f29fe3c958e91a941315e90316b21ed4e058d9949d1c08,3037591,2416,1736,PASS
263d8851e33b,APTOS_TRAIN,model/datasets/train_manifest.csv,data/aptos2019/train_images/263d8851e33b.png,0,6e832425592472efa863b8811a4b80a4c9927640b3b170af311c48199c55c8a3,1914955,2048,1536,PASS
29f44aea93a4,APTOS_TRAIN,model/datasets/train_manifest.csv,data/aptos2019/train_images/29f44aea93a4.png,2,f3ed7f413382224622b1eafe9a2b51fca8a1aab0c818cd5f785e5d0b950b8092,2398018,3216,2136,PASS
1a1b4b2450ca,APTOS_TRAIN,model/datasets/train_manifest.csv,data/aptos2019/train_images/1a1b4b2450ca.png,2,8391f55caca64706cadf83bee7fdc0f3099b25c8a07d09f73da0f5daafd68392,6066237,3216,2136,PASS
e69b48516577,APTOS_TRAIN,model/datasets/train_manifest.csv,data/aptos2019/train_images/e69b48516577.png,0,71ad21e72bdbe5aff01174ef8a083fb99f4a0aaaadad81553b1a6e74b9b01f09,5149691,2588,1958,PASS
76e589911303,APTOS_TRAIN,model/datasets/train_manifest.csv,data/aptos2019/train_images/76e589911303.png,1,19957b09f9d1832d0605476f57b6414a3804e17ddfab9eaeb02397d3f2f6696e,1911926,2416,1736,PASS
5de4615a5161,APTOS_TRAIN,model/datasets/train_manifest.csv,data/aptos2019/train_images/5de4615a5161.png,0,bea25d16aeb28664665d86f2beb03d106fd8db310a14de39762906d963631318,938443,1050,1050,PASS
070f67572d03,APTOS_TRAIN,model/datasets/train_manifest.csv,data/aptos2019/train_images/070f67572d03.png,3,b022cecd106abfc38385c0183fd9ec702f40cb5c349c08f758082a092eef9673,2007607,2416,1736,PASS
093a42649c29,APTOS_TRAIN,model/datasets/train_manifest.csv,data/aptos2019/train_images/093a42649c29.png,3,eb2055ab1332c30249061dc6fdfce7616b413cbbca0e3ebec4a8117b5682fb56,5088439,4288,2848,PASS
c1799a6f5c65,APTOS_TRAIN,model/datasets/train_manifest.csv,data/aptos2019/train_images/c1799a6f5c65.png,4,e6c6cf4bd4b19eb3f68351e9c140a0eac9b6818c691a705f704658f75148661a,2237520,2416,1736,PASS
454792eb6e05,APTOS_TRAIN,model/datasets/train_manifest.csv,data/aptos2019/train_images/454792eb6e05.png,0,9a00ce35e24a76b8991eeade3ece00941a2243310402d1e76ebae615ae0a52cf,1907014,2048,1536,PASS
5dd2e26fc244,APTOS_TRAIN,model/datasets/train_manifest.csv,data/aptos2019/train_images/5dd2e26fc244.png,4,1444e34b5cdc4985ac3016fe4a179ed5a7f3df1782cc464e4fb548cd049628b2,831701,1050,1050,PASS
79be2ff796bf,APTOS_TRAIN,model/datasets/train_manifest.csv,data/aptos2019/train_images/79be2ff796bf.png,2,932af26e0f77a09d6d4f7ce471accc011defce1fa087b1e54a9c52abebef2636,2950875,3216,2136,PASS
00b74780d31d,APTOS_TRAIN,model/datasets/train_manifest.csv,data/aptos2019/train_images/00b74780d31d.png,2,118e5fbcd5bb9debc239936df754b1fbe5a6eb1de9c5e6d1554f8feef1fc1ad8,5064447,2588,1958,PASS
f9d8ff3e6592,APTOS_TRAIN,model/datasets/train_manifest.csv,data/aptos2019/train_images/f9d8ff3e6592.png,0,0d567ef917e85a650761bfffaee09492c214d2a94899876fa4302c98ca3a79a3,1925792,2048,1536,PASS
b72f59b85f7c,APTOS_TRAIN,model/datasets/train_manifest.csv,data/aptos2019/train_images/b72f59b85f7c.png,0,701141d85816653bfa42ddf15babf6c44b5b6e638e8200b14800d7191344bd0c,1949452,2048,1536,PASS
5293576816aa,APTOS_TRAIN,model/datasets/train_manifest.csv,data/aptos2019/train_images/5293576816aa.png,0,24e87889d615d0258ee6d37f3cfba63b8da9a593966af3b1b794bdbb10864c6c,1022442,1050,1050,PASS
94dcb491143f,APTOS_TRAIN,model/datasets/train_manifest.csv,data/aptos2019/train_images/94dcb491143f.png,2,0630b9a87574e4e6f0ceec9d610ad4ab0aa3b7e3007420f4226ea3fc6af4f608,3262329,3388,2588,PASS
80a02014b418,APTOS_TRAIN,model/datasets/train_manifest.csv,data/aptos2019/train_images/80a02014b418.png,1,f85a31c66c8ce8a3375cc0095d851a8049cd14f3bfde58c5c74e0ac94439c17b,2496726,2896,1944,PASS
4df6a81b476e,APTOS_TRAIN,model/datasets/train_manifest.csv,data/aptos2019/train_images/4df6a81b476e.png,3,081e1972adf4fc5382ad171a301f3bb08b0da711bcd47f0bec84ff80cc7f06d8,5615503,2588,1958,PASS
1d74c4713e21,APTOS_TRAIN,model/datasets/train_manifest.csv,data/aptos2019/train_images/1d74c4713e21.png,0,d12c08c6dab39e7869ee51565649f984aa9e239d60f97520f392c8c19e9fdf7f,1929875,2048,1536,PASS
9287e57326d0,APTOS_TRAIN,model/datasets/train_manifest.csv,data/aptos2019/train_images/9287e57326d0.png,0,e06c573aa09c21272b0b45723e3614ac5ba0f7d6a415ee5e40b6b9a9da3fa82c,1895602,2048,1536,PASS
54bbe3da103e,APTOS_TRAIN,model/datasets/train_manifest.csv,data/aptos2019/train_images/54bbe3da103e.png,2,0b29f2279bf8d8dad3d38f1d9b7077b9345f52a273137c36f282aeb51bee707b,5229898,2588,1958,PASS
b5bf7b84fc66,APTOS_TRAIN,model/datasets/train_manifest.csv,data/aptos2019/train_images/b5bf7b84fc66.png,0,69b430871d26e073cb8a0d37ff604ef6d632e40f6ef615dd5dbf35d8ebe5d7ac,966620,1050,1050,PASS
1df3e03a8f5f,APTOS_TRAIN,model/datasets/train_manifest.csv,data/aptos2019/train_images/1df3e03a8f5f.png,1,66678f13b23ab61d8772feaeee7b2c65b37eec06338cac048f66098dd15a67dd,2186691,2416,1736,PASS
e1fb532f55df,APTOS_TRAIN,model/datasets/train_manifest.csv,data/aptos2019/train_images/e1fb532f55df.png,3,b87ac2f279caea5d698cd4e62355150d869832ce4196216f02dee0694e6cf4f6,2265267,2896,1944,PASS
86410aa13b3e,APTOS_TRAIN,model/datasets/train_manifest.csv,data/aptos2019/train_images/86410aa13b3e.png,0,fb43d2d3caa85564fe0a6d1ec2da440e7e4c28ae093e39b721aa951e45babc79,933773,1050,1050,PASS
1d14dd912671,APTOS_TRAIN,model/datasets/train_manifest.csv,data/aptos2019/train_images/1d14dd912671.png,2,7b9924da3e5a5ee32c830f7ccb4f9951c21a067cda1dd6f79b2f5008b3a3934f,2232030,3216,2136,PASS
3218a6d8eb2c,APTOS_TRAIN,model/datasets/train_manifest.csv,data/aptos2019/train_images/3218a6d8eb2c.png,3,582990091f164daa35553b67b40352aeeff1e7b1b43f9103054c047a81820f6a,3811032,3388,2588,PASS
0f364b7d4384,APTOS_TRAIN,model/datasets/train_manifest.csv,data/aptos2019/train_images/0f364b7d4384.png,0,a2196eb5ad6771a752a684d93139788d708cf0002ff9ce17b080c499a8cc8e9b,2887307,2588,1958,PASS
82f2784ead76,APTOS_TRAIN,model/datasets/train_manifest.csv,data/aptos2019/train_images/82f2784ead76.png,2,f7233251b93b8bc8a6c423e2791715323630f06f93e7895583cf7031bb9f64c6,3178106,3216,2136,PASS
8fbb2ca39911,APTOS_TRAIN,model/datasets/train_manifest.csv,data/aptos2019/train_images/8fbb2ca39911.png,0,5e341dbeca5c33948eeb517ded6d41573da40d089ec611239334f098a62cff1b,1019706,1050,1050,PASS
48fda42bd5d4,APTOS_TRAIN,model/datasets/train_manifest.csv,data/aptos2019/train_images/48fda42bd5d4.png,2,c59a0d4a5b3ba222946559f3c50bab0b1a31d99c7d145614ab861cd2d9d2f038,3306980,3216,2136,PASS
c31651ea04c6,APTOS_TRAIN,model/datasets/train_manifest.csv,data/aptos2019/train_images/c31651ea04c6.png,3,9a026e8ba45636d524eeb9dd5ea5974c0c0635588ec13dfb02cd65fa41843ab9,4641788,2588,1958,PASS
07d8db76b301,APTOS_TRAIN,model/datasets/train_manifest.csv,data/aptos2019/train_images/07d8db76b301.png,2,fb6120375dd648603a7636f8339f07644e76d0ed381b73183261673db9bd8e24,2544280,3216,2136,PASS
6762b2b48ea5,APTOS_TRAIN,model/datasets/train_manifest.csv,data/aptos2019/train_images/6762b2b48ea5.png,1,5e4c103493d08ecdb9e0d92748b8596d0dda731bc8b65bcf7dc2ea07306aa127,2408197,2416,1736,PASS
780f9c237c56,APTOS_TRAIN,model/datasets/train_manifest.csv,data/aptos2019/train_images/780f9c237c56.png,0,1a24ee8d66b9ef06f9b0c8f553f3e63a8f9fb796b2ab39da1b691229aa4ac16a,826375,1050,1050,PASS
c48ae5da188e,APTOS_TRAIN,model/datasets/train_manifest.csv,data/aptos2019/train_images/c48ae5da188e.png,2,52b15c32a5a81fa87bd61e39f45c280ac5983d64ccdad0a3c80ec3aeeb4c7bbc,3690295,3388,2588,PASS
16ce555748d8,APTOS_TRAIN,model/datasets/train_manifest.csv,data/aptos2019/train_images/16ce555748d8.png,4,58024d0d0198bd0f6c393c09bf78102e572375107be0588d91c360119a22b57a,2064773,2416,1736,PASS
94f9ecf4b8d2,APTOS_TRAIN,model/datasets/train_manifest.csv,data/aptos2019/train_images/94f9ecf4b8d2.png,0,69afa2c3873bc64c90d5d96154ee34deb192fdf369c2f87b9e86509340dd9ddf,369009,819,614,PASS
26fc2358a38d,APTOS_TRAIN,model/datasets/train_manifest.csv,data/aptos2019/train_images/26fc2358a38d.png,0,37bea8df0133c981af331fbf4be6b258b21d798b284e1445a5d62df12e4d6121,1002768,1050,1050,PASS
351e842842a2,APTOS_TRAIN,model/datasets/train_manifest.csv,data/aptos2019/train_images/351e842842a2.png,0,bd38821193e3e61bba423c4cc8f33b93bead84fae5ed4523629e4fbaff122d07,5289754,2588,1958,PASS
ff631653374e,APTOS_TRAIN,model/datasets/train_manifest.csv,data/aptos2019/train_images/ff631653374e.png,0,86272849b51cc5e47dae55773c6d03b1390192732bedad4269d45352ed1fdeba,970569,1050,1050,PASS
44878f34e31f,APTOS_TRAIN,model/datasets/train_manifest.csv,data/aptos2019/train_images/44878f34e31f.png,0,15ab9ae9202235ea19fd16f7843503adbbc7753c819100daed29bbaa673344c4,946857,1050,1050,PASS
2fefb720869a,APTOS_TRAIN,model/datasets/train_manifest.csv,data/aptos2019/train_images/2fefb720869a.png,0,c686cd8d03a9d364d8a2ac892f9bd6fa09272e61280b710385979a92fb7cae67,1929626,2048,1536,PASS
ee74c3b177e0,APTOS_TRAIN,model/datasets/train_manifest.csv,data/aptos2019/train_images/ee74c3b177e0.png,2,3411eba6732f30c10dadb05d77d6c9361435cd6fc9ba8876c8cf514f276de383,5313553,2588,1958,PASS
144a1a426137,APTOS_TRAIN,model/datasets/train_manifest.csv,data/aptos2019/train_images/144a1a426137.png,2,a9594c18a26a565a741072731748219c016a494430b1301e6a3b8f10f3f040b3,934529,1050,1050,PASS
9274e75dc4d5,APTOS_TRAIN,model/datasets/train_manifest.csv,data/aptos2019/train_images/9274e75dc4d5.png,0,9f948e9c7f546f216ea856352b415dada3aa32fea9a561249425a4a64427ede2,977382,1050,1050,PASS
07751b94a88a,APTOS_TRAIN,model/datasets/train_manifest.csv,data/aptos2019/train_images/07751b94a88a.png,0,434c67efc42f70cba8c3e63cd5c5dfb6a52826921bdd43bd8f5e4de2ca0c8bee,978933,1050,1050,PASS
234399352d36,APTOS_TRAIN,model/datasets/train_manifest.csv,data/aptos2019/train_images/234399352d36.png,2,8e43d35ce3e0933edd6801cf3032df4bf4865f6365be08bdc5b63b6c3e160eb8,899255,1844,1226,PASS
10f36b0239fb,APTOS_TRAIN,model/datasets/train_manifest.csv,data/aptos2019/train_images/10f36b0239fb.png,1,7bbb071118215302aaa18ab276f5c15c108cd97a494db1c2e13355b6ae7dcbeb,5227862,4288,2848,PASS
02685f13cefd,APTOS_TRAIN,model/datasets/train_manifest.csv,data/aptos2019/train_images/02685f13cefd.png,4,15454963c03c67369cc3d10bc3459b8e70e22a2685eba0ce184796b2332cd638,754040,1844,1226,PASS
f5733f77273d,APTOS_TRAIN,model/datasets/train_manifest.csv,data/aptos2019/train_images/f5733f77273d.png,0,79fc01ea84d3380013c6e9bfcf0b0fc3a94c1f54065aab3b038509da863f2d4c,1033375,1050,1050,PASS
d16e59a2b33a,APTOS_TRAIN,model/datasets/train_manifest.csv,data/aptos2019/train_images/d16e59a2b33a.png,0,1087a64d655e4648bff8816d0010581bdc21a26d8a21ca95618626a7a973fe82,1007791,1050,1050,PASS
60edda7b4871,APTOS_TRAIN,model/datasets/train_manifest.csv,data/aptos2019/train_images/60edda7b4871.png,0,863159106d1fa0a49f067655e5b5117f74721bfecefd666c5deeb46396833f28,1900756,2048,1536,PASS
d88806d9ece9,APTOS_TRAIN,model/datasets/train_manifest.csv,data/aptos2019/train_images/d88806d9ece9.png,2,29155a210dfd0820a3bebfc99ddd80c865163dffef7596fda62828965aa5396c,2680733,2144,1424,PASS
e16fc934069f,APTOS_TRAIN,model/datasets/train_manifest.csv,data/aptos2019/train_images/e16fc934069f.png,2,644863a61ac35064f8103c9c7e412fc534cccddf4872f02ab13ead80cd5bfe8c,3263745,3216,2136,PASS
875a2fc5fe23,APTOS_TRAIN,model/datasets/train_manifest.csv,data/aptos2019/train_images/875a2fc5fe23.png,4,56c7bf4e51db1aabc4fff45fc7b6e0565490342da12b28e3dbb9075000bbc82e,1932515,2896,1944,PASS
4189d4e631ec,APTOS_TRAIN,model/datasets/train_manifest.csv,data/aptos2019/train_images/4189d4e631ec.png,2,f377bfaaebfe9bcdf131f9a860288cb3b89764e2aa07cdf9b2e267783561bcf2,2392952,2416,1736,PASS
0709652336e2,APTOS_TRAIN,model/datasets/train_manifest.csv,data/aptos2019/train_images/0709652336e2.png,0,499ec06504aff8dec5cb01cbfe347db512045d3c3ad562d76e803e6b7b78bd8e,1936661,2048,1536,PASS
8b76c3c5cb3e,APTOS_TRAIN,model/datasets/train_manifest.csv,data/aptos2019/train_images/8b76c3c5cb3e.png,3,ebe9590b979123448432bc9734507280e93667737ca42facc15432ec0091bc9e,5469287,2588,1958,PASS
58059e73d2d4,APTOS_TRAIN,model/datasets/train_manifest.csv,data/aptos2019/train_images/58059e73d2d4.png,0,dd93192d1dba038c77e0f65f039a4ad1bf78be1b6c91536598aba59bb6f231e7,313850,819,614,PASS
1409ab48175a,APTOS_TRAIN,model/datasets/train_manifest.csv,data/aptos2019/train_images/1409ab48175a.png,0,e5a5538e7a417a3bb0905d4a591314194100f46180c1ceb81cdd3d607d378150,1015419,1050,1050,PASS
6f4e0538d1e4,APTOS_TRAIN,model/datasets/train_manifest.csv,data/aptos2019/train_images/6f4e0538d1e4.png,2,9b2896a7039d1f4b6c7460e3c14a437267dfce6a9652ed8110347a045b93e731,2222981,2416,1736,PASS
c597ef460944,APTOS_TRAIN,model/datasets/train_manifest.csv,data/aptos2019/train_images/c597ef460944.png,0,f5c76504e9637be9443838d21d4b3e2a82bb39d51d4cb1e4b5127c202f5d72d4,5465446,2588,1958,PASS
af3b0115aad1,APTOS_TRAIN,model/datasets/train_manifest.csv,data/aptos2019/train_images/af3b0115aad1.png,3,e5154a700947ff634ad0b73beb842da2fd50fdfc81702b478c6dc3db8ac0706c,2281291,2416,1736,PASS
25dc1b41ed9c,APTOS_TRAIN,model/datasets/train_manifest.csv,data/aptos2019/train_images/25dc1b41ed9c.png,2,8a79eb3c35ff6101f826befdeae62f78fa7019e9944aa9afc61e19f944951a50,5536986,2588,1958,PASS
f47a2a4a0411,APTOS_TRAIN,model/datasets/train_manifest.csv,data/aptos2019/train_images/f47a2a4a0411.png,1,d54d4fb64493841cdce82917982e33ecf4a34bab770a4782d7b92d53c6d0de06,3056941,3216,2136,PASS
4fd5ec0dca09,APTOS_TRAIN,model/datasets/train_manifest.csv,data/aptos2019/train_images/4fd5ec0dca09.png,0,96d18c07194d95740f390e1f37f3e798a9f2e9e1050aeb7e78a7028b2918a2bb,297068,819,614,PASS
b4e15102cd7a,APTOS_TRAIN,model/datasets/train_manifest.csv,data/aptos2019/train_images/b4e15102cd7a.png,0,1bae746a171481b1c990e8439530ee0069d0d722b47f1e6fc5028195247f3ac3,5196552,2588,1958,PASS
ae2c3f6312ef,APTOS_TRAIN,model/datasets/train_manifest.csv,data/aptos2019/train_images/ae2c3f6312ef.png,0,aa689377f955ed106bd7012dd879b01823d944ca6eb345cd5093a36398934294,1006801,1050,1050,PASS
686ed1dbae20,APTOS_TRAIN,model/datasets/train_manifest.csv,data/aptos2019/train_images/686ed1dbae20.png,2,45577392ffe2e28c52b154b250bd2c0ef1017a453d1d419b575067a9c10fd40d,2515610,2144,1424,PASS
36041171f441,APTOS_TRAIN,model/datasets/train_manifest.csv,data/aptos2019/train_images/36041171f441.png,1,47a83fc02bbae5a7a513750b9ade3db3838fda9029e5df02f936b2147fdf9490,2109976,2416,1736,PASS
7dee6bf8b9c1,APTOS_TRAIN,model/datasets/train_manifest.csv,data/aptos2019/train_images/7dee6bf8b9c1.png,2,60624c895053478106c4922471037659ad8e289a14819c2a703516cd485dfab7,2248903,2416,1736,PASS
ad3fc5076852,APTOS_TRAIN,model/datasets/train_manifest.csv,data/aptos2019/train_images/ad3fc5076852.png,1,7ef4f33618c6f560fb8989a61d2fb0a2725b4bb9b9ccc48ccefb5486e455a80a,2158394,2416,1736,PASS
107aea0d9289,APTOS_TRAIN,model/datasets/train_manifest.csv,data/aptos2019/train_images/107aea0d9289.png,1,3616713d58cdb5b4a44e70db7e2cf7cdef29f562c518e74df3e2e1129c1ff27e,2367908,2416,1736,PASS
fd4c946c52bf,APTOS_TRAIN,model/datasets/train_manifest.csv,data/aptos2019/train_images/fd4c946c52bf.png,0,43ac8b994bd9ecfc77feab78e5e37812206674cd72690a2d2dba58b327e661ac,1011721,1050,1050,PASS
895fe2bfc5b6,APTOS_TRAIN,model/datasets/train_manifest.csv,data/aptos2019/train_images/895fe2bfc5b6.png,0,dfbb79b9671115d7af5c700656b8798acbdfb4d9b70ada858a9c6d26a03cbfb7,1904116,2048,1536,PASS
e13412678eff,APTOS_TRAIN,model/datasets/train_manifest.csv,data/aptos2019/train_images/e13412678eff.png,3,3aeae679ea4278ae8c81798245c9d07abe86af01fc1af5b0920b6ddcc96db8a7,2386441,2416,1736,PASS
8a3eb86ae4bd,APTOS_TRAIN,model/datasets/train_manifest.csv,data/aptos2019/train_images/8a3eb86ae4bd.png,0,947d70dfbec15534fcdd6af8ce196d60228930ccd03a441a6245bbee39367611,1898895,2048,1536,PASS
7c2e852171c0,APTOS_TRAIN,model/datasets/train_manifest.csv,data/aptos2019/train_images/7c2e852171c0.png,0,4cb0116d5381a3f56eb231e2e7e72ba96bb9805e3ab76c0f22e37b4adba9452a,1021203,1050,1050,PASS
1f63d44d9e3c,APTOS_TRAIN,model/datasets/train_manifest.csv,data/aptos2019/train_images/1f63d44d9e3c.png,2,c61170047978986f5f3121849660ce657125719ecb7a27e9e1031ee8fe3b630d,866565,1050,1050,PASS
8ff863f8874f,APTOS_TRAIN,model/datasets/train_manifest.csv,data/aptos2019/train_images/8ff863f8874f.png,1,f2a76593b87281c957cf8dd1652fee5998aa45b3c1b9b96628017bd8cd6714bf,2344261,2588,1958,PASS
3b9817a39adf,APTOS_TRAIN,model/datasets/train_manifest.csv,data/aptos2019/train_images/3b9817a39adf.png,0,979378817940c717f1dc4115df85d3afb69bbfa27996a9505892f2a8b0e79a8e,953897,1050,1050,PASS
a3d2a0c4cd17,APTOS_TRAIN,model/datasets/train_manifest.csv,data/aptos2019/train_images/a3d2a0c4cd17.png,1,fb4385449873cdb7560aa7d7b605920be2219831e70e9d5da6a5a45d1264f87d,2405276,2416,1736,PASS
b8f1b30877db,APTOS_TRAIN,model/datasets/train_manifest.csv,data/aptos2019/train_images/b8f1b30877db.png,2,36b7a35ad96c28752d16fb90203f0516433706bcd908c9e5be64d1cc0f4bbeca,2110273,2416,1736,PASS
6e44f6d04fc9,APTOS_TRAIN,model/datasets/train_manifest.csv,data/aptos2019/train_images/6e44f6d04fc9.png,0,445c6d9586c8892621d146cd37dad0e6a3eee7fa55b59216da1420007f78e960,1004660,1050,1050,PASS
4393c5bc576a,APTOS_TRAIN,model/datasets/train_manifest.csv,data/aptos2019/train_images/4393c5bc576a.png,1,538513325d3f59760f086cf26ae2f75420e12454857b4d1904d0af78aebfb3ff,2342078,2896,1944,PASS
9be71d6d7e59,APTOS_TRAIN,model/datasets/train_manifest.csv,data/aptos2019/train_images/9be71d6d7e59.png,0,83f6b03f176b708c4692e00daf5a12572a415ce3e7374a8712777a2a3d1dacc5,994247,1050,1050,PASS
7270367410a1,APTOS_TRAIN,model/datasets/train_manifest.csv,data/aptos2019/train_images/7270367410a1.png,4,759d9436025e0dd4bf3c3316c83eee7cf469f9dde606dd9a3335a06fe4f054dc,2664351,3216,2136,PASS
db49cdf1ea64,APTOS_TRAIN,model/datasets/train_manifest.csv,data/aptos2019/train_images/db49cdf1ea64.png,2,0785d1f7ef9f8510c1727d724e6ae9120156961d06a8ad30ab426f784c1b4ba0,2163897,2416,1736,PASS
0151781fe50b,APTOS_TRAIN,model/datasets/train_manifest.csv,data/aptos2019/train_images/0151781fe50b.png,0,52811fdb8e088ee7ae8f79c47ce8095b09adab924287c2a540e131732e943186,1900351,2048,1536,PASS
4958bfcc9f38,APTOS_TRAIN,model/datasets/train_manifest.csv,data/aptos2019/train_images/4958bfcc9f38.png,0,99288a4b03b74288b2e63a926928194205cca6b5036ae3a63a78b7e2fb99b9a9,1004861,1050,1050,PASS
0cbcc7b23613,APTOS_TRAIN,model/datasets/train_manifest.csv,data/aptos2019/train_images/0cbcc7b23613.png,0,3dc0ecefa95fafbd1a9a00c4e5bd3c8728be4a15d233ae0fc6dd72a1cbdd9472,5091045,2588,1958,PASS
4da6e2089d57,APTOS_TRAIN,model/datasets/train_manifest.csv,data/aptos2019/train_images/4da6e2089d57.png,2,5ee8d89da766331a885d5d821414566e9fdce36ffa91d1661916cc406068942f,2546361,3216,2136,PASS
ad312ca98202,APTOS_TRAIN,model/datasets/train_manifest.csv,data/aptos2019/train_images/ad312ca98202.png,0,b9e351adbfdac907d3a66b1e489e4765278f9a457e89c9de08e34b0b9d35a806,1019160,1050,1050,PASS
bf8092e4001d,APTOS_TRAIN,model/datasets/train_manifest.csv,data/aptos2019/train_images/bf8092e4001d.png,3,996a5f609fa1729c4bb60b12cb86cbe37d8a9f2da0309d08362055e04d1cfb84,5073231,2896,1944,PASS
92889b863ae6,APTOS_TRAIN,model/datasets/train_manifest.csv,data/aptos2019/train_images/92889b863ae6.png,0,27185a3f12ff54470457f910d4a4cc048dfa8e4935b5d48d840420c1a64d4d8b,5606887,2588,1958,PASS
0851d6a69589,APTOS_TRAIN,model/datasets/train_manifest.csv,data/aptos2019/train_images/0851d6a69589.png,0,98b8d05559e360cc26321bf887428cda11a989807bf7b9a56b46593f724338c9,954072,1050,1050,PASS
5069feccd866,APTOS_TRAIN,model/datasets/train_manifest.csv,data/aptos2019/train_images/5069feccd866.png,0,68df234c5c318aad97f5f564fdb8d6d9bee6f94df6c6058548d5803b5f6cbcfc,1920894,2048,1536,PASS
adb56cecafaf,APTOS_TRAIN,model/datasets/train_manifest.csv,data/aptos2019/train_images/adb56cecafaf.png,3,5da43747b82682cdd28aa95c7feec1a5fd0b59346dbebb9882b66ff374e67481,2313440,2416,1736,PASS
f298b7d05958,APTOS_TRAIN,model/datasets/train_manifest.csv,data/aptos2019/train_images/f298b7d05958.png,0,6ca7fc3daeff80857b31901f4992c6bd3ad07aeb9f283b44393599bfccf6dfd5,1019296,1050,1050,PASS
90a786abe58e,APTOS_TRAIN,model/datasets/train_manifest.csv,data/aptos2019/train_images/90a786abe58e.png,0,d0484b7af2f2081f3e3c2b71da94357bfaf0e68ca7811e154c60f61acfb9c44e,1056213,1050,1050,PASS
add1d681d712,APTOS_TRAIN,model/datasets/train_manifest.csv,data/aptos2019/train_images/add1d681d712.png,2,f7d2e792301573fbc58785966555ab30429e1d2fea2d43cd9ec81b793d4c8e3b,343352,640,480,PASS
94145d1f42cf,APTOS_TRAIN,model/datasets/train_manifest.csv,data/aptos2019/train_images/94145d1f42cf.png,0,af5437a38fe63de741b256efd3a12d54d8d82cc0e585f6d10c588672f07194a3,1909155,2048,1536,PASS
8acdf12f412a,APTOS_TRAIN,model/datasets/train_manifest.csv,data/aptos2019/train_images/8acdf12f412a.png,0,8f79b79810c9a4b3442067f1c6ced1bb3008a37927fe86c52b5ebb286cd1eb50,1050186,1050,1050,PASS
69591ebb198d,APTOS_TRAIN,model/datasets/train_manifest.csv,data/aptos2019/train_images/69591ebb198d.png,2,13c608ba5de9e6d46815c05c661cca30b36d6788b172ab9eabdb4566e98d939c,2839018,3216,2136,PASS
3f3de2a6b0f5,APTOS_TRAIN,model/datasets/train_manifest.csv,data/aptos2019/train_images/3f3de2a6b0f5.png,2,3066f27656307be137820eed2888d3821c034791753e7f1d99c4680fc40dd87e,3153348,2588,1958,PASS
883c6a184f16,APTOS_TRAIN,model/datasets/train_manifest.csv,data/aptos2019/train_images/883c6a184f16.png,0,678e0385fd897aea80409b797abaa7fd210ed95d24d9bc0c87cd3a2f40f69f2a,974135,1050,1050,PASS
af8aa32beee4,APTOS_TRAIN,model/datasets/train_manifest.csv,data/aptos2019/train_images/af8aa32beee4.png,2,849bf5517320ced6192b2f760331e704d9f2b9b4612ef34286cf8231320e487b,2354554,2416,1736,PASS
6bf2a81a5d91,APTOS_TRAIN,model/datasets/train_manifest.csv,data/aptos2019/train_images/6bf2a81a5d91.png,0,a6d14cff7183ba0ef36536581d3e6a7dc63f7c0a37892a2bf12592c4f1e57cbd,306560,819,614,PASS
9c514d2d5b3f,APTOS_TRAIN,model/datasets/train_manifest.csv,data/aptos2019/train_images/9c514d2d5b3f.png,0,ab6ca6af58338cb532fa34fc0475d96a5da9819104110e94ceb80796eeb3e698,998480,1050,1050,PASS
d1a24527a15d,APTOS_TRAIN,model/datasets/train_manifest.csv,data/aptos2019/train_images/d1a24527a15d.png,4,be81b76efc1de6ae7af7b99eaa9abf5a7dbd0bbf27aaa1c69714ec231b0d4b0e,2281456,2416,1736,PASS
c9e697117f3f,APTOS_TRAIN,model/datasets/train_manifest.csv,data/aptos2019/train_images/c9e697117f3f.png,0,d2436021fd691e6512399fac34a0aed009c5d865973e1ef8c1dfceb5f3225bc8,992059,1050,1050,PASS
ca7140ecf389,APTOS_TRAIN,model/datasets/train_manifest.csv,data/aptos2019/train_images/ca7140ecf389.png,1,ddd4aa9e0ea94619ae90fbf30f00d8d87adfd3452012ad1a42ceeb8043eaf525,2328404,2416,1736,PASS
4ed31cc07366,APTOS_TRAIN,model/datasets/train_manifest.csv,data/aptos2019/train_images/4ed31cc07366.png,2,e7b3a6570abef6d12070a30ea5ac7c8fe3b35e5a6004ad35bfacb36a50024bf4,3201390,3216,2136,PASS
a45d77edf8d9,APTOS_TRAIN,model/datasets/train_manifest.csv,data/aptos2019/train_images/a45d77edf8d9.png,2,e6faeb4dad2eb72c8ab836c6cef9f60722648026daf50b19d4fb4f1e830eefc7,7358123,3388,2588,PASS
66366a90d1ef,APTOS_TRAIN,model/datasets/train_manifest.csv,data/aptos2019/train_images/66366a90d1ef.png,0,054c4b1256095022d520ec00837eb9c62b517b320bb92a97df85e4e43ead884a,2588361,2588,1958,PASS
9a7bd084395e,APTOS_TRAIN,model/datasets/train_manifest.csv,data/aptos2019/train_images/9a7bd084395e.png,2,9a0997faa956dbdf49e32192616e8fd723b33f6d06514f95bcb11806c19192ed,5324765,2588,1958,PASS
12e3f5f2cb17,APTOS_TRAIN,model/datasets/train_manifest.csv,data/aptos2019/train_images/12e3f5f2cb17.png,1,5169e46c7158edb58f4e57c8ad2cd7fb7687874ffb0d6c781ad2eb45fe9af5b9,1866320,2416,1736,PASS
3ddb86eb530e,APTOS_TRAIN,model/datasets/train_manifest.csv,data/aptos2019/train_images/3ddb86eb530e.png,2,6929a7a026a15ed8f241a6d60e01fbc70da399401172fbce8cfda362a6ba04de,2812590,2588,1958,PASS
5d6239c0fd39,APTOS_TRAIN,model/datasets/train_manifest.csv,data/aptos2019/train_images/5d6239c0fd39.png,0,abf6c4949c530d3cc890955d3218c509e6d994cc81816cdbb53f018d2dfa7e45,904218,1050,1050,PASS
1541226c5d72,APTOS_TRAIN,model/datasets/train_manifest.csv,data/aptos2019/train_images/1541226c5d72.png,2,e5e47ea55db4178ad60c3596ebd145c259015f1d912cb579351694e11ba7a5bd,2856810,3216,2136,PASS
86d58f850a0c,APTOS_TRAIN,model/datasets/train_manifest.csv,data/aptos2019/train_images/86d58f850a0c.png,0,b4f46483e7ed2d01fcdee3cdb977a54bd73733e245fbce4693c6af1788ab728f,403451,819,614,PASS
e893e86dde94,APTOS_TRAIN,model/datasets/train_manifest.csv,data/aptos2019/train_images/e893e86dde94.png,0,ec2d36b236b7c5f7661d3536b0bc9a7659a1ab8b717e895a17434d9615eb3dfc,915698,1050,1050,PASS
6ea07d19b4ce,APTOS_TRAIN,model/datasets/train_manifest.csv,data/aptos2019/train_images/6ea07d19b4ce.png,1,9ffe3afbbc43ee5a607515082d4bb12c4da274f8cab608d42aed7680af452c41,2266335,3216,2136,PASS
f0c13be90519,APTOS_TRAIN,model/datasets/train_manifest.csv,data/aptos2019/train_images/f0c13be90519.png,1,a7c0dcafd20b5d295f881445dfc2cd64b4aefc3a7227071bb046626bb9c0db76,3007787,2588,1958,PASS
6852f4531591,APTOS_TRAIN,model/datasets/train_manifest.csv,data/aptos2019/train_images/6852f4531591.png,0,77bcd2f6ee6bd3d585f2f33568eb17bd6f06b7f64f183ce4601a34d90b8cc70d,1032953,1050,1050,PASS
6b30767595d8,APTOS_TRAIN,model/datasets/train_manifest.csv,data/aptos2019/train_images/6b30767595d8.png,0,6cdd70e086fcc5181b189b063e0f28a921258d677d7b1e863a38d78085eeedb7,1930538,2048,1536,PASS
1ab3f1c71a5f,APTOS_TRAIN,model/datasets/train_manifest.csv,data/aptos2019/train_images/1ab3f1c71a5f.png,3,7d4e81a3a1604e9e90a6c7e9ae5ef41f4b1a90728fa555f56f237923135d99a4,3460608,3216,2136,PASS
5f13e8a07344,APTOS_TRAIN,model/datasets/train_manifest.csv,data/aptos2019/train_images/5f13e8a07344.png,3,bf99d85d3f60e1282f1e0c460f4f32d13aeb2b551e59649fcaeeb4b8d29c0656,314473,640,480,PASS
9a78c6a7b1c2,APTOS_TRAIN,model/datasets/train_manifest.csv,data/aptos2019/train_images/9a78c6a7b1c2.png,2,c10ce19f59e09681e2bc933757f031d11c96e600dcabb6ab514f26fc21b4d665,2341313,2416,1736,PASS
b665041e1633,APTOS_TRAIN,model/datasets/train_manifest.csv,data/aptos2019/train_images/b665041e1633.png,2,31d6cd9b657627d7b10df2b01b328f62958129ca9d9a6430dec1863745f2844f,4902744,2588,1958,PASS
1bf30c84bbad,APTOS_TRAIN,model/datasets/train_manifest.csv,data/aptos2019/train_images/1bf30c84bbad.png,4,f4f191debecc00dfd69d564bcc74158765bfb97f6cf740ebd0971ee1a380152a,4530336,4288,2848,PASS
4ccfa0b4e96c,APTOS_TRAIN,model/datasets/train_manifest.csv,data/aptos2019/train_images/4ccfa0b4e96c.png,4,c91badcdfb4a58d119d708abd8c0307008272ddacc98fce0a98b149fee361501,1624538,1476,1117,PASS
f4c7ae514c54,APTOS_TRAIN,model/datasets/train_manifest.csv,data/aptos2019/train_images/f4c7ae514c54.png,0,77ad7bdbe494ee62fa2d2a79cec29bfe0a909a92ce3e7d20d97792cf808945c3,1922869,2048,1536,PASS
0a4e1a29ffff,APTOS_TRAIN,model/datasets/train_manifest.csv,data/aptos2019/train_images/0a4e1a29ffff.png,0,d3ec757a0698168f14a48f0306ff653033a6a1d93b930810fc5bddf789b723af,1011425,1050,1050,PASS
b2b7ccd34cbd,APTOS_TRAIN,model/datasets/train_manifest.csv,data/aptos2019/train_images/b2b7ccd34cbd.png,0,eb3457c980dfee3b684d414634e9848e6153116e7b5e9728a358d953739acd52,877445,1050,1050,PASS
495255c7492f,APTOS_TRAIN,model/datasets/train_manifest.csv,data/aptos2019/train_images/495255c7492f.png,1,57bf5eb398b67b2d5830c9509edfa10a63f8fc056661912ebb0e55df72fa571c,2255819,2416,1736,PASS
0abf0c485f66,APTOS_TRAIN,model/datasets/train_manifest.csv,data/aptos2019/train_images/0abf0c485f66.png,0,55fe666104e2d86efc2d01b5c50a710a86262757b42130774b05b552ab141df4,1848509,2048,1536,PASS
a07d571bf7ba,APTOS_TRAIN,model/datasets/train_manifest.csv,data/aptos2019/train_images/a07d571bf7ba.png,0,280a226b843b152e3181fd4ebcbe47a0346f79aa49b15ff58d3dddb77bd22185,388176,819,614,PASS
6dfd80748e72,APTOS_TRAIN,model/datasets/train_manifest.csv,data/aptos2019/train_images/6dfd80748e72.png,2,d89f958247ac10c4b5d57a8d801141c9e889c3e62de5ce6a3fad1a0996b1efb6,2261683,2416,1736,PASS
290ecdba359f,APTOS_TRAIN,model/datasets/train_manifest.csv,data/aptos2019/train_images/290ecdba359f.png,2,3db6c6580165d22f2201e4c2c7a14eb11e13aca9c0b5873c450a6efed1849e42,7422351,3388,2588,PASS
0c2e2369dfff,APTOS_TRAIN,model/datasets/train_manifest.csv,data/aptos2019/train_images/0c2e2369dfff.png,2,8c81d537e037d253399489f2b753541839135e579a00c96ccb102aff74d642d0,947746,1844,1226,PASS
613028ede6a0,APTOS_TRAIN,model/datasets/train_manifest.csv,data/aptos2019/train_images/613028ede6a0.png,4,c8fec27084b1cdadd065ad35971f0375ff1243575d51ae2f9a275f1df5c8343b,940222,1050,1050,PASS
4ab8c0cece7f,APTOS_TRAIN,model/datasets/train_manifest.csv,data/aptos2019/train_images/4ab8c0cece7f.png,0,c96dba8f5a00dae9257e122781f27a67c90d0143402629abb847a1af19c7c08e,897296,1050,1050,PASS
4dd14c380696,APTOS_TRAIN,model/datasets/train_manifest.csv,data/aptos2019/train_images/4dd14c380696.png,0,14c9d52b7a119d278fd7f72f489031cfdd2f22aedc8bcee5fca72ea9257c4e34,282220,819,614,PASS
9858cc2ae073,APTOS_TRAIN,model/datasets/train_manifest.csv,data/aptos2019/train_images/9858cc2ae073.png,0,f0da5658efdffd3248f9b4683aa080465b28ead0fc017ad669cc2fbd9ddabef3,1948052,2048,1536,PASS
772af553b8b7,APTOS_TRAIN,model/datasets/train_manifest.csv,data/aptos2019/train_images/772af553b8b7.png,3,62471f4eaab2d9e5481f4a6682cc00b69ccc2e034f04b70ee6305127f7d3abe5,2068389,2896,1944,PASS
218c822a3dd9,APTOS_TRAIN,model/datasets/train_manifest.csv,data/aptos2019/train_images/218c822a3dd9.png,0,feac5acf5e26b7d55e86010ce441321a745b56b577c363eaca1d04e05f4d1e77,5682890,2588,1958,PASS
6dc0281f11e3,APTOS_TRAIN,model/datasets/train_manifest.csv,data/aptos2019/train_images/6dc0281f11e3.png,0,bde5978e092f11e272c47ff28f7a56c74fc0d930d593357bc8a48af9d2ac69cc,937761,1050,1050,PASS
63b4d030b016,APTOS_TRAIN,model/datasets/train_manifest.csv,data/aptos2019/train_images/63b4d030b016.png,4,3bc5fb8e03dbeb70ee8db34ecf59e75bbb7884daf5cac138a9d91ef0b8f5fb14,1860980,2416,1736,PASS
58c12863f33d,APTOS_TRAIN,model/datasets/train_manifest.csv,data/aptos2019/train_images/58c12863f33d.png,0,c4526dfbee3764dca887ae004266065047228be3235133c2f274a966ee59be7d,953142,1050,1050,PASS
fa6f3d8bb1d5,APTOS_TRAIN,model/datasets/train_manifest.csv,data/aptos2019/train_images/fa6f3d8bb1d5.png,0,df470c0280d6a08e08b22fca2039dde3c78374f71fb2354aa880aabe7e7f42dc,1039582,1050,1050,PASS
404ede327e98,APTOS_TRAIN,model/datasets/train_manifest.csv,data/aptos2019/train_images/404ede327e98.png,0,6a54d481ed77904e3f4b59badebf3f50c21a865a56bb1e052cfe3cf780d0a36b,305583,819,614,PASS
a0fd94e2ad76,APTOS_TRAIN,model/datasets/train_manifest.csv,data/aptos2019/train_images/a0fd94e2ad76.png,0,a298192e15d0ecbca8b2fae73bee92274c89ed86ff0e6f589d71e8368074dfa6,980811,1050,1050,PASS
9ba469af2980,APTOS_TRAIN,model/datasets/train_manifest.csv,data/aptos2019/train_images/9ba469af2980.png,0,4e3a83960d613749b82b2f30da21650b4a3f6e7831cc5f0e86eb7cf82fd0016a,2308527,2588,1958,PASS
f6d760566a51,APTOS_TRAIN,model/datasets/train_manifest.csv,data/aptos2019/train_images/f6d760566a51.png,0,0fb50205cea43954a7a0e25ccfa23b14377431a6f93b09dc31504153a8ab5f32,1004512,1050,1050,PASS
79ade634c633,APTOS_TRAIN,model/datasets/train_manifest.csv,data/aptos2019/train_images/79ade634c633.png,0,343de7224049ac621027675fcd5b83c859c693f644a41f2113acf075a88202db,1693636,2048,1536,PASS
172df1330a60,APTOS_TRAIN,model/datasets/train_manifest.csv,data/aptos2019/train_images/172df1330a60.png,1,8c00901a0c959c6f45c85fd6ff430c8713d25ebc3610fc19c4d7b9ab96599f49,1856335,2416,1736,PASS
d7078e8b0349,APTOS_TRAIN,model/datasets/train_manifest.csv,data/aptos2019/train_images/d7078e8b0349.png,0,d507186e18dd2de30f78e8a92c00ff2bdb55f5c0938c2c12dcf8e1b1fd6c232f,1941123,2048,1536,PASS
012a242ac6ff,APTOS_TRAIN,model/datasets/train_manifest.csv,data/aptos2019/train_images/012a242ac6ff.png,2,e9f49343a33f9c4853c35e82af14617a2d55479227b30d018113ba23f3e9f880,6140663,3216,2136,PASS
33596a635b53,APTOS_TRAIN,model/datasets/train_manifest.csv,data/aptos2019/train_images/33596a635b53.png,0,f4e935ba1a777f8afaa618b29f6e0113d38a7c0aeb2d7e2f12a2241c1c12fbdf,1940672,2048,1536,PASS
3b10191dfd25,APTOS_TRAIN,model/datasets/train_manifest.csv,data/aptos2019/train_images/3b10191dfd25.png,0,5cc57e49a8aae08eb210480475531be8beaa79588f8dbe997062510f93696be7,377522,819,614,PASS
5b301a6d1ac7,APTOS_TRAIN,model/datasets/train_manifest.csv,data/aptos2019/train_images/5b301a6d1ac7.png,2,5debe5055683a5143943319111f3a9747e4ab57b9d2612bf95379b101384b19c,4777417,2588,1958,PASS
62b826899151,APTOS_TRAIN,model/datasets/train_manifest.csv,data/aptos2019/train_images/62b826899151.png,0,73090263a5171cde034458f67c95d7d1f474ecc03da5a269154e59a0d8f0173a,1011354,1050,1050,PASS
624fb7317106,APTOS_TRAIN,model/datasets/train_manifest.csv,data/aptos2019/train_images/624fb7317106.png,2,808c050dc175f1719c1152e9a4e8390b0d0928496ce213c64b0cdc108ad23a3e,2147915,2416,1736,PASS
03ff7d159f10,APTOS_TRAIN,model/datasets/train_manifest.csv,data/aptos2019/train_images/03ff7d159f10.png,2,0ad2540863e451afb870febc38dab591d34825b355d3e19339f0163cffc34b99,2103533,3216,2136,PASS
c4e8b1ec8893,APTOS_TRAIN,model/datasets/train_manifest.csv,data/aptos2019/train_images/c4e8b1ec8893.png,2,af0e387379767f06755e5a8552bdc9d481f25816b6ff479ea6ce888184f28f02,822539,1050,1050,PASS
b64e1eef3d63,APTOS_TRAIN,model/datasets/train_manifest.csv,data/aptos2019/train_images/b64e1eef3d63.png,0,0cfb4643f7a580546f33df0e23dce62f054aa0e8a926a73acaf5639d34dd9f6f,1966748,2048,1536,PASS
a2d349f567a6,APTOS_TRAIN,model/datasets/train_manifest.csv,data/aptos2019/train_images/a2d349f567a6.png,2,936a4edaf03b6f8af3633a3b94f102c84a2fb3e9958bb5ecda7838ee4fbee8d5,935976,1050,1050,PASS
7526cf435753,APTOS_TRAIN,model/datasets/train_manifest.csv,data/aptos2019/train_images/7526cf435753.png,0,9a5daeedf93069d8a94d0f13df0fd0b6b90ea7371683a02628b13a2f65ee87d7,371407,819,614,PASS
bfaa0080ab61,APTOS_TRAIN,model/datasets/train_manifest.csv,data/aptos2019/train_images/bfaa0080ab61.png,2,d01bafdfc1598e1641fb578c1d70f925be8d5ac2791336420a8a6948db85a0b5,2133945,2416,1736,PASS
785777558f05,APTOS_TRAIN,model/datasets/train_manifest.csv,data/aptos2019/train_images/785777558f05.png,4,dd38ddf130229d5b0eb00b2cae87a3486b240e1f2b787cb3514a4913d651e809,5392588,2588,1958,PASS
4a213b405ee4,APTOS_TRAIN,model/datasets/train_manifest.csv,data/aptos2019/train_images/4a213b405ee4.png,1,a5f97272b94bc38eae16da2b490b8253207736a5c4247b5f2145bb55adb84ffd,3605366,3388,2588,PASS
15cc2aef772a,APTOS_TRAIN,model/datasets/train_manifest.csv,data/aptos2019/train_images/15cc2aef772a.png,1,d60a481d7bb4a35fa7541b7b18a2ef7c806f4a48db92f421813512d8cb95c522,2047228,2416,1736,PASS
07a0be6b347f,APTOS_TRAIN,model/datasets/train_manifest.csv,data/aptos2019/train_images/07a0be6b347f.png,0,bc4508f9c12dee17e0e52a38b715d57a4595117824f07111611e42fe57eb1f81,1915869,2048,1536,PASS
cfdbaef73a8b,APTOS_TRAIN,model/datasets/train_manifest.csv,data/aptos2019/train_images/cfdbaef73a8b.png,0,ff3cf5433df25d045ea34ea2a8c02f78459ef27feee13d07c48b3da39afe5788,365242,819,614,PASS
bd375ba756b1,APTOS_TRAIN,model/datasets/train_manifest.csv,data/aptos2019/train_images/bd375ba756b1.png,0,5d3bdc86bb28471d93d14eede16ba043485819eefe2987c295278e6ef5d3e4a5,1903021,2048,1536,PASS
49c5e7f6b8d2,APTOS_TRAIN,model/datasets/train_manifest.csv,data/aptos2019/train_images/49c5e7f6b8d2.png,1,178b7477408af8f067ab7630969b03a1b0880ef270d479b70460f494ce4c5a9f,1855025,2416,1736,PASS
026dcd9af143,APTOS_TRAIN,model/datasets/train_manifest.csv,data/aptos2019/train_images/026dcd9af143.png,2,c433ea6175ee34c64d15ba8b5ced771ba362593bc40fdee4ad1ac5bb7731e990,5357270,3216,2136,PASS
393fa5a023a5,APTOS_TRAIN,model/datasets/train_manifest.csv,data/aptos2019/train_images/393fa5a023a5.png,0,23a654e1b95153843bb6714ca9a91542f753ad948431757b4a1e22a8b343f280,807518,1050,1050,PASS
49eb73968c44,APTOS_TRAIN,model/datasets/train_manifest.csv,data/aptos2019/train_images/49eb73968c44.png,0,f48546590749a276a81740b239b06e73cdaf2046939727dc6d545625c1234f08,267961,819,614,PASS
236f56771ec6,APTOS_TRAIN,model/datasets/train_manifest.csv,data/aptos2019/train_images/236f56771ec6.png,2,c1a043a8d5b61f62a857700bfa643d2ff422296876e664a87fa61edccaf87317,2274637,2416,1736,PASS
50916d67bb51,APTOS_TRAIN,model/datasets/train_manifest.csv,data/aptos2019/train_images/50916d67bb51.png,0,94aa6f11227fcbe1b244a8841c63ab2d7b83c9615ccb7ac0129d297024c86d9e,900891,1050,1050,PASS
2221cf5c7935,APTOS_TRAIN,model/datasets/train_manifest.csv,data/aptos2019/train_images/2221cf5c7935.png,0,a551b55eb45e65c67a8565a93a8676ef1ec1fd2199ffc33bc71d137d6919fc04,5682215,2588,1958,PASS
531b39880c32,APTOS_TRAIN,model/datasets/train_manifest.csv,data/aptos2019/train_images/531b39880c32.png,1,2ec6cc0463e06ffbc5e0f637a280f5c1fb68dd17e9086c4f157b238ddf7c85c4,2062144,2416,1736,PASS
22098b1fe461,APTOS_TRAIN,model/datasets/train_manifest.csv,data/aptos2019/train_images/22098b1fe461.png,1,05f8b279a9fb9554c21faed1a956e55ceffcb48f038078debb66afcadecf9ee1,2285669,2896,1944,PASS
c096131ad065,APTOS_TRAIN,model/datasets/train_manifest.csv,data/aptos2019/train_images/c096131ad065.png,0,a975242b91f70267e85c780376a67dfece8c6067e8c08317f549009d33670227,918221,1050,1050,PASS
e68746d426b2,APTOS_TRAIN,model/datasets/train_manifest.csv,data/aptos2019/train_images/e68746d426b2.png,0,d338a4b345f10e314e8950802c6ce99b705d46da4ff8ec4fe8bf271dafcc6255,369154,819,614,PASS
bff51afc76d4,APTOS_TRAIN,model/datasets/train_manifest.csv,data/aptos2019/train_images/bff51afc76d4.png,0,831031f1af6c99988df56fbbc2d06ebf1af8c305682be9e4a5e8e5b377503a4f,5530421,2588,1958,PASS
d4bc001f7224,APTOS_TRAIN,model/datasets/train_manifest.csv,data/aptos2019/train_images/d4bc001f7224.png,0,9a8ecc3749f8d1dfb1d8347422a21edb2e7e0709b278d073c95de8190a8b3595,1690249,2048,1536,PASS
e087bd4b88f2,APTOS_TRAIN,model/datasets/train_manifest.csv,data/aptos2019/train_images/e087bd4b88f2.png,0,76f1a110580742e5e3cdc34adf89167a5ba6046aa02fc7dc91e2894cc5c98bce,1919858,2048,1536,PASS
4c6c5a1bf5ab,APTOS_TRAIN,model/datasets/train_manifest.csv,data/aptos2019/train_images/4c6c5a1bf5ab.png,0,dfb62032a14699bae710326451f8729b5fdee0b33a578dca81e06cd428354f87,374550,819,614,PASS
8e20b8fac7c3,APTOS_TRAIN,model/datasets/train_manifest.csv,data/aptos2019/train_images/8e20b8fac7c3.png,2,664dab65eb8d5bacb008aeef612e5751d7ac3d27ac30883bca000803eb0c8ab9,2665786,3216,2136,PASS
4a1afe4044f4,APTOS_TRAIN,model/datasets/train_manifest.csv,data/aptos2019/train_images/4a1afe4044f4.png,0,5b486465bd193ce3837ad7284f7df1a6f2cf7245e3a03a1b7561ab7969d3e806,311273,819,614,PASS
5188a8afa879,APTOS_TRAIN,model/datasets/train_manifest.csv,data/aptos2019/train_images/5188a8afa879.png,2,a6314fa9f87c2b9e3513e64ca49337df140325d021c09a630f7aaf357481dea3,2131526,3216,2136,PASS
1ca91751be4d,APTOS_TRAIN,model/datasets/train_manifest.csv,data/aptos2019/train_images/1ca91751be4d.png,0,3ec594442b7b1920d8801a006cecadff3aefd113f435888fe58fb64c470614f4,966971,1050,1050,PASS
5f6db235c04d,APTOS_TRAIN,model/datasets/train_manifest.csv,data/aptos2019/train_images/5f6db235c04d.png,0,be4186498efa41b98946e35a47ab00c6ca82c33353987e7ad00e6228f98be9a5,946965,1050,1050,PASS
0ae2dd2e09ea,APTOS_TRAIN,model/datasets/train_manifest.csv,data/aptos2019/train_images/0ae2dd2e09ea.png,0,ddddba7eedb56ca800f9a9420a03b51fa71ce75c1ad294835f17c2cf0f5bd0cc,822925,1050,1050,PASS
cbf0394039f8,APTOS_TRAIN,model/datasets/train_manifest.csv,data/aptos2019/train_images/cbf0394039f8.png,2,578aabf0ce20a1f9c04b310a20a63409c4391f875ab5d52428cd5d71877967ce,2018059,2416,1736,PASS
6c6505a0c637,APTOS_TRAIN,model/datasets/train_manifest.csv,data/aptos2019/train_images/6c6505a0c637.png,0,f0623d677d546120266cfaa4f58ef5eae9d39562ac84e0688eb7a1970011b454,1715513,2048,1536,PASS
365f8c01d994,APTOS_TRAIN,model/datasets/train_manifest.csv,data/aptos2019/train_images/365f8c01d994.png,1,f259156c8d09f029fee920fe4e3d7a1778266c697c9473f8a3db05b55bee3d54,822619,1050,1050,PASS
1d46f1326394,APTOS_TRAIN,model/datasets/train_manifest.csv,data/aptos2019/train_images/1d46f1326394.png,0,3449dfff71e26e11b9571e0a412c1d8b91d103729e5d43f2521ef3e4db703346,1055588,1050,1050,PASS
5e5275ddee29,APTOS_TRAIN,model/datasets/train_manifest.csv,data/aptos2019/train_images/5e5275ddee29.png,0,93f301bacf4397b40cc24a19995b94aa7ba93b728ca3ca0961a582478107bff3,1052361,1050,1050,PASS
61c2fbd16e38,APTOS_TRAIN,model/datasets/train_manifest.csv,data/aptos2019/train_images/61c2fbd16e38.png,2,6e86ec18ed3eec9b4ba863ed02e5ab9353faa6724148d278329744c8699bd135,5208884,2588,1958,PASS
7c90ab025331,APTOS_TRAIN,model/datasets/train_manifest.csv,data/aptos2019/train_images/7c90ab025331.png,4,8f8963d9b038883a6bc5f3a104778d863bf65e3fce687640f6a0cc4cb0141d36,2811331,3216,2136,PASS
00cc2b75cddd,APTOS_TRAIN,model/datasets/train_manifest.csv,data/aptos2019/train_images/00cc2b75cddd.png,0,7124085934ea3f9e2be733cface038431cedb93255f251a7d956f003912ab4b3,901092,1050,1050,PASS
299086c6d1b5,APTOS_TRAIN,model/datasets/train_manifest.csv,data/aptos2019/train_images/299086c6d1b5.png,3,7ca5ce27a9f573a3e45007f532d8ed67dee1e69d2902766f212d5ed465cf1338,5086174,2588,1958,PASS
9f935fb38440,APTOS_TRAIN,model/datasets/train_manifest.csv,data/aptos2019/train_images/9f935fb38440.png,0,70f7147d5f28e2a056c3670f247da25f53293eec33fb308929b330edfe266265,267103,819,614,PASS
aa8a1e814811,APTOS_TRAIN,model/datasets/train_manifest.csv,data/aptos2019/train_images/aa8a1e814811.png,0,624c80f7ea0b3a550ed548472703661a281f9d05452ca0523755158f16b0d586,960550,1050,1050,PASS
93421787f520,APTOS_TRAIN,model/datasets/train_manifest.csv,data/aptos2019/train_images/93421787f520.png,0,628c31b019da896250a51f64973499cc0f657346c73f420a2a9fc694d3cc7aa8,1074275,1050,1050,PASS
f5e6226bd2e0,APTOS_TRAIN,model/datasets/train_manifest.csv,data/aptos2019/train_images/f5e6226bd2e0.png,4,ff53b8fec19cb52301213cb3c8c0978264e35d673f116a05bfb48b1b97573840,2464528,2416,1736,PASS
e1900014dabf,APTOS_TRAIN,model/datasets/train_manifest.csv,data/aptos2019/train_images/e1900014dabf.png,3,b09a2be9a24ff2675878be45519ecb8bcbd00e0adf546e4035ffd484f8c360a0,2128630,2416,1736,PASS
92e3d608fd3c,APTOS_TRAIN,model/datasets/train_manifest.csv,data/aptos2019/train_images/92e3d608fd3c.png,0,7bc998900b30d76f3807de4a2cf820a425abbd7951b257603f3b4a396246c613,1069758,1050,1050,PASS
3132556f5352,APTOS_TRAIN,model/datasets/train_manifest.csv,data/aptos2019/train_images/3132556f5352.png,0,525df29f259e1a7df0827c537bf48cbc1d07c378db128192d34d28a976566102,925283,1050,1050,PASS
165cd2070ebd,APTOS_TRAIN,model/datasets/train_manifest.csv,data/aptos2019/train_images/165cd2070ebd.png,4,3166f443e8ef869dc5f5903ec8e6f3a9891dd2a73392fb276908289775e16093,2348077,3216,2136,PASS
ba4d2c4b3039,APTOS_TRAIN,model/datasets/train_manifest.csv,data/aptos2019/train_images/ba4d2c4b3039.png,4,e155cdd97f91817b98486d6b815981ddfe3242c20ae24e4636a2bb0b878485e8,7238894,3388,2588,PASS
da9262d9f5d9,APTOS_TRAIN,model/datasets/train_manifest.csv,data/aptos2019/train_images/da9262d9f5d9.png,0,87df3241a8e4b1298403328d81545391094ceb53a46e71b2f4370c7ecd9b5078,945967,1050,1050,PASS
6dcde47060f9,APTOS_TRAIN,model/datasets/train_manifest.csv,data/aptos2019/train_images/6dcde47060f9.png,2,2c02117d8e62893c905f59ff686a8fd63c8ca5f3c15b7d9f3ffaf7415ad95047,2279379,3216,2136,PASS
2d558de2cabe,APTOS_TRAIN,model/datasets/train_manifest.csv,data/aptos2019/train_images/2d558de2cabe.png,0,d195ff71d02f5ee3dd14bdb453762ce93102d1eeba566a0c113b78ae93e07684,1760078,2048,1536,PASS
1c13a1483f4a,APTOS_TRAIN,model/datasets/train_manifest.csv,data/aptos2019/train_images/1c13a1483f4a.png,0,490942afbbf2e6bd3e632a9b1625eefd9d8fa94c10dfa54784f58d9e5cb5d6e0,917840,1050,1050,PASS
ea9c41e1ced0,APTOS_TRAIN,model/datasets/train_manifest.csv,data/aptos2019/train_images/ea9c41e1ced0.png,0,c724c78db011cebf4faac7d8137934951072f6499810100e691b283f6d6e21e0,1045587,1050,1050,PASS
224c14366e11,APTOS_TRAIN,model/datasets/train_manifest.csv,data/aptos2019/train_images/224c14366e11.png,0,6f8068968f953999a783580d3b8e4fd7963d62aa417f2d72ffe891b10f3d0061,1044694,1050,1050,PASS
7f6690fa390a,APTOS_TRAIN,model/datasets/train_manifest.csv,data/aptos2019/train_images/7f6690fa390a.png,0,4e6ed30149c04473f78ed2d4b6813bec6cfdabdb295a0ec1bee3536110d02eec,1799753,2048,1536,PASS
7350c50667c5,APTOS_TRAIN,model/datasets/train_manifest.csv,data/aptos2019/train_images/7350c50667c5.png,2,b0f8a60f1be449f559bc288fc726818ed59ce08b6855dd3a1253f29e0e11b034,2047913,2416,1736,PASS
bfefa7344e7d,APTOS_TRAIN,model/datasets/train_manifest.csv,data/aptos2019/train_images/bfefa7344e7d.png,4,90f186b426159067cdf88d8dbf318022602f629ca3fca2cd7038ee2f03ce9d0c,975016,1050,1050,PASS
e83d315d8f98,APTOS_TRAIN,model/datasets/train_manifest.csv,data/aptos2019/train_images/e83d315d8f98.png,2,449e6f65c7297448e5e0aacad15a2b99bf57f34193ebd74ec91f4693c070d99a,5152012,2588,1958,PASS
8e7981855125,APTOS_TRAIN,model/datasets/train_manifest.csv,data/aptos2019/train_images/8e7981855125.png,0,2ae8d928732c3dde218df3dc77adebed9b7e17fae38cceeefe3a9c5b521dfd9e,5235320,2588,1958,PASS
a2dff8dbc9f8,APTOS_TRAIN,model/datasets/train_manifest.csv,data/aptos2019/train_images/a2dff8dbc9f8.png,0,f5b8565bee7125ab5fa289cb2b8568f34d227a8ce08f199f819f6592f23627f2,1907909,2048,1536,PASS
f999c6921e6d,APTOS_TRAIN,model/datasets/train_manifest.csv,data/aptos2019/train_images/f999c6921e6d.png,2,4de8a2da7f2ab41d48a3703697469043e15b26f47f3b66e05d401dbdcf12e760,2280480,2416,1736,PASS
addf66a50f42,APTOS_TRAIN,model/datasets/train_manifest.csv,data/aptos2019/train_images/addf66a50f42.png,0,cae515cf0e63190abe8377cb3a6c6ccc2462f79ea8542b5c243cbef4b872518c,912604,1050,1050,PASS
5299a532f0e0,APTOS_TRAIN,model/datasets/train_manifest.csv,data/aptos2019/train_images/5299a532f0e0.png,0,d8bc14cdf89829f767a63c36ad6c6c1b5e690e0d19844fb5eed9a1b739f29d2d,885006,1050,1050,PASS
692e946b1f85,APTOS_TRAIN,model/datasets/train_manifest.csv,data/aptos2019/train_images/692e946b1f85.png,0,667f36053a992e30d6900d8ceffc5941380f85e671b61c4ec986d3c7ce0627ec,905091,1050,1050,PASS
8785b71238d8,APTOS_TRAIN,model/datasets/train_manifest.csv,data/aptos2019/train_images/8785b71238d8.png,4,01e2003ce5414931256b52da07b481d5f8a42b806855494d6b0346f3d212a85e,5200075,2588,1958,PASS
3325b1fe55d2,APTOS_TRAIN,model/datasets/train_manifest.csv,data/aptos2019/train_images/3325b1fe55d2.png,0,6f106047c0b833b9e454af7d3c508a914177f6acf90a55a7a4eb0c9fb4315662,918206,1050,1050,PASS
52230bbef30e,APTOS_TRAIN,model/datasets/train_manifest.csv,data/aptos2019/train_images/52230bbef30e.png,2,85da1bebefcd46c13ccd017cf7138374c8e0cb687a8305454b7e7c892b039b02,2012691,2416,1736,PASS
1cb6961d141c,APTOS_TRAIN,model/datasets/train_manifest.csv,data/aptos2019/train_images/1cb6961d141c.png,0,0df0831d8dc5eb2d05b4b144230f297fcb060b4abd1eb77d3e520fe55385a19c,298693,819,614,PASS
9bafbbd152d2,APTOS_TRAIN,model/datasets/train_manifest.csv,data/aptos2019/train_images/9bafbbd152d2.png,3,1214bee0771205444abcc1183c25d6f88e7d4e118058785cc0b90541ecd2352d,5200012,2588,1958,PASS
51d780864365,APTOS_TRAIN,model/datasets/train_manifest.csv,data/aptos2019/train_images/51d780864365.png,2,1d05e3eb2931e5801dd9f86b390dc62bb2698ac07d28d8ac5b228941cecc905e,2435095,2416,1736,PASS
d2d523e9f669,APTOS_TRAIN,model/datasets/train_manifest.csv,data/aptos2019/train_images/d2d523e9f669.png,0,25f0506c594a52c71dc364fbebf75289d097e64a17e53cbc40ef002ced8e5b63,1908113,2048,1536,PASS
d774692d9919,APTOS_TRAIN,model/datasets/train_manifest.csv,data/aptos2019/train_images/d774692d9919.png,0,7a5f4e22307c84e0d9bde4520c63310e5a283f75a0a0b6367f0c9dff612415da,1090990,1050,1050,PASS
c8fc0df22999,APTOS_TRAIN,model/datasets/train_manifest.csv,data/aptos2019/train_images/c8fc0df22999.png,1,67b189a19fa121e749a1a936e64476e60c7891de9547bd73789c89765b28b881,2181049,2416,1736,PASS
ae57c8630249,APTOS_TRAIN,model/datasets/train_manifest.csv,data/aptos2019/train_images/ae57c8630249.png,0,5401be8fe2e25aaed414a8f7907b66092d6f204b1b403605375bbcb1f5e420b1,1062060,1050,1050,PASS
dd110d2b8c21,APTOS_TRAIN,model/datasets/train_manifest.csv,data/aptos2019/train_images/dd110d2b8c21.png,2,1541117607e2e0d1dfc02300e778dd3ebaa3e6916acd0a4d91b7926a5bf64201,2091654,3216,2136,PASS
b576c5269ad1,APTOS_TRAIN,model/datasets/train_manifest.csv,data/aptos2019/train_images/b576c5269ad1.png,1,f3f562147861e7d22b00fa656c243bb8f927561e46bb04c2cccb522521c219ee,2027545,2416,1736,PASS
e3ec668f6fad,APTOS_TRAIN,model/datasets/train_manifest.csv,data/aptos2019/train_images/e3ec668f6fad.png,4,1d2fdd9958fd88695e0940a472e143d712e71a265cc45460fc62a089c71aeb02,7204845,3388,2588,PASS
3d663a6a50a3,APTOS_TRAIN,model/datasets/train_manifest.csv,data/aptos2019/train_images/3d663a6a50a3.png,2,d7880d354debf5cc34b3d5b21b85b6d53d9be9af8ffb89ad465b93ef27829058,859645,1844,1226,PASS
ab724603ee93,APTOS_TRAIN,model/datasets/train_manifest.csv,data/aptos2019/train_images/ab724603ee93.png,0,2345a466947e81554933302ef2996982ee3b9f4c4c402b3124dac1b82bc652eb,2002226,2048,1536,PASS
b191ba0a2b12,APTOS_TRAIN,model/datasets/train_manifest.csv,data/aptos2019/train_images/b191ba0a2b12.png,3,7913998186c01ccd69423d2405a94350b06bbe9dd54ab4c98a524bddc1baa0d4,4967251,2588,1958,PASS
3e3a3955b9c5,APTOS_TRAIN,model/datasets/train_manifest.csv,data/aptos2019/train_images/3e3a3955b9c5.png,3,80b24876f0a4e960cbf61ea1d238aab8d6d18a164682c039e667dad3db2ca55f,2098819,2416,1736,PASS
6e018411ba4a,APTOS_TRAIN,model/datasets/train_manifest.csv,data/aptos2019/train_images/6e018411ba4a.png,0,4c46a76f073258273637b138153357558c9d9a5fd00ce958220e3dc992814538,5745942,2588,1958,PASS
810ed108f5b7,APTOS_TRAIN,model/datasets/train_manifest.csv,data/aptos2019/train_images/810ed108f5b7.png,0,552059ba7deeb4978f0c934aba22f9dd21c34e5640016f4115551b4532b65e8b,1924919,2048,1536,PASS
be3a7d9e981e,APTOS_TRAIN,model/datasets/train_manifest.csv,data/aptos2019/train_images/be3a7d9e981e.png,0,398ad0397b6eb12353268177e1f941c848b378a9808036dc30d1c61ecf091d82,1716215,2048,1536,PASS
e30a890600e1,APTOS_TRAIN,model/datasets/train_manifest.csv,data/aptos2019/train_images/e30a890600e1.png,0,f41a4dfc6d408585989831b793d895a7e1c566dfb9a0f099a997d04d422992a8,335838,819,614,PASS
4462fba1d2a1,APTOS_TRAIN,model/datasets/train_manifest.csv,data/aptos2019/train_images/4462fba1d2a1.png,4,feed6a774baf821a647b7a3ef3356bbe5678809017e50fe4eb449885c941e442,2829058,3216,2136,PASS
6666c4f18396,APTOS_TRAIN,model/datasets/train_manifest.csv,data/aptos2019/train_images/6666c4f18396.png,2,6f7d6a560ea4f3767c388eb617ab22b4ed09c07b27baefb2841becae722ad3ab,5962073,3216,2136,PASS
f1d719c97838,APTOS_TRAIN,model/datasets/train_manifest.csv,data/aptos2019/train_images/f1d719c97838.png,0,e4f4a5a5a97709e1d18ac7afb447a72dcd94eb1be4e27969f6d0895a8b5d7ef4,1090682,1050,1050,PASS
76516f828d88,APTOS_TRAIN,model/datasets/train_manifest.csv,data/aptos2019/train_images/76516f828d88.png,0,60a5abe5f25f35f6e650254a7dfeb0cc739cbee65cc3932ce9e542a54611ddd6,974522,1050,1050,PASS
62ecdc90dd42,APTOS_TRAIN,model/datasets/train_manifest.csv,data/aptos2019/train_images/62ecdc90dd42.png,2,ed97344a28afa3ddb4c9a7b4b53f084baee8f4525644a04dfc7e11027ebf53ad,1017492,1050,1050,PASS
6b07971c3bf6,APTOS_TRAIN,model/datasets/train_manifest.csv,data/aptos2019/train_images/6b07971c3bf6.png,1,cca2edab49ddfd446e49dfe65ec8637e0797f716d2bb50dac39d6608d2892426,325767,819,614,PASS
8ae049175db6,APTOS_TRAIN,model/datasets/train_manifest.csv,data/aptos2019/train_images/8ae049175db6.png,4,769ad33c954ba49a404141dfa0fa2dedce8d69806f08731999b06a4c4da35a45,5042694,2588,1958,PASS
996f9bba4ef0,APTOS_TRAIN,model/datasets/train_manifest.csv,data/aptos2019/train_images/996f9bba4ef0.png,0,cbe2a3aedc758e8a46e8ac3d5aca8e50b94b6aea9be9d1062ebd6f0c33b7f2f8,989302,1050,1050,PASS
655cafb4c932,APTOS_TRAIN,model/datasets/train_manifest.csv,data/aptos2019/train_images/655cafb4c932.png,1,d0d5ee3d4679fb56f2bafd8772d87ae4a7e5ae08ea1dbe8ec1280e43198aa0b4,1882579,2416,1736,PASS
e2a233493b90,APTOS_TRAIN,model/datasets/train_manifest.csv,data/aptos2019/train_images/e2a233493b90.png,1,3769beb4c3625f4cbc4101874fab4ca75df37ee476ef91c68e83c3919002b209,2252823,2416,1736,PASS
2d552318eb07,APTOS_TRAIN,model/datasets/train_manifest.csv,data/aptos2019/train_images/2d552318eb07.png,2,dbbadae3c763ff278ad622aeb14f34435cc253f2a62f3c51c5037d02e4de042b,234100,474,358,PASS
2cf18033da31,APTOS_TRAIN,model/datasets/train_manifest.csv,data/aptos2019/train_images/2cf18033da31.png,0,db669f375e7a1b5bea3587b6694b66e0c597f9fa47daff8d28896711a63a595a,1919373,2048,1536,PASS
9f1efb799b7b,APTOS_TRAIN,model/datasets/train_manifest.csv,data/aptos2019/train_images/9f1efb799b7b.png,2,8d91a59999626c7d147c7d21a6c9698c653f4f2067bc814e1b92a35f96edbb08,1306011,1504,1000,PASS
97a5ad7548b7,APTOS_TRAIN,model/datasets/train_manifest.csv,data/aptos2019/train_images/97a5ad7548b7.png,2,e661ddf23e6fdd3e757af0e72326897a56502af862ff3405faafc5acf9bef6d6,3507284,3388,2588,PASS
c739ff9580d3,APTOS_TRAIN,model/datasets/train_manifest.csv,data/aptos2019/train_images/c739ff9580d3.png,1,056ae605790e7f92c5bff4738bd54243cdb4dcd2921c7a707f900f089f5f4942,2333715,2416,1736,PASS
18af532e7e1e,APTOS_TRAIN,model/datasets/train_manifest.csv,data/aptos2019/train_images/18af532e7e1e.png,2,fab7d9137c42fa79b7ccc2138cde9d8c76b4ae7b1eb3d95913a43a40d6aed4f3,5332789,2588,1958,PASS
33e8e26a75d4,APTOS_TRAIN,model/datasets/train_manifest.csv,data/aptos2019/train_images/33e8e26a75d4.png,2,a44bd42d2519fb288140ec5598fb0fdc0c868c2c6b7a520685b8f69ff4a9c1d9,2221528,2416,1736,PASS
ca05f7e7801b,APTOS_TRAIN,model/datasets/train_manifest.csv,data/aptos2019/train_images/ca05f7e7801b.png,0,02c884519e1636f1890eca1b641ee12f07664bc7394a81f0e5c0a496513b15df,927700,1050,1050,PASS
7c52fe73e748,APTOS_TRAIN,model/datasets/train_manifest.csv,data/aptos2019/train_images/7c52fe73e748.png,2,f06636e7697f0998a0b7eae938223cba16b3f05c9224aed63016c3fd436becc8,1318082,1504,1000,PASS
441affbe99aa,APTOS_TRAIN,model/datasets/train_manifest.csv,data/aptos2019/train_images/441affbe99aa.png,2,2a1190b8821ef102e3be3cf8584a1e743db33118365a48755237f4a698e97091,367366,640,480,PASS
b2ffa3e18559,APTOS_TRAIN,model/datasets/train_manifest.csv,data/aptos2019/train_images/b2ffa3e18559.png,3,56ba8ef1cbce95170ab2ced49c23538035626091512a6e0bedaa22171a712362,2507310,2416,1736,PASS
9ae54843c69a,APTOS_TRAIN,model/datasets/train_manifest.csv,data/aptos2019/train_images/9ae54843c69a.png,0,862270d77da16159d36899e5f80c1933a76990b77e84dda19ff3f25735e12182,5154247,2588,1958,PASS
639915f58a2f,APTOS_TRAIN,model/datasets/train_manifest.csv,data/aptos2019/train_images/639915f58a2f.png,0,49b291223f367043bd0020cfe2a926ca7c748ad5d237ce8cd27bd6abbe1bcbf1,1019274,1050,1050,PASS
c7c3d363bc86,APTOS_TRAIN,model/datasets/train_manifest.csv,data/aptos2019/train_images/c7c3d363bc86.png,0,4dde1e423cc2851a2c1b4151da6fe09c2d0a0222bd87d9e1dbbb8c7041773634,5683265,2588,1958,PASS
c87493ed320c,APTOS_TRAIN,model/datasets/train_manifest.csv,data/aptos2019/train_images/c87493ed320c.png,2,51e9eb8dd10cf2435246d2963d08e58d94086e0d558048bea648c32f760433e7,2489415,3216,2136,PASS
9039cbfcbb2f,APTOS_TRAIN,model/datasets/train_manifest.csv,data/aptos2019/train_images/9039cbfcbb2f.png,0,2c629d53f3c3286cd3e25c324f9ca1fb9885f226fd16c6da9e9beed6dcfc7621,322610,819,614,PASS
4fef9ed8a4c5,APTOS_TRAIN,model/datasets/train_manifest.csv,data/aptos2019/train_images/4fef9ed8a4c5.png,3,a616f5bd74482ff2b786e9dfa59b6e7841616b6ff8586a39438e0d3a2feae122,2845845,3216,2136,PASS
67c03349bb31,APTOS_TRAIN,model/datasets/train_manifest.csv,data/aptos2019/train_images/67c03349bb31.png,2,dea65469197fdd8a337a4a6b7b01d617ecc730568b92e2f5cbfce79a5da60aa6,926454,1050,1050,PASS
43bc7c066dfb,APTOS_TRAIN,model/datasets/train_manifest.csv,data/aptos2019/train_images/43bc7c066dfb.png,0,1c45c317de4f52fbefc11487812d317d1515fc917ebcc194c4ecbf586b18cc2f,1099562,1050,1050,PASS
44a86263117b,APTOS_TRAIN,model/datasets/train_manifest.csv,data/aptos2019/train_images/44a86263117b.png,0,b92c9ddf7b84dec4b057144d2e1e54eb199be01496718b022cafc7e79d9a1bc9,952918,1050,1050,PASS
9be0683649ff,APTOS_TRAIN,model/datasets/train_manifest.csv,data/aptos2019/train_images/9be0683649ff.png,0,ba36e80fbf3d0cd6240cd0b0152b07ad05652585dec358b19685cf634963ff7b,1833579,2048,1536,PASS
3694e8c8e09a,APTOS_TRAIN,model/datasets/train_manifest.csv,data/aptos2019/train_images/3694e8c8e09a.png,0,42de7653040aed864be947e37b421093ad3b669ad34ebfc73a1532ed75571fe1,5407323,2588,1958,PASS
d2fb715b0c41,APTOS_TRAIN,model/datasets/train_manifest.csv,data/aptos2019/train_images/d2fb715b0c41.png,0,e8b75cb0e2fe365b3058700c3131484b50eda40935c93b1e060b532b9d1efeea,1088737,1050,1050,PASS
04a6fc58dabc,APTOS_TRAIN,model/datasets/train_manifest.csv,data/aptos2019/train_images/04a6fc58dabc.png,2,4c52ee51cc9776fb91976eae32cca56804ce5d1efc4a305e358838dee3d479a4,2357843,2416,1736,PASS
a4359815f152,APTOS_TRAIN,model/datasets/train_manifest.csv,data/aptos2019/train_images/a4359815f152.png,2,9561889fed61c25596ceff89696e869e0d58bb82b0d8cd28a3bbda028ef59d66,5299957,2588,1958,PASS
d6f36ec5564a,APTOS_TRAIN,model/datasets/train_manifest.csv,data/aptos2019/train_images/d6f36ec5564a.png,0,04d06e2aca6be6017d80fe2a33909139afc8e9b5ca29c391c0dad0fa373826ec,1915807,2048,1536,PASS
445a8a6da55c,APTOS_TRAIN,model/datasets/train_manifest.csv,data/aptos2019/train_images/445a8a6da55c.png,0,7d267e4b4aa5fc75973af9068f96e41f5ba1960ede75d7b80a55dbe5ca6aaaa8,915751,1050,1050,PASS
7fe7309d0b4f,APTOS_TRAIN,model/datasets/train_manifest.csv,data/aptos2019/train_images/7fe7309d0b4f.png,0,d4060138252f07f3eeef6a7a3680d39e06259c1760cb511c88875fa203f98ae8,1074454,1050,1050,PASS
bec0acd539b2,APTOS_TRAIN,model/datasets/train_manifest.csv,data/aptos2019/train_images/bec0acd539b2.png,3,c79bc5791bfdc01852a49a94cb4170117ddb874e18f5aff576d9b702e3968d89,2939800,3216,2136,PASS
519c6e8f78dc,APTOS_TRAIN,model/datasets/train_manifest.csv,data/aptos2019/train_images/519c6e8f78dc.png,0,4466c9013e91c0324f7636f770cba2e16c493e3b9646e8e6053b3b1386c3557c,1956196,2048,1536,PASS
bb11db08584a,APTOS_TRAIN,model/datasets/train_manifest.csv,data/aptos2019/train_images/bb11db08584a.png,1,b25d46e4602946cf80f001a76729e533d6ec22107dca809543169fc0b2259054,2553032,2416,1736,PASS
253e96488cfb,APTOS_TRAIN,model/datasets/train_manifest.csv,data/aptos2019/train_images/253e96488cfb.png,0,d02da2b8808532ac2b0cdd48e438af4962fb6ce25b7350fe78bb552330f98cc9,2146344,2416,1736,PASS
5173d54fc214,APTOS_TRAIN,model/datasets/train_manifest.csv,data/aptos2019/train_images/5173d54fc214.png,2,4c0a71e6239fd25755626fc8f02e6ddb77fa7cfd9ae4f5b4e753dc3d67186966,3139202,3216,2136,PASS
27e2be850a99,APTOS_TRAIN,model/datasets/train_manifest.csv,data/aptos2019/train_images/27e2be850a99.png,4,1fa0686481476c46baa7e660e8bce98c0b6794e50b539ff1a1b9e28e7f284a12,2178407,2416,1736,PASS
37c523296d42,APTOS_TRAIN,model/datasets/train_manifest.csv,data/aptos2019/train_images/37c523296d42.png,0,9c5cb405487f790f1c10cb6cb37f977f1b1d2426bd661d8c7f56cb3e7cc63c86,1055103,1050,1050,PASS
c261b1aaa828,APTOS_TRAIN,model/datasets/train_manifest.csv,data/aptos2019/train_images/c261b1aaa828.png,2,ee4ea63f89c7aab59d1ac2714d732bb2394703052a6aac9854af05b195451dcc,2332413,2416,1736,PASS
4e85aa647534,APTOS_TRAIN,model/datasets/train_manifest.csv,data/aptos2019/train_images/4e85aa647534.png,0,b7f3f8a567810d98c32d3e5a9e74e9beb7190522b34f73839b0c49e72b9bde6c,285889,819,614,PASS
9b0eb9f41da4,APTOS_TRAIN,model/datasets/train_manifest.csv,data/aptos2019/train_images/9b0eb9f41da4.png,2,de9756b57873fde4a844b6dfd30b126d99985ba7f7123eedb7e55eac80bd108c,5280997,2588,1958,PASS
9e5737f771c3,APTOS_TRAIN,model/datasets/train_manifest.csv,data/aptos2019/train_images/9e5737f771c3.png,0,cde054798806771ac42c04c3109021d6208b90bd6716c49510baea335ebc0ef2,1937998,2048,1536,PASS
e529c5757d64,APTOS_TRAIN,model/datasets/train_manifest.csv,data/aptos2019/train_images/e529c5757d64.png,0,d6fb53a84afe46aafc91d834ff678961fb5492eb634307e0f6f7a77b90f99287,274868,819,614,PASS
1124ffcd76c2,APTOS_TRAIN,model/datasets/train_manifest.csv,data/aptos2019/train_images/1124ffcd76c2.png,2,c6aa52a3174ae103272c5db1a23b48147b30f2267869cff89898001ab9625c17,7039820,3388,2588,PASS
8d4ff745a409,APTOS_TRAIN,model/datasets/train_manifest.csv,data/aptos2019/train_images/8d4ff745a409.png,0,1c18cc2e8773e609b2c102d630c8af06927a6addc577165e913c6d39fdc468fd,979766,1050,1050,PASS
51269b77d312,APTOS_TRAIN,model/datasets/train_manifest.csv,data/aptos2019/train_images/51269b77d312.png,3,fa2fbfc7c7bf975f05ffa3c0c8f918eafcdf9b2cdf48b929ddb8b6b9963977da,2451030,2416,1736,PASS
72606afaf3da,APTOS_TRAIN,model/datasets/train_manifest.csv,data/aptos2019/train_images/72606afaf3da.png,0,810b15e834796bdc54b0690897efc190123e0ec8fde8f24586d9aeab087eb449,2022893,2048,1536,PASS
dbfd238b3468,APTOS_TRAIN,model/datasets/train_manifest.csv,data/aptos2019/train_images/dbfd238b3468.png,3,1b2dcafbda6c78ca9c17a456b442b47ed1ef11a22fef44dade2366a22888374d,5411438,2588,1958,PASS
5f51192841f7,APTOS_TRAIN,model/datasets/train_manifest.csv,data/aptos2019/train_images/5f51192841f7.png,0,9c4a5305268b07ce8a4d8c5ee99035ffbef035905746dfaba794089bd52fecea,934060,1050,1050,PASS
78bcdffb8785,APTOS_TRAIN,model/datasets/train_manifest.csv,data/aptos2019/train_images/78bcdffb8785.png,1,0273872278d6456d4017e4ac8870e749e25d80e38396d8efe2a65bcf7f70fb60,1065815,1844,1226,PASS
0da321efbce6,APTOS_TRAIN,model/datasets/train_manifest.csv,data/aptos2019/train_images/0da321efbce6.png,0,77708ab13a227873e781aa10559ed84bdf0ba254a5c8d0360e7f9737b1b27268,347066,819,614,PASS
af5a0bc4e1fa,APTOS_TRAIN,model/datasets/train_manifest.csv,data/aptos2019/train_images/af5a0bc4e1fa.png,0,f29ce23b731e8c9ee78c5141a0a77249a801bc7c0e815426023c1a2340cfb66d,397111,819,614,PASS
a2b97d98f130,APTOS_TRAIN,model/datasets/train_manifest.csv,data/aptos2019/train_images/a2b97d98f130.png,0,b33b01b39d38ec2b1312f009a266064c2ed5d214582823682ea1d8342255fa22,5275064,2588,1958,PASS
c21eb81de9fc,APTOS_TRAIN,model/datasets/train_manifest.csv,data/aptos2019/train_images/c21eb81de9fc.png,0,043b193ab2cc90c31d7af3fef63376f608a5b4c03d2f42c977d3b086efd0c535,316825,819,614,PASS
76cb010f7aa0,APTOS_TRAIN,model/datasets/train_manifest.csv,data/aptos2019/train_images/76cb010f7aa0.png,0,5bca9e688d999ab1663bb134a536b04a71b2b633a727257523051fb0ab9afa24,1939970,2048,1536,PASS
7d8f67cadc29,APTOS_TRAIN,model/datasets/train_manifest.csv,data/aptos2019/train_images/7d8f67cadc29.png,2,3f2cf64779adecef8381995229fabcf26cfa9dc4875b9648d10dc647d80901e0,2511215,3216,2136,PASS
a821b6ecef33,APTOS_TRAIN,model/datasets/train_manifest.csv,data/aptos2019/train_images/a821b6ecef33.png,0,19daee3ec091d12bae2b9b98ab443cb5b3281a20fd49d78d63bb5cf6ea7f14db,319828,819,614,PASS
c96f743915b5,APTOS_TRAIN,model/datasets/train_manifest.csv,data/aptos2019/train_images/c96f743915b5.png,1,a8d287c0ecb29fddb9288cac3969ee546d61ffdfa1e742864ae123b6dc308b93,1893500,2416,1736,PASS
c18a006f7f1d,APTOS_TRAIN,model/datasets/train_manifest.csv,data/aptos2019/train_images/c18a006f7f1d.png,0,3528e0a05e83f83de222cbb603f27a66700bd82685ce922ee61a0aa1200a7e2f,1035232,1050,1050,PASS
07e827469099,APTOS_TRAIN,model/datasets/train_manifest.csv,data/aptos2019/train_images/07e827469099.png,0,80edc22a5a04e392a5b99996fc798cf223de9a7791f0482f0299e4923ef38117,1887322,2048,1536,PASS
88e4399d207c,APTOS_TRAIN,model/datasets/train_manifest.csv,data/aptos2019/train_images/88e4399d207c.png,0,e3a99757c65fab81591ddfe8cbdd29728448605d4169435d610d214ce9e0088a,1035365,1050,1050,PASS
869bbd3170cc,APTOS_TRAIN,model/datasets/train_manifest.csv,data/aptos2019/train_images/869bbd3170cc.png,2,1ab18a5b3a5d005a1bf5f5a0fe6c3a311e4ea298468b949e4052b60473acfda9,2905871,3216,2136,PASS
2ecbc2e3f239,APTOS_TRAIN,model/datasets/train_manifest.csv,data/aptos2019/train_images/2ecbc2e3f239.png,1,0f4293edfb9c83cf06216f368c19917944e894e51bc711c0845d3a595426095c,4160047,3388,2588,PASS
1633f8291a80,APTOS_TRAIN,model/datasets/train_manifest.csv,data/aptos2019/train_images/1633f8291a80.png,0,4b6c883b364265cffde8b2bcfdc168cf8564bb02d3d57e3afe4b1d07d71c05e1,286240,819,614,PASS
a247961a5cd9,APTOS_TRAIN,model/datasets/train_manifest.csv,data/aptos2019/train_images/a247961a5cd9.png,0,c4035b1d4cbf45f45e876a6c4d23f6c4466553fe64d296645341f1048d28568c,1105008,1050,1050,PASS
49d69c4c6290,APTOS_TRAIN,model/datasets/train_manifest.csv,data/aptos2019/train_images/49d69c4c6290.png,2,67973b7664989e093e80aba24f158c7e17d161859c1e2d212e494014f20a7be7,2155421,2416,1736,PASS
e3e490babc0c,APTOS_TRAIN,model/datasets/train_manifest.csv,data/aptos2019/train_images/e3e490babc0c.png,2,6fe54a20167fa1d9371d427f52adbd669c46e63714bf786b49716e4d72323de4,1948601,2416,1736,PASS
c3d12a23f451,APTOS_TRAIN,model/datasets/train_manifest.csv,data/aptos2019/train_images/c3d12a23f451.png,4,c35ecfadffb93b8d9584a5b7f4763a49d38876c501349602e24225826b4e9591,5372890,2588,1958,PASS
1116271db4ea,APTOS_TRAIN,model/datasets/train_manifest.csv,data/aptos2019/train_images/1116271db4ea.png,1,d4e0735570163539aaa5a934030126d31b55ea45f8e28739f9b0bd0e35e77f86,2200270,2416,1736,PASS
f61bf44c677c,APTOS_TRAIN,model/datasets/train_manifest.csv,data/aptos2019/train_images/f61bf44c677c.png,2,1ba2386fe0234a110ab4ab918d17ec3c3d36465a20e191f572b606efe566f64d,7218549,3388,2588,PASS
521b5377a727,APTOS_TRAIN,model/datasets/train_manifest.csv,data/aptos2019/train_images/521b5377a727.png,0,867383d813c4b60c5d9a85ba9e3450178a5ce2724bac3da4054f75b5a0f38a39,314701,819,614,PASS
d4be0403e6ab,APTOS_TRAIN,model/datasets/train_manifest.csv,data/aptos2019/train_images/d4be0403e6ab.png,2,943aeea5df495e15aadf06702a4074a8e3dcdcc6391b740b0c0c819356ff3edb,957715,1050,1050,PASS
2cbfc6182ba2,APTOS_TRAIN,model/datasets/train_manifest.csv,data/aptos2019/train_images/2cbfc6182ba2.png,2,3d645581a8f192ec502f6127f65691f7b00b3831b03500ba055cd4501aeabde1,3616893,3216,2136,PASS
80c67efc8101,APTOS_TRAIN,model/datasets/train_manifest.csv,data/aptos2019/train_images/80c67efc8101.png,0,3daac7b26ac3976527b6a15b0fe3646f11096860803878d7b3bbf9fb597a5b7b,943058,1050,1050,PASS
bf7047dc683c,APTOS_TRAIN,model/datasets/train_manifest.csv,data/aptos2019/train_images/bf7047dc683c.png,2,c56f332640a79d505b5ff7c10c915322917bed45d17e7da35f9eeba8424bd613,2347609,2416,1736,PASS
8aab201c0691,APTOS_TRAIN,model/datasets/train_manifest.csv,data/aptos2019/train_images/8aab201c0691.png,2,dc139ec38649de77471d443c262b25b97a58dbf81aa6a1eb6c2c58d2ac08836f,891842,1844,1226,PASS
c4aef0d88d1b,APTOS_TRAIN,model/datasets/train_manifest.csv,data/aptos2019/train_images/c4aef0d88d1b.png,0,9f755369fdafac24ff94383b15c54c45865d2987520fb3e84be022b8f665e43b,876610,1050,1050,PASS
5879285f9d8d,APTOS_TRAIN,model/datasets/train_manifest.csv,data/aptos2019/train_images/5879285f9d8d.png,1,eaeef761a5aa6eaccdb128fa901a863fac921a11dc5a9d007153bae6c5d5f43b,5662214,2588,1958,PASS
033f2b43de6d,APTOS_TRAIN,model/datasets/train_manifest.csv,data/aptos2019/train_images/033f2b43de6d.png,2,62701138799d0a67da35ec0248600ef5ca1b22cb4156c4fa5789ce4a2b656857,5020058,2588,1958,PASS
ae1344610ebe,APTOS_TRAIN,model/datasets/train_manifest.csv,data/aptos2019/train_images/ae1344610ebe.png,2,175e553b42f5a1997fc53a0c05573f64c4350a661127454cd511854133267d72,1051502,1844,1226,PASS
e540d2e35d15,APTOS_TRAIN,model/datasets/train_manifest.csv,data/aptos2019/train_images/e540d2e35d15.png,2,fa168e663c18f8505f9fa90c12499374a135e8edba2fa480de22a11501c1d414,2024194,2416,1736,PASS
d7ac4a0c9760,APTOS_TRAIN,model/datasets/train_manifest.csv,data/aptos2019/train_images/d7ac4a0c9760.png,0,7a8aa97f16546592ccf053916ebb12d289217a82b2780f97c05a435916e9447c,969148,1050,1050,PASS
28f73575e1f2,APTOS_TRAIN,model/datasets/train_manifest.csv,data/aptos2019/train_images/28f73575e1f2.png,0,3bb88f5258be36342f412120a330d9b23b9d08850927b1ecbcadb3daa2ab290f,301770,819,614,PASS
3730c322d35b,APTOS_TRAIN,model/datasets/train_manifest.csv,data/aptos2019/train_images/3730c322d35b.png,0,9b929efa9eff2e1193ca8e0319663937b10cdb1c7ab190efd68790be1957f1b4,997216,1050,1050,PASS
e93394175a19,APTOS_TRAIN,model/datasets/train_manifest.csv,data/aptos2019/train_images/e93394175a19.png,3,647e20bcbce93e67af6b019b6fc94717f4a2dbc2041976861d057059ed5ad2ef,3057116,3216,2136,PASS
a5bb85afc6e8,APTOS_TRAIN,model/datasets/train_manifest.csv,data/aptos2019/train_images/a5bb85afc6e8.png,0,9c8f7c2f5873e955193ae47a59a7522a62465ee18a90728ec84fd9d09c845774,1044879,1050,1050,PASS
1b329a127307,APTOS_TRAIN,model/datasets/train_manifest.csv,data/aptos2019/train_images/1b329a127307.png,1,a30d9ed1f2ead0aa5692c547d0e41ff7a572996250cd067ba256458901c0f5c9,5269196,2588,1958,PASS
db4ed1e07aa3,APTOS_TRAIN,model/datasets/train_manifest.csv,data/aptos2019/train_images/db4ed1e07aa3.png,1,323f9896a183e055b2f835f85be7fa4234bfe793c2b2fbd4f183dde1c248c79f,3950310,2588,1958,PASS
2ef4a04aed1b,APTOS_TRAIN,model/datasets/train_manifest.csv,data/aptos2019/train_images/2ef4a04aed1b.png,0,90406978e1573a89758b12f185ba62fc2828cd027ec70a98523ae9d346757960,1029666,1050,1050,PASS
be521870a0ea,APTOS_TRAIN,model/datasets/train_manifest.csv,data/aptos2019/train_images/be521870a0ea.png,0,575969bbec4a3cfd31adc5196a84384c2acd6016abda80b6b1264585f91679ac,331299,819,614,PASS
f68690db78d3,APTOS_TRAIN,model/datasets/train_manifest.csv,data/aptos2019/train_images/f68690db78d3.png,0,bb24c315830137cb26cc791bb50e62aa62ef2fc20a797b35c5b732ff798c265e,1897644,2048,1536,PASS
b5834ee64541,APTOS_TRAIN,model/datasets/train_manifest.csv,data/aptos2019/train_images/b5834ee64541.png,3,d76bbcf216ba01da575ea8c3f153013c7724fb88c5fdaf5d68f15ca2d4f8898c,1923632,2416,1736,PASS
555d0bef3c5b,APTOS_TRAIN,model/datasets/train_manifest.csv,data/aptos2019/train_images/555d0bef3c5b.png,0,72ede8cba239c2bc8837f7a7b7b9d803087ccb04d1882f5418d749f9f2641ec8,915638,1050,1050,PASS
57a5f1015504,APTOS_TRAIN,model/datasets/train_manifest.csv,data/aptos2019/train_images/57a5f1015504.png,2,63a6cd4dec3c603fad4d0cb207b792f0ed578bbdb972f8beab14ffb7ca2678ee,2483704,3216,2136,PASS
35777eb7859d,APTOS_TRAIN,model/datasets/train_manifest.csv,data/aptos2019/train_images/35777eb7859d.png,0,28490c8bcd53c3388ae953d9e2670371f736cdec02b39d645c023f23c81f75ab,5499732,2588,1958,PASS
8bbd7835e9aa,APTOS_TRAIN,model/datasets/train_manifest.csv,data/aptos2019/train_images/8bbd7835e9aa.png,1,fe327c4268e9222f4721fc28dee8e397511b80812383d6349af75dc69fda5a9d,2401672,2416,1736,PASS
ba0107fb1bfd,APTOS_TRAIN,model/datasets/train_manifest.csv,data/aptos2019/train_images/ba0107fb1bfd.png,0,ff8fc389699dcff9683cf5b388f9ba80846974bab8e194af615a0a881892fd70,1008651,1050,1050,PASS
8e67f2d7e0ee,APTOS_TRAIN,model/datasets/train_manifest.csv,data/aptos2019/train_images/8e67f2d7e0ee.png,0,d27676d246d8f2e2241eca83b9d471b35c7e756748d5da83a0cb1a370d4401dc,1039346,1050,1050,PASS
c6e1e9fbf39b,APTOS_TRAIN,model/datasets/train_manifest.csv,data/aptos2019/train_images/c6e1e9fbf39b.png,2,ffc2a9778450431ea104cc370bedfab154bcb0b8a2ce04a1ea4620aee4519a7c,2316839,2416,1736,PASS
a66c3165876f,APTOS_TRAIN,model/datasets/train_manifest.csv,data/aptos2019/train_images/a66c3165876f.png,2,c091a2527e142a1d4e947390b4ff9aa6a9fd17d264b84f08b0cc0912bd532ab2,2019004,2416,1736,PASS
83e529e95b0e,APTOS_TRAIN,model/datasets/train_manifest.csv,data/aptos2019/train_images/83e529e95b0e.png,1,2222b3310184df68156114fae56c9445ab42377385fd686ba69fe083d9d0d50a,2162807,2416,1736,PASS
dccdf750c962,APTOS_TRAIN,model/datasets/train_manifest.csv,data/aptos2019/train_images/dccdf750c962.png,0,3c3ec88be87f97f742541001a08589db2492c69ba49cb264a500a5234eb475ad,999420,1050,1050,PASS
e4730ddde408,APTOS_TRAIN,model/datasets/train_manifest.csv,data/aptos2019/train_images/e4730ddde408.png,4,ee8e060664139bf102aaa5ef7f5fb856d91debec2bad25259eed3ce230a056ee,2958821,3216,2136,PASS
fd079d2e93a2,APTOS_TRAIN,model/datasets/train_manifest.csv,data/aptos2019/train_images/fd079d2e93a2.png,0,6663c80ea7aec3cd4b605f51773d790de1366e81af4d002dae6d2c80bb8798cc,1049669,1050,1050,PASS
82e5bc01f8a4,APTOS_TRAIN,model/datasets/train_manifest.csv,data/aptos2019/train_images/82e5bc01f8a4.png,0,5d2fc00e4d92e03ad5abec465a6800edc45f5afc74fc218635586e6ef2114368,1005672,1050,1050,PASS
f48241b0c995,APTOS_TRAIN,model/datasets/train_manifest.csv,data/aptos2019/train_images/f48241b0c995.png,0,9db4e987e0537ed87c3d72ab84827fe62e12f262fbb45024c01520f173b07d8c,1919746,2048,1536,PASS
246e4506824a,APTOS_TRAIN,model/datasets/train_manifest.csv,data/aptos2019/train_images/246e4506824a.png,2,ba9ec23fcd6fb6f1c3e6eae23a7a52fe54e11ad0514ea72a35b192f7e102df28,2410264,3216,2136,PASS
331b87d1b9d1,APTOS_TRAIN,model/datasets/train_manifest.csv,data/aptos2019/train_images/331b87d1b9d1.png,2,b457465df8f487c29d528ebdaa81ed47af01affd9f445cedf80bb12507ca1da0,1883559,2416,1736,PASS
ecb4500285ed,APTOS_TRAIN,model/datasets/train_manifest.csv,data/aptos2019/train_images/ecb4500285ed.png,0,8236dbbdc0b87f4c2a00fa823711f74c7f417449171734010b44b85a962e9011,315036,819,614,PASS
74418f620068,APTOS_TRAIN,model/datasets/train_manifest.csv,data/aptos2019/train_images/74418f620068.png,2,2f366e6b6d62ad7401e5f44af33bba8388a71624b4c7c85b65049cf5466428df,2997427,3216,2136,PASS
b35cad8fe2d7,APTOS_TRAIN,model/datasets/train_manifest.csv,data/aptos2019/train_images/b35cad8fe2d7.png,0,2b23362e1cfeb22179aa8d126bb683602ba70e6332818f79ff980ae9bd194ed4,5568144,2588,1958,PASS
907aaff827e5,APTOS_TRAIN,model/datasets/train_manifest.csv,data/aptos2019/train_images/907aaff827e5.png,2,df405654ee6c461ce18298bde8e575dba4d2afe3de408dba690e3a3c85cd0d66,3459703,3216,2136,PASS
8bed09514c3b,APTOS_TRAIN,model/datasets/train_manifest.csv,data/aptos2019/train_images/8bed09514c3b.png,4,c4de02b4522df50ab229d52b4eb110e1746211390598a5bb2f5db0aa535e3237,1860463,2416,1736,PASS
3ac3fbfca7d4,APTOS_TRAIN,model/datasets/train_manifest.csv,data/aptos2019/train_images/3ac3fbfca7d4.png,4,476ff4008284290339636f8a71d3521d84c614d4dc8a54612210490c9564b700,2500703,3216,2136,PASS
f8d62557ad0c,APTOS_TRAIN,model/datasets/train_manifest.csv,data/aptos2019/train_images/f8d62557ad0c.png,0,46d6f7e0080a3f42ffa36fbfb301de13dbbf3d8684a54be5b7089414ad327539,346871,819,614,PASS
6fe67fd7f5d1,APTOS_TRAIN,model/datasets/train_manifest.csv,data/aptos2019/train_images/6fe67fd7f5d1.png,0,0d08324aa35c70eebee435f4a6f2994dfab6c6f70b909fbd48f5a5feafcc9d72,1095833,1050,1050,PASS
65f69234c8a7,APTOS_TRAIN,model/datasets/train_manifest.csv,data/aptos2019/train_images/65f69234c8a7.png,0,ae52e94c3fec0612b830df4b6b8c947850cfa15513b5a999e5478e1484a7ebe5,1007066,1050,1050,PASS
4350a1b2f3cb,APTOS_TRAIN,model/datasets/train_manifest.csv,data/aptos2019/train_images/4350a1b2f3cb.png,0,b0873d6470a2143580baa84d99e2bfcf445300a3a28392db64d21a15335f23f3,895797,1050,1050,PASS
66460ecab347,APTOS_TRAIN,model/datasets/train_manifest.csv,data/aptos2019/train_images/66460ecab347.png,0,850ae949955163578173a9fc00a271ce75e53b097db756942bb2c9c42942383a,1760429,2048,1536,PASS
291f581d365e,APTOS_TRAIN,model/datasets/train_manifest.csv,data/aptos2019/train_images/291f581d365e.png,0,819b0662ba5b0663cfd36f75c9e504bb05143f196b3cf398223f34809a767525,2189478,2416,1736,PASS
cd972e5639e0,APTOS_TRAIN,model/datasets/train_manifest.csv,data/aptos2019/train_images/cd972e5639e0.png,4,0858449eda73a42c62503f10eca2dc46686149769f5631f6c1dcd80e1b71c543,5308753,2588,1958,PASS
164cd5a3a6cd,APTOS_TRAIN,model/datasets/train_manifest.csv,data/aptos2019/train_images/164cd5a3a6cd.png,0,cb06d6ee01a9ea1114f3c1d4a046762d88899201ce958e1fc84f2209e50b4d0f,1986967,2588,1958,PASS
2f5c9cdfb333,APTOS_TRAIN,model/datasets/train_manifest.csv,data/aptos2019/train_images/2f5c9cdfb333.png,2,094d05525d281ba558ca9bf7d03f00f6c22d5a694706aacf10c3e9a51a1a7701,5390792,2588,1958,PASS
50840c36f0b4,APTOS_TRAIN,model/datasets/train_manifest.csv,data/aptos2019/train_images/50840c36f0b4.png,1,d99e71dfe9fef4309a378a7903713d341d8bebfcdcf6b48f26af3ebe5f2be6d6,5598006,2588,1958,PASS
a96ff96bbae5,APTOS_TRAIN,model/datasets/train_manifest.csv,data/aptos2019/train_images/a96ff96bbae5.png,0,30d71a6a12f48f22614b8850ae5ae580f2ba4c78cac21d8ecd6d81984b0fc8b6,953888,1050,1050,PASS
22a6da005395,APTOS_TRAIN,model/datasets/train_manifest.csv,data/aptos2019/train_images/22a6da005395.png,1,d82a5ce42093cef3e935dc97732480e4362f28b4af4e9b143fad225790d94916,2206163,2416,1736,PASS
2a2274bcb00a,APTOS_TRAIN,model/datasets/train_manifest.csv,data/aptos2019/train_images/2a2274bcb00a.png,0,934336a7286443756cfeace88489664b4511aad8ce068dc6bc715e2cbfe9125d,5659335,2588,1958,PASS
b16dd4483ca5,APTOS_TRAIN,model/datasets/train_manifest.csv,data/aptos2019/train_images/b16dd4483ca5.png,0,80d100bedc1255c9c4760384d1628b6666bbb7307a7e6c9656d9ddc56fdfd516,1915706,2048,1536,PASS
4e6071b73120,APTOS_TRAIN,model/datasets/train_manifest.csv,data/aptos2019/train_images/4e6071b73120.png,1,fa928112a90c5a7baf61988f5432c856d5276c6427dfd0c68638fa205fc0aedb,999595,1844,1226,PASS
6daef3e5ca22,APTOS_TRAIN,model/datasets/train_manifest.csv,data/aptos2019/train_images/6daef3e5ca22.png,4,5c3a5f76f8c35965a64fe53107fd320695200df8a7d6337f59c3582253e45e25,833906,1844,1226,PASS
099021fac3c9,APTOS_TRAIN,model/datasets/train_manifest.csv,data/aptos2019/train_images/099021fac3c9.png,0,9eb972d4cf5d98648331c134a592f45d18d24bc479c93989d0dcb916844f6c70,1801457,2048,1536,PASS
07a2b8cabf6b,APTOS_TRAIN,model/datasets/train_manifest.csv,data/aptos2019/train_images/07a2b8cabf6b.png,0,e6cf87e6d411cf81c002b9cf984860b670affc51cb3f427835f168e51b1170ba,1055945,1050,1050,PASS
461fa5292fda,APTOS_TRAIN,model/datasets/train_manifest.csv,data/aptos2019/train_images/461fa5292fda.png,0,c4db37a6e12e08c7b5e41778a83884184f73923e5c13eb4400b33f759f4c8881,1056856,1050,1050,PASS
35d6c4c50072,APTOS_TRAIN,model/datasets/train_manifest.csv,data/aptos2019/train_images/35d6c4c50072.png,1,ad759b75ac5f117c75b291eb6d1514a455d647eae813b70a7ee9b7682216ae1a,2032263,2416,1736,PASS
c639d837f5e4,APTOS_TRAIN,model/datasets/train_manifest.csv,data/aptos2019/train_images/c639d837f5e4.png,0,36f9520af8eba30e5a7682895191533f67aba9ef650ce4c44fe71d9f5de416df,1908961,2048,1536,PASS
1caba2fb38f6,APTOS_TRAIN,model/datasets/train_manifest.csv,data/aptos2019/train_images/1caba2fb38f6.png,0,7ed5fd3e6277c173f455464ca5e54fab0d99d99e1e714446ff6d18e002fed73b,1050818,1050,1050,PASS
4d1e7def7624,APTOS_TRAIN,model/datasets/train_manifest.csv,data/aptos2019/train_images/4d1e7def7624.png,0,c1e916553e8569b39728c278d63da061da199020e71432c2016a40fff06351ff,5296046,2588,1958,PASS
ce887b196c23,APTOS_TRAIN,model/datasets/train_manifest.csv,data/aptos2019/train_images/ce887b196c23.png,2,d949f1b5ffb33d227ef3b6c43299bb8fed54ccda62a234d403f8ccf1975fe6b6,1310537,1504,1000,PASS
35beb47fe159,APTOS_TRAIN,model/datasets/train_manifest.csv,data/aptos2019/train_images/35beb47fe159.png,0,85d62e20a4131d96fac28aa354a388fcd1eedca96d030c8a2f99ea2abb7ff125,1023076,1050,1050,PASS
4eabad7948cf,APTOS_TRAIN,model/datasets/train_manifest.csv,data/aptos2019/train_images/4eabad7948cf.png,0,cd5b8b451d824cbad6fc9f0d62189f423011522fc26a9abd8ac8a1dc2827d23d,1769165,2048,1536,PASS
bb08949dd70a,APTOS_TRAIN,model/datasets/train_manifest.csv,data/aptos2019/train_images/bb08949dd70a.png,0,0156f0d8ff474f9bcc4a25ddaa765a82359ad7ee285b1de02fb30b6ddc4fb55e,361918,819,614,PASS
f86d1c404acb,APTOS_TRAIN,model/datasets/train_manifest.csv,data/aptos2019/train_images/f86d1c404acb.png,0,49aaf290c8e218db1888301a88b366406d9ea9f42f6b44090b068e2e0581f818,333054,819,614,PASS
8eb3337a54e9,APTOS_TRAIN,model/datasets/train_manifest.csv,data/aptos2019/train_images/8eb3337a54e9.png,2,d1c5d595bbe0372989216092b08b6da6a1b79fa5925a95a04922821a3bde4590,1969450,3216,2136,PASS
24f271c87e73,APTOS_TRAIN,model/datasets/train_manifest.csv,data/aptos2019/train_images/24f271c87e73.png,0,3168384aff0c6d18e7befa54277789bc6a423628294c9db9a144e3cf37fc5836,5559489,2588,1958,PASS
a06e41bd2634,APTOS_TRAIN,model/datasets/train_manifest.csv,data/aptos2019/train_images/a06e41bd2634.png,2,14bf8b458d92eab381735e053d7ce0db1dfacb20d9ccdfc22538cddd4e322887,2415730,2416,1736,PASS
2dd28ac497d2,APTOS_TRAIN,model/datasets/train_manifest.csv,data/aptos2019/train_images/2dd28ac497d2.png,0,fc9ade653d8fef89feec1c77ddb16a35e06189920b767c89a9704791a9986638,1034294,1050,1050,PASS
4403538fb50f,APTOS_TRAIN,model/datasets/train_manifest.csv,data/aptos2019/train_images/4403538fb50f.png,0,071e3c7f517d2555611a7956e5228760499245a730356bbda718a9d3a348f207,983106,1050,1050,PASS
7269a1d84a57,APTOS_TRAIN,model/datasets/train_manifest.csv,data/aptos2019/train_images/7269a1d84a57.png,0,3f4d876907b5d25ea8e8eeb4954058b9529c6b85c9e158eb4f357586a721bf95,1800459,2048,1536,PASS
5b644a403e1f,APTOS_TRAIN,model/datasets/train_manifest.csv,data/aptos2019/train_images/5b644a403e1f.png,2,4597d78d7b7e858616631a4b5caa7d0b0d9a99feae988cc5fe526374ddcd7242,2361614,2416,1736,PASS
f1979147aad4,APTOS_TRAIN,model/datasets/train_manifest.csv,data/aptos2019/train_images/f1979147aad4.png,0,3da9693c71ffce378e4f2b56fc3f3c90137be71904c8342d036c3bb1980ca9a7,5367061,2588,1958,PASS
7335a2d43ada,APTOS_TRAIN,model/datasets/train_manifest.csv,data/aptos2019/train_images/7335a2d43ada.png,1,08d63bc3daa370102d5948e3c422568f7bf9343c5296424fa9a531e4b924413d,5659218,4288,2848,PASS
262ad704319c,APTOS_TRAIN,model/datasets/train_manifest.csv,data/aptos2019/train_images/262ad704319c.png,4,bb52323813005f117ee13df888d9ceef3ae49d9c4ecd19ce70b6d3036a86d876,326057,640,480,PASS
83d81ba5959c,APTOS_TRAIN,model/datasets/train_manifest.csv,data/aptos2019/train_images/83d81ba5959c.png,0,efa17db3e85e5b15f2be5069a0ab4af7d375207d2ce9c4ad76e07618291d40e8,1942566,2048,1536,PASS
e47452069ea1,APTOS_TRAIN,model/datasets/train_manifest.csv,data/aptos2019/train_images/e47452069ea1.png,0,f73325f393d723f8b9c21d318cf6e611bb1589bc6bb75c15b973152bf6e2cc64,1736091,2048,1536,PASS
362c4a96cebb,APTOS_TRAIN,model/datasets/train_manifest.csv,data/aptos2019/train_images/362c4a96cebb.png,2,af0eb7c7450c52d51918f1629c6fa69278eca49f64e0d30e2bb25dc828a053fe,5674493,4288,2848,PASS
81bc03e2ff2b,APTOS_TRAIN,model/datasets/train_manifest.csv,data/aptos2019/train_images/81bc03e2ff2b.png,2,886f998fda3446e28004d1ac1cb4c4d4537f483e86289e5f9ea1613eebf8c217,2798007,3216,2136,PASS
b6fd109b1bc9,APTOS_TRAIN,model/datasets/train_manifest.csv,data/aptos2019/train_images/b6fd109b1bc9.png,0,a47007984872f3a61dd62a873957a40004e0665797aea709f2be17df28d0986e,5128914,2588,1958,PASS
663a923d5398,APTOS_TRAIN,model/datasets/train_manifest.csv,data/aptos2019/train_images/663a923d5398.png,2,f25ea819287eaf694e62f08f0d97f294994dad02c6ceac4a1d95d6f5f28163b2,5171821,2588,1958,PASS
835b9f6e12ba,APTOS_TRAIN,model/datasets/train_manifest.csv,data/aptos2019/train_images/835b9f6e12ba.png,0,a24a6e6d5a8b9263264541491969bda17a110fddec152f310a21ecd0bb043528,805041,1050,1050,PASS
c80b0f27541a,APTOS_TRAIN,model/datasets/train_manifest.csv,data/aptos2019/train_images/c80b0f27541a.png,0,2c6242788d63ee0cc226cb28727e1cf867a47e99312bc456bbec5e025955ea99,5298492,2588,1958,PASS
166068a24416,APTOS_TRAIN,model/datasets/train_manifest.csv,data/aptos2019/train_images/166068a24416.png,3,1e8fe2d536ffef3fd5edc11831458042ec1802d28fffff1a542955e419d185f1,2074057,2416,1736,PASS
5eb8fb1aad41,APTOS_TRAIN,model/datasets/train_manifest.csv,data/aptos2019/train_images/5eb8fb1aad41.png,0,48d37a60f831270eef2b0f88e57b36799a795aebd0fd278e6b0c854bcd520852,1049056,1050,1050,PASS
08c60c647673,APTOS_TRAIN,model/datasets/train_manifest.csv,data/aptos2019/train_images/08c60c647673.png,0,7d3614aef32bd6320fec74c28ca67eccb8486d5eb6abb66393d705e66df689a1,5381313,2588,1958,PASS
3b5dffe159b6,APTOS_TRAIN,model/datasets/train_manifest.csv,data/aptos2019/train_images/3b5dffe159b6.png,0,08710b5a5409d599ef71d987665ceeaed1d67e52e93d9e100bb0adfbc08571e0,1026730,1050,1050,PASS
215d2b7c3fde,APTOS_TRAIN,model/datasets/train_manifest.csv,data/aptos2019/train_images/215d2b7c3fde.png,0,fed56a3479dbeb3cc7d46deb65ac478ede80dd238eb99e49e7ad1685c608beec,347022,819,614,PASS
a06e5ac695ce,APTOS_TRAIN,model/datasets/train_manifest.csv,data/aptos2019/train_images/a06e5ac695ce.png,0,3a8586d11e7f0ff662a0071f2dab50953eafadff59c94da3ba0620d1ff96ad66,1907896,2048,1536,PASS
9837048b85dc,APTOS_TRAIN,model/datasets/train_manifest.csv,data/aptos2019/train_images/9837048b85dc.png,2,d4ad22f94ba145557035319988c6fe75c62343ee974af02e9c7471cb35a95e21,1486651,1504,1000,PASS
9a9b21215c55,APTOS_TRAIN,model/datasets/train_manifest.csv,data/aptos2019/train_images/9a9b21215c55.png,2,6dae7dc91c69d332b96dc8fef31c234cfc61c1ea92203de1ad9600a62c43fc4e,4944679,2588,1958,PASS
eae70f527755,APTOS_TRAIN,model/datasets/train_manifest.csv,data/aptos2019/train_images/eae70f527755.png,0,20c2ecce06875f7582cff3d8b1da2236a43dbf74c87439daadfb74fd92d78920,951084,1050,1050,PASS
f481f76a6b75,APTOS_TRAIN,model/datasets/train_manifest.csv,data/aptos2019/train_images/f481f76a6b75.png,1,28d7253d4fc01bfadf3021f5339a0fbdada4c89889a9c2151d88802f95d89104,2254923,2416,1736,PASS
eeaea2c5ff34,APTOS_TRAIN,model/datasets/train_manifest.csv,data/aptos2019/train_images/eeaea2c5ff34.png,0,2cee0f544fd259df35cadd54187b6e838bf7dd4f2356576cfcb3823582ef7787,1840978,2048,1536,PASS
c7d0deb71576,APTOS_TRAIN,model/datasets/train_manifest.csv,data/aptos2019/train_images/c7d0deb71576.png,0,ed75f8de1427005082f421ddbf8387694b192c40f716315805fbb357ed4b11f7,962184,1050,1050,PASS
6061f5b7378d,APTOS_TRAIN,model/datasets/train_manifest.csv,data/aptos2019/train_images/6061f5b7378d.png,3,027621e935295d0bdeb477ad9338c554f194dd6497a561a3a38d85d717e26239,1769837,2896,1944,PASS
369229040a34,APTOS_TRAIN,model/datasets/train_manifest.csv,data/aptos2019/train_images/369229040a34.png,0,acea1be6fb00bb8ef4b9ac1616f7deba5287309c7127eb74811a0fd34e2e8c08,941562,1050,1050,PASS
4f0866b90c27,APTOS_TRAIN,model/datasets/train_manifest.csv,data/aptos2019/train_images/4f0866b90c27.png,3,4bb347e1f97b70c340cb302f974f8613cecf60214357713bd7bcaf5770b3f23d,2006556,2896,1944,PASS
8ab8d9b3ce3f,APTOS_TRAIN,model/datasets/train_manifest.csv,data/aptos2019/train_images/8ab8d9b3ce3f.png,2,b8617f0a99ca6c90d771f03dcae91142d75aabb8944790d99b183351d43a2384,3505054,3216,2136,PASS
df0886f1e76b,APTOS_TRAIN,model/datasets/train_manifest.csv,data/aptos2019/train_images/df0886f1e76b.png,0,228e8591dee80f2c551468f1739eef906f09865365094e26a220fa880e7cc929,1934496,2048,1536,PASS
aa6673241154,APTOS_TRAIN,model/datasets/train_manifest.csv,data/aptos2019/train_images/aa6673241154.png,4,3e516efbea8640a2717352d5e2962357e0681191f66c9219f9bbe7523ec793df,2155280,2416,1736,PASS
e77a93c3d9a9,APTOS_TRAIN,model/datasets/train_manifest.csv,data/aptos2019/train_images/e77a93c3d9a9.png,0,c72fd6c3c7383c5784be0cb924b6cac6c16a785074bddfbae956d5c7641f563f,5545249,2588,1958,PASS
a2163f0c2af5,APTOS_TRAIN,model/datasets/train_manifest.csv,data/aptos2019/train_images/a2163f0c2af5.png,0,421e5c14796f4817b936e68d156d60d8a5ac9dbfcb491893eafb2f46fc53e2cf,944915,1050,1050,PASS
465c618f7b23,APTOS_TRAIN,model/datasets/train_manifest.csv,data/aptos2019/train_images/465c618f7b23.png,2,28fa813d001e1dbcadb3028053a87cee5035610287d4b9d1a3fe3a30f67ee74a,2301658,2416,1736,PASS
b3f31c371e59,APTOS_TRAIN,model/datasets/train_manifest.csv,data/aptos2019/train_images/b3f31c371e59.png,0,e5f872dc9e221f36b2fac45d32b22727f4ad52b5e3fb00e5d3cc22b798193e10,982938,1050,1050,PASS
8e3b79e1f1f7,APTOS_TRAIN,model/datasets/train_manifest.csv,data/aptos2019/train_images/8e3b79e1f1f7.png,2,87d5995a256043aad18e2f9af1359531b21083da625f141e369e314785b77d1a,5230811,2588,1958,PASS
c0e15e8e2b46,APTOS_TRAIN,model/datasets/train_manifest.csv,data/aptos2019/train_images/c0e15e8e2b46.png,1,3b644c11ad0a632475872e097b925a9feae00bd769a60a10e6d8d7246ca76cb1,2980956,2588,1958,PASS
7e77b61e1639,APTOS_TRAIN,model/datasets/train_manifest.csv,data/aptos2019/train_images/7e77b61e1639.png,0,4097c8112cf486a8b48d72cdfdd476318eed21a433e66b2a599681aefa5ace78,913228,1050,1050,PASS
7a46cfa69bae,APTOS_TRAIN,model/datasets/train_manifest.csv,data/aptos2019/train_images/7a46cfa69bae.png,0,c2287047dba60aa81b398d4b3640cebdc107b7f661d44efb5de58a7484e03b76,956687,1050,1050,PASS
248139c423c4,APTOS_TRAIN,model/datasets/train_manifest.csv,data/aptos2019/train_images/248139c423c4.png,1,13c52f32148e1b98807bd479800a7606385ad3335c4c0f335807d0f39008598e,4453963,2588,1958,PASS
314862758acf,APTOS_TRAIN,model/datasets/train_manifest.csv,data/aptos2019/train_images/314862758acf.png,2,5cb14ac6f6d93b70053359e526b3470b1b32031b251b69d623998ce90f312fa4,1607607,2416,1736,PASS
0dbe6c26cedc,APTOS_TRAIN,model/datasets/train_manifest.csv,data/aptos2019/train_images/0dbe6c26cedc.png,0,8461338519915df0a5f86682eb23693b275c23102746a86ab58ba97715ea8b08,307522,819,614,PASS
ef48780f5d5f,APTOS_TRAIN,model/datasets/train_manifest.csv,data/aptos2019/train_images/ef48780f5d5f.png,0,01e69983c31345db1c8d4cfdf5f6fbfd11de9ee8e61fcb7886eecfc98df48636,1072103,1050,1050,PASS
7f84284598f5,APTOS_TRAIN,model/datasets/train_manifest.csv,data/aptos2019/train_images/7f84284598f5.png,2,0e59249c3be1558081ab7cfff5240ba8dc5ed76b8d5d940972cbd3b0ab6918f7,5137675,2588,1958,PASS
b1f4122fd36a,APTOS_TRAIN,model/datasets/train_manifest.csv,data/aptos2019/train_images/b1f4122fd36a.png,2,9f7efc3a82769f2944f98580ff41d2e8e64447ad26180b54ab2642728be0500a,1737663,2416,1736,PASS
847b04287c9c,APTOS_TRAIN,model/datasets/train_manifest.csv,data/aptos2019/train_images/847b04287c9c.png,0,97f248c0fc7809dedc076c148880795dd9a9969920f39d0431facdbe374ecdc1,985003,1050,1050,PASS
9f436886e056,APTOS_TRAIN,model/datasets/train_manifest.csv,data/aptos2019/train_images/9f436886e056.png,2,ce91ee473cd56e2e60b2b53ab75741ab665c452fc06b69bb1497af5cb2493ced,870787,1050,1050,PASS
a4d41c495666,APTOS_TRAIN,model/datasets/train_manifest.csv,data/aptos2019/train_images/a4d41c495666.png,2,274cf4c9c2251951bb631216bbd387f4a819c3825234a83062c1c72d61c61288,5330360,2588,1958,PASS
d8da9de62743,APTOS_TRAIN,model/datasets/train_manifest.csv,data/aptos2019/train_images/d8da9de62743.png,0,e212c84fd86144b1d5edd300460b0e99a90d72abb36475b9150e779e11df333d,978118,1050,1050,PASS
5e7cc6ab4ac4,APTOS_TRAIN,model/datasets/train_manifest.csv,data/aptos2019/train_images/5e7cc6ab4ac4.png,2,1e01279df10cf5c5ecadd5514416e4cac73e77ed2c6acab875f0b35fa50d556a,2043582,2416,1736,PASS
a77eb914b383,APTOS_TRAIN,model/datasets/train_manifest.csv,data/aptos2019/train_images/a77eb914b383.png,0,0ef57c893f3deff2ae710b3515bf7ac4bb44550893faca3c2a3a7a5261421a7e,451125,819,614,PASS
b294927b14b0,APTOS_TRAIN,model/datasets/train_manifest.csv,data/aptos2019/train_images/b294927b14b0.png,0,93d83076d823b2d368a99c5fab31127570ab0ccfa0ef8d03e7bc41b32eb11c2f,998797,1050,1050,PASS
0318598cfd16,APTOS_TRAIN,model/datasets/train_manifest.csv,data/aptos2019/train_images/0318598cfd16.png,4,691b115c85da6b5b3ca4dea8b1318f8e022fb936e0d4c7242e42d5d48d24f03e,5561733,2588,1958,PASS
959dc602febc,APTOS_TRAIN,model/datasets/train_manifest.csv,data/aptos2019/train_images/959dc602febc.png,2,bc3cb0ed922f18cda4148a5b960941ea09fae4d10ac2c4d5fda574bbc5d81f15,2277649,3216,2136,PASS
8185ce1cdcef,APTOS_TRAIN,model/datasets/train_manifest.csv,data/aptos2019/train_images/8185ce1cdcef.png,0,fc0c5a3e5357243270c971c7aa48433a415fa7e045d7ea65998ed33f0c3457bb,1004901,1050,1050,PASS
4a4cb731f91a,APTOS_TRAIN,model/datasets/train_manifest.csv,data/aptos2019/train_images/4a4cb731f91a.png,0,306152f3b8cac10a63417ff923c1b0794e48b0e8f9fd12ec94ed9fc4224ad3fb,1821059,2048,1536,PASS
9688c6ef5dc5,APTOS_TRAIN,model/datasets/train_manifest.csv,data/aptos2019/train_images/9688c6ef5dc5.png,0,2dbae922dd0d7daf9a694c513f7c45545c08314c0bbc4e97acffb043eed17c99,954611,1050,1050,PASS
ab653b8554c0,APTOS_TRAIN,model/datasets/train_manifest.csv,data/aptos2019/train_images/ab653b8554c0.png,0,f49d090e7634512b8e35cca4dfc7ba3194f806cfab6c52cd7c8005ad578ca6a6,976209,1050,1050,PASS
870fbe6eaa68,APTOS_TRAIN,model/datasets/train_manifest.csv,data/aptos2019/train_images/870fbe6eaa68.png,0,931ba01b3e0ec73192a86621529d744e6b6304fb1b13880f051564a926f2b43f,914811,1050,1050,PASS
6fbaaf8eb67a,APTOS_TRAIN,model/datasets/train_manifest.csv,data/aptos2019/train_images/6fbaaf8eb67a.png,0,3e3681057fed1c1f6147280b781635b45d70e8704ea3781954ceb8041679e02a,291274,819,614,PASS
2e26762daed5,APTOS_TRAIN,model/datasets/train_manifest.csv,data/aptos2019/train_images/2e26762daed5.png,2,808b2f54eb8bd7deaadf223577123ffe471e405ad1c7b58d87b59935fa89235b,2175603,3216,2136,PASS
910bfd38e2f5,APTOS_TRAIN,model/datasets/train_manifest.csv,data/aptos2019/train_images/910bfd38e2f5.png,3,214fbd72b614bb7a4461db73fb478c3e899bb5a63b58f28ddbd12d6b75a10a09,2620432,3216,2136,PASS
f0800723bc63,APTOS_TRAIN,model/datasets/train_manifest.csv,data/aptos2019/train_images/f0800723bc63.png,2,5d38c3c2cdf2140754810a477ef51106bc8bdf845b44bbe3491d0affaff361d8,1930880,2416,1736,PASS
1509d097b69a,APTOS_TRAIN,model/datasets/train_manifest.csv,data/aptos2019/train_images/1509d097b69a.png,0,218ffcfd6764320eab34e062142a7d32d39f49fd6012597f141c8f4a2600cf53,986604,1050,1050,PASS
fecf4c5ae84b,APTOS_TRAIN,model/datasets/train_manifest.csv,data/aptos2019/train_images/fecf4c5ae84b.png,1,06d316e98e5cafd3cf0b6bdc500283ed1630fffef53d6917cc42cfe6c2a93d6b,1704075,2416,1736,PASS
b66f23ffa730,APTOS_TRAIN,model/datasets/train_manifest.csv,data/aptos2019/train_images/b66f23ffa730.png,0,3e80231232012eb4c5bc552e27b5394835b79b7da3dff69c801663cfee7852e7,1091973,1050,1050,PASS
65e530ee2e79,APTOS_TRAIN,model/datasets/train_manifest.csv,data/aptos2019/train_images/65e530ee2e79.png,2,edaa82bc4214104062e315ed1739befa3343eca42ed4e682cd6cca00888386f1,2160549,1467,1110,PASS
1ee1eb7943db,APTOS_TRAIN,model/datasets/train_manifest.csv,data/aptos2019/train_images/1ee1eb7943db.png,2,e9b292fc12ed6d589d0bf3b96b4f1702d7197d28746ff2458d1ba1676dfe4d4e,5703399,3216,2136,PASS
d667af5742f6,APTOS_TRAIN,model/datasets/train_manifest.csv,data/aptos2019/train_images/d667af5742f6.png,0,93860b9bb1b5aef5515396cecba3aaee8950d8e7e63f4afbff0c264919098178,927376,1050,1050,PASS
d0b132d2c7ec,APTOS_TRAIN,model/datasets/train_manifest.csv,data/aptos2019/train_images/d0b132d2c7ec.png,4,5e327bbcd2524e1a615c61c4a8a5c9fe449d9812d4bd7de8c999bdbedb5380e3,983130,1050,1050,PASS
4134b290f5f3,APTOS_TRAIN,model/datasets/train_manifest.csv,data/aptos2019/train_images/4134b290f5f3.png,0,81acbf447a31f9df541284f43ec426370a4ce557e6fe77fc60a6f26e23575825,5840384,2588,1958,PASS
a8c54e2a4b79,APTOS_TRAIN,model/datasets/train_manifest.csv,data/aptos2019/train_images/a8c54e2a4b79.png,1,09d72502b98d73a7bc5e926ae495ead93df707c3484da7e07266630837e72e98,2687181,3216,2136,PASS
a8c9fcdbc0be,APTOS_TRAIN,model/datasets/train_manifest.csv,data/aptos2019/train_images/a8c9fcdbc0be.png,0,6cea53d0e44c8f8213711aecf438704b79a28aea66beba33ff7bae50765cc683,5305859,2588,1958,PASS
2b88cb6e31cd,APTOS_TRAIN,model/datasets/train_manifest.csv,data/aptos2019/train_images/2b88cb6e31cd.png,2,de8c6c96916227f18cbac7a67bbd2af1f85d781157e1265887d714922e073f58,2189919,3216,2136,PASS
94111ed3d276,APTOS_TRAIN,model/datasets/train_manifest.csv,data/aptos2019/train_images/94111ed3d276.png,1,c29451f2e0c5be46f5f4d992963ff53296a67f34fd297de07a705f54acf53148,766994,1844,1226,PASS
d16398c971e9,APTOS_TRAIN,model/datasets/train_manifest.csv,data/aptos2019/train_images/d16398c971e9.png,3,36e0fae24dadda65c00fec7f334fdbcb5bde1e9b35569bf41754856fe5c2b858,5427579,4288,2848,PASS
e66ad813a508,APTOS_TRAIN,model/datasets/train_manifest.csv,data/aptos2019/train_images/e66ad813a508.png,0,326bb191e7a3dfc0ecaf0f86e67a8d2653b7e250cf71005541bdbb527a2d2151,1052367,1050,1050,PASS
e04f3c6619a3,APTOS_TRAIN,model/datasets/train_manifest.csv,data/aptos2019/train_images/e04f3c6619a3.png,0,0c37ef30abee9d5ee0baafd7e9828a2c829ec5571053a7bb774b18557f1d5914,964804,1050,1050,PASS
547b37da9223,APTOS_TRAIN,model/datasets/train_manifest.csv,data/aptos2019/train_images/547b37da9223.png,2,6aac18cf0f867d34b496abd632f1326129917496a5d2a89d28ed40656719afb1,6665861,3388,2588,PASS
e01b7bac822b,APTOS_TRAIN,model/datasets/train_manifest.csv,data/aptos2019/train_images/e01b7bac822b.png,0,ea3147d5c54cd4a1244136cff4ed75664f87f28228439f024a47427cb08ae40f,1007826,1050,1050,PASS
942f544c4e15,APTOS_TRAIN,model/datasets/train_manifest.csv,data/aptos2019/train_images/942f544c4e15.png,0,00cf8de578ca2cde7e0aa8ccc296092eda261c3963fa6c9c147be39926c0a0ce,1031625,1050,1050,PASS
a0445785e2f7,APTOS_TRAIN,model/datasets/train_manifest.csv,data/aptos2019/train_images/a0445785e2f7.png,0,7cd95c49d6830d813246ef587f916afca23b86721cd2795cc90e10f574074ff4,1942442,2048,1536,PASS
e6552b7432b3,APTOS_TRAIN,model/datasets/train_manifest.csv,data/aptos2019/train_images/e6552b7432b3.png,0,5483db4b60eb7c82a8135c7b4bb80a0fa31506620ff0c67da3319672b989ed6a,863762,1050,1050,PASS
e52ed5c29c5e,APTOS_TRAIN,model/datasets/train_manifest.csv,data/aptos2019/train_images/e52ed5c29c5e.png,3,612930c1033d1fbce59ae6617cfa0b06001421cd2e6fc61358e71489d1c86d52,1857815,3216,2136,PASS
bffca6eeb2bf,APTOS_TRAIN,model/datasets/train_manifest.csv,data/aptos2019/train_images/bffca6eeb2bf.png,0,d14356f7f56b96d86ba306e568eb767425e1ba79af82467dedca0fd09ba76c09,963075,1050,1050,PASS
c947bb6cf9f6,APTOS_TRAIN,model/datasets/train_manifest.csv,data/aptos2019/train_images/c947bb6cf9f6.png,0,3107467a57803b8f8dc9cf6441ca94f1549b967f279a390120eb7b7018fefdc6,1913121,2048,1536,PASS
d93b61dc8f64,APTOS_TRAIN,model/datasets/train_manifest.csv,data/aptos2019/train_images/d93b61dc8f64.png,0,0d7f49503b168d64681c40c106107799dfa39a8c88fedddbceac5f5b4f8e47d3,5615604,2588,1958,PASS
840527bc6628,APTOS_TRAIN,model/datasets/train_manifest.csv,data/aptos2019/train_images/840527bc6628.png,2,6e03751bfcf1175b198ecfff8465e407d0323657986fa01200f3b71249fdf544,2328394,3216,2136,PASS
db3cd58aa315,APTOS_TRAIN,model/datasets/train_manifest.csv,data/aptos2019/train_images/db3cd58aa315.png,0,d5f426450adc821109a0e17e6edf4db916b0e38da639dd876a645a552510c8aa,1946641,2048,1536,PASS
388f12e8df0b,APTOS_TRAIN,model/datasets/train_manifest.csv,data/aptos2019/train_images/388f12e8df0b.png,2,20112bd4a449d729848c534d566d680f21d02a33f643737040fd91fef1373aae,2430562,3216,2136,PASS
5327f88a1919,APTOS_TRAIN,model/datasets/train_manifest.csv,data/aptos2019/train_images/5327f88a1919.png,2,088fbcfbf0fdd69f68ad2dcad93f1fb57d926219c0809b577cf3c554e9ac3a2c,5143075,2588,1958,PASS
0a85a1e8f9e9,APTOS_TRAIN,model/datasets/train_manifest.csv,data/aptos2019/train_images/0a85a1e8f9e9.png,0,0edaff551551b82ed53d513cf440fc34fc2a79da58d5ff8da171f2a57f76b46e,5590940,2588,1958,PASS
4bd5d0b30198,APTOS_TRAIN,model/datasets/train_manifest.csv,data/aptos2019/train_images/4bd5d0b30198.png,0,26e2fdab9004e71fa24c9907a68d524dddb2ee26d9893f5b5502cbe2c884bae8,1018681,1050,1050,PASS
1da25637859b,APTOS_TRAIN,model/datasets/train_manifest.csv,data/aptos2019/train_images/1da25637859b.png,2,d923771ec8cb20166625a25476606a38aaf5d047cf2732db102809d46e7fe118,7377176,3388,2588,PASS
7aabd768abff,APTOS_TRAIN,model/datasets/train_manifest.csv,data/aptos2019/train_images/7aabd768abff.png,0,73c3868ef0b2ab60bec1144e3081e76b5ba458dea79b324fccc17b8e7dbf8f56,5450395,2588,1958,PASS
c5a9ebef1517,APTOS_TRAIN,model/datasets/train_manifest.csv,data/aptos2019/train_images/c5a9ebef1517.png,3,8c21affc6efca67bb0ada8411da36c07d52003e7e690960ce7e8884b74ecc82c,5570527,2588,1958,PASS
d26bb2ed6e71,APTOS_TRAIN,model/datasets/train_manifest.csv,data/aptos2019/train_images/d26bb2ed6e71.png,0,c2c71cf5cf9784ee60df6110560b23ec977cebde3cac150f932becb34b864d3f,1931605,2048,1536,PASS
e32a359be36d,APTOS_TRAIN,model/datasets/train_manifest.csv,data/aptos2019/train_images/e32a359be36d.png,3,58158a93b60c092a0750620abeab8e01554a7e24555e755d784d01068a714c43,5142729,2588,1958,PASS
9ed6c2b25767,APTOS_TRAIN,model/datasets/train_manifest.csv,data/aptos2019/train_images/9ed6c2b25767.png,0,35c0e511047c969630b54faf886ac444c63b77237c824b4293a1fbdb0197234e,342049,819,614,PASS
5b994ff78547,APTOS_TRAIN,model/datasets/train_manifest.csv,data/aptos2019/train_images/5b994ff78547.png,0,c1c6dd4b979808ffb5720f12f525c5cdb6181840cd4217dc217b032b7580b455,1045356,1050,1050,PASS
186c1835eec5,APTOS_TRAIN,model/datasets/train_manifest.csv,data/aptos2019/train_images/186c1835eec5.png,0,7d1cb311b003e6144772ad206bcbdeedf1ac124627586cda7a778aa8a829303d,862238,1050,1050,PASS
33d72035c27a,APTOS_TRAIN,model/datasets/train_manifest.csv,data/aptos2019/train_images/33d72035c27a.png,0,9fe38d94e338edcda655fc7585b003c42f1cc752b65d27cd4c6d20af20883009,1923633,2048,1536,PASS
fe06dad6851c,APTOS_TRAIN,model/datasets/train_manifest.csv,data/aptos2019/train_images/fe06dad6851c.png,0,eaa2fd8f4dc157e6469ec4265d33c1f2fec6d0b48fddd1f65e7db16c8ff4306b,1871036,2048,1536,PASS
04efb1a284cc,APTOS_TRAIN,model/datasets/train_manifest.csv,data/aptos2019/train_images/04efb1a284cc.png,0,440b3ad644a4c0b250809522ab7a20f4755dd1ea63dc3355d346b5621c76567e,1003991,1050,1050,PASS
f26b02ead915,APTOS_TRAIN,model/datasets/train_manifest.csv,data/aptos2019/train_images/f26b02ead915.png,0,03d86723a52de4717557ae38cf17ee924ce6413c6de4c90a6a095a6204acb94b,1930573,2048,1536,PASS
9da74370835a,APTOS_TRAIN,model/datasets/train_manifest.csv,data/aptos2019/train_images/9da74370835a.png,2,2fb0cfed431ef2b7c7ff24fc897a9e8c827da2be28647042f85390d5b193044d,2431379,2416,1736,PASS
f91cfa82b9d4,APTOS_TRAIN,model/datasets/train_manifest.csv,data/aptos2019/train_images/f91cfa82b9d4.png,0,ff3c2ceaf1a86d6858ab6d584ce63a25128cc60661c038dcc08507b5fd7c8aba,287530,819,614,PASS
2a4520f1f9a3,APTOS_TRAIN,model/datasets/train_manifest.csv,data/aptos2019/train_images/2a4520f1f9a3.png,0,a9b73ea2f040d76f20a68d4564b916c716675cca59f21e63bb8c4e5c9fe7cbef,1009075,1050,1050,PASS
d6df4fe492ec,APTOS_TRAIN,model/datasets/train_manifest.csv,data/aptos2019/train_images/d6df4fe492ec.png,0,2876b13bb721ee46d09fbd14708ab40ae22c3f16fcde7dc70c0506e5cd58cfc4,996904,1050,1050,PASS
6a244e855d0e,APTOS_TRAIN,model/datasets/train_manifest.csv,data/aptos2019/train_images/6a244e855d0e.png,3,092ff3f164917b72913f822b38979703926ce73ff46bb9e564426d8268270072,1568199,3216,2136,PASS
9d98a0b585f2,APTOS_TRAIN,model/datasets/train_manifest.csv,data/aptos2019/train_images/9d98a0b585f2.png,2,beefc1c4045bd9b473dcd5c9d1aa3d8489d620b02c23d0e6a3edc152d45e0c0c,1006995,1050,1050,PASS
d41b33fcb94f,APTOS_TRAIN,model/datasets/train_manifest.csv,data/aptos2019/train_images/d41b33fcb94f.png,2,a50742864d3f20b2f1afe917ca2af93985b69f31403f72a4084403626a01a812,321709,640,480,PASS
5ead17e894ae,APTOS_TRAIN,model/datasets/train_manifest.csv,data/aptos2019/train_images/5ead17e894ae.png,0,fd24fd9125961eaaa53b96d03d4ca5b02dafd82856c1a79f507e41d579647dc4,325321,819,614,PASS
83a63c4a3e4a,APTOS_TRAIN,model/datasets/train_manifest.csv,data/aptos2019/train_images/83a63c4a3e4a.png,0,5dc3543ea28b1b6a920e421e5f8a8cf8f04933f581d5043fa6758ab1ec00f3bf,1028391,1050,1050,PASS
bb733062f494,APTOS_TRAIN,model/datasets/train_manifest.csv,data/aptos2019/train_images/bb733062f494.png,2,a588afc6afc080d27cdda4fc613c241f924637121cca9401f51aa773a1eb9cfc,2930933,3216,2136,PASS
6a91eb157f47,APTOS_TRAIN,model/datasets/train_manifest.csv,data/aptos2019/train_images/6a91eb157f47.png,2,98a5b6d040d751e63774db4aa3ca684c7e436fc931ae73f86b9d77758ea39615,7275583,3388,2588,PASS
96793edb1003,APTOS_TRAIN,model/datasets/train_manifest.csv,data/aptos2019/train_images/96793edb1003.png,0,77c3c8e7cfa99e763acef0603232cc1ac6c5de977e0b60a72c7df2a44016d8cf,426469,819,614,PASS
974c7d7b9c64,APTOS_TRAIN,model/datasets/train_manifest.csv,data/aptos2019/train_images/974c7d7b9c64.png,0,35abf793e234da3508947bb529eaa5d2af7f4d199ae2623f948647a83c5fa73d,949057,1050,1050,PASS
ec0c9f817b03,APTOS_TRAIN,model/datasets/train_manifest.csv,data/aptos2019/train_images/ec0c9f817b03.png,0,3950d62507c33e815f508b8d823f80693c16de62ec306d7acde1168531e69d31,868981,1050,1050,PASS
7a77c3eb468c,APTOS_TRAIN,model/datasets/train_manifest.csv,data/aptos2019/train_images/7a77c3eb468c.png,0,befecd71cf2a9b543389b4ac004ffa969cfe0b94ff7e303c27fd75ecef095256,1022488,1050,1050,PASS
9eaf735cf01f,APTOS_TRAIN,model/datasets/train_manifest.csv,data/aptos2019/train_images/9eaf735cf01f.png,1,5278db4d3cfedc3e261622d5d95342ed9a38c5a723568b430827e5d623a906bf,1812094,2416,1736,PASS
79d44db3da2d,APTOS_TRAIN,model/datasets/train_manifest.csv,data/aptos2019/train_images/79d44db3da2d.png,4,9af4399cfa5f4db93da35bc0505db53532fa234853625e53be1ee9fb24076243,5952483,4288,2848,PASS
e9ab8413e771,APTOS_TRAIN,model/datasets/train_manifest.csv,data/aptos2019/train_images/e9ab8413e771.png,4,9ca3ff305572a5063f53bbd57368d19670ae294c87c2bcc441f344ba7836a8a0,5238072,2588,1958,PASS
4a05f81b3aba,APTOS_TRAIN,model/datasets/train_manifest.csv,data/aptos2019/train_images/4a05f81b3aba.png,0,f37d9cb71a5ab697681a7a7af484622c74a41657ddc0f262e3640fac112d9705,339153,819,614,PASS
599498e9e4bc,APTOS_TRAIN,model/datasets/train_manifest.csv,data/aptos2019/train_images/599498e9e4bc.png,0,a424a61fa71ade1e2136e733bc815e8b8543f44bc4aa6b0a75ed2de295d70a7e,1773294,2048,1536,PASS
3fc219927a97,APTOS_TRAIN,model/datasets/train_manifest.csv,data/aptos2019/train_images/3fc219927a97.png,2,0f0abb891f00d60af86e47b5a54fb03011c887e150b0bb69e97456ce2306d3b4,2585095,2416,1736,PASS
876e1dd12d38,APTOS_TRAIN,model/datasets/train_manifest.csv,data/aptos2019/train_images/876e1dd12d38.png,2,0b075c3213694f3818493656332a5b50ff49bf6135e4bcb52dbc79c1ca92e5d1,3232500,3216,2136,PASS
1f5496352859,APTOS_TRAIN,model/datasets/train_manifest.csv,data/aptos2019/train_images/1f5496352859.png,0,f66bf538fa6f4b54f614f953a2924ab89d0602609cfb950977fc06f4161afe34,1946962,2048,1536,PASS
002c21358ce6,APTOS_TRAIN,model/datasets/train_manifest.csv,data/aptos2019/train_images/002c21358ce6.png,0,c18a236541ae3d3ddbf8cf3eae991b4ff28446c5313b3dc2afa2506fa4cb60c1,975218,1050,1050,PASS
ea6a53e54d0f,APTOS_TRAIN,model/datasets/train_manifest.csv,data/aptos2019/train_images/ea6a53e54d0f.png,0,a2cc6d876984e63bd1cd204d4b13c4c6f6b0cf69ec71a63d3a7c5a59697dd112,372710,819,614,PASS
876deb29f000,APTOS_TRAIN,model/datasets/train_manifest.csv,data/aptos2019/train_images/876deb29f000.png,0,b68d9c9dc47e99341577a8048c6bf591061b14467ad8c8c2e215cacb583c9d10,1636315,2048,1536,PASS
ac17cc18a994,APTOS_TRAIN,model/datasets/train_manifest.csv,data/aptos2019/train_images/ac17cc18a994.png,0,4fecd1221c79e1fd15a2ab71d5cf46898876372bbd70838178b119c802fe4b6c,959343,1050,1050,PASS
07419eddd6be,APTOS_TRAIN,model/datasets/train_manifest.csv,data/aptos2019/train_images/07419eddd6be.png,2,b8a321cf9a1076e7c0c847526497bfdb0d232f62b2874d65a65881fd3271f744,2632244,2144,1424,PASS
0cae727cf119,APTOS_TRAIN,model/datasets/train_manifest.csv,data/aptos2019/train_images/0cae727cf119.png,0,4885d7eb7a874ca0de437430196f4a10c6855fa2eee59873425c6998de59f48c,1926724,2048,1536,PASS
9b7b6e4db1d5,APTOS_TRAIN,model/datasets/train_manifest.csv,data/aptos2019/train_images/9b7b6e4db1d5.png,2,4b1320e887601998da80086517dfed82e28bb15b512f9782d4510d57f92fcad4,1447585,1504,1000,PASS
cd3fd04d72f5,APTOS_TRAIN,model/datasets/train_manifest.csv,data/aptos2019/train_images/cd3fd04d72f5.png,2,920cf6161212415be5284af311538a9018d3be5d4dab4f10b5717c71db616dfd,1308118,1504,1000,PASS
efff2f1a35f5,APTOS_TRAIN,model/datasets/train_manifest.csv,data/aptos2019/train_images/efff2f1a35f5.png,2,2703c7f1bb6ee94400e212644b39b8413ee2213b25b08ac2af54e646f15e8d58,2116659,2416,1736,PASS
478fc46eaa49,APTOS_TRAIN,model/datasets/train_manifest.csv,data/aptos2019/train_images/478fc46eaa49.png,0,dc4e77ffdfc6e8647a1f5148b6fc9ad4979dd1ea974593a88a5f916870199daf,905613,1050,1050,PASS
ef247f28004f,APTOS_TRAIN,model/datasets/train_manifest.csv,data/aptos2019/train_images/ef247f28004f.png,0,33aede9ecc765ef2b41f86b1154c80d8076095bc31873396a76a62ae0ec66e18,1945744,2048,1536,PASS
50d8a8fb7737,APTOS_TRAIN,model/datasets/train_manifest.csv,data/aptos2019/train_images/50d8a8fb7737.png,2,f2d086cf2b9c6daa9e7fb8f929a0b788aa838cce16026a81c58dcddc3a12f0d9,5215074,2588,1958,PASS
9d62478042b6,APTOS_TRAIN,model/datasets/train_manifest.csv,data/aptos2019/train_images/9d62478042b6.png,0,56d1d21cb2ebb2fafdecfdac931c84b56045856b688068792b2692c01cf98216,5774165,2588,1958,PASS
b3819a805dca,APTOS_TRAIN,model/datasets/train_manifest.csv,data/aptos2019/train_images/b3819a805dca.png,4,2eda1f75fa2f9b5bcfa096f5e9b90b9a519da0350e6d1a52602c3d7cf2e25abd,5507871,2588,1958,PASS
7526c59c36d3,APTOS_TRAIN,model/datasets/train_manifest.csv,data/aptos2019/train_images/7526c59c36d3.png,0,98896c6cf93f7267ce5a4b9f0e10a2e955518630d13686700a0b91d7675ec6f2,1112488,1050,1050,PASS
ccd6dcb2f568,APTOS_TRAIN,model/datasets/train_manifest.csv,data/aptos2019/train_images/ccd6dcb2f568.png,0,e0ec6c5f94ef1578db6ec8fcee5b868cfbd4166dc7ac1712ec273c88d112ed28,1825640,2048,1536,PASS
dbee04ae6426,APTOS_TRAIN,model/datasets/train_manifest.csv,data/aptos2019/train_images/dbee04ae6426.png,2,7376b29a7d3cd60ed13a701ffc9c79a8262cc48392a422ff9a33ba8383d78978,5606514,2588,1958,PASS
880edb2cdb69,APTOS_TRAIN,model/datasets/train_manifest.csv,data/aptos2019/train_images/880edb2cdb69.png,0,7975102292c6d8bfbb1bdf8550124ac4e3071dac9b1f005ddaefbde4a83f84f4,999366,1050,1050,PASS
1c9521878baf,APTOS_TRAIN,model/datasets/train_manifest.csv,data/aptos2019/train_images/1c9521878baf.png,3,28eee48fdd548daa78633080c664bf45a0dd93729afc50f08fbf480c08274fbe,2665593,3216,2136,PASS
3580a545016d,APTOS_TRAIN,model/datasets/train_manifest.csv,data/aptos2019/train_images/3580a545016d.png,0,22a7a5f04e5960594ccd0dfc451ed11f8119855133f62f7fc96401d143862e9e,1080318,1050,1050,PASS
1fddd7c98fd2,APTOS_TRAIN,model/datasets/train_manifest.csv,data/aptos2019/train_images/1fddd7c98fd2.png,0,ad814191b996a53926f9b44d362a8bde856ba7fa28f62a5bcb28e3246d5349b5,5051385,2588,1958,PASS
b574d229ec4c,APTOS_TRAIN,model/datasets/train_manifest.csv,data/aptos2019/train_images/b574d229ec4c.png,2,6699928c239d43944013b0634e4ce0ab3886c8fb2f4ccdacc915b7e24ed43c89,2463996,3216,2136,PASS
e07045d7c5f7,APTOS_TRAIN,model/datasets/train_manifest.csv,data/aptos2019/train_images/e07045d7c5f7.png,1,5f77766c55ecf3031d7d02318567cf41dc2e2a1bfa7fbaccb39e2fb9d3edc04c,2210400,2416,1736,PASS
1f4fb37e0854,APTOS_TRAIN,model/datasets/train_manifest.csv,data/aptos2019/train_images/1f4fb37e0854.png,0,6509baada6fdaec98b96edf4b7d019ac78242485a1684427ee7d1c44a6e3f7b8,371453,819,614,PASS
6735931000ec,APTOS_TRAIN,model/datasets/train_manifest.csv,data/aptos2019/train_images/6735931000ec.png,3,19f8edb697dcd00309e75e0fdd6afa09c3473c0d212c388c73f80093877be328,3280752,3216,2136,PASS
da9574d35b82,APTOS_TRAIN,model/datasets/train_manifest.csv,data/aptos2019/train_images/da9574d35b82.png,0,aad22dd65b3a98fbd108a91658b84084945780395b8517bb7084ac144d4ef6db,5468818,2588,1958,PASS
6c3745a222da,APTOS_TRAIN,model/datasets/train_manifest.csv,data/aptos2019/train_images/6c3745a222da.png,4,7ef195abba9cd4787137ff6a9f3aeac017ca15d7040dc37550697fc37f403a7c,950365,1050,1050,PASS
d3de0d313d61,APTOS_TRAIN,model/datasets/train_manifest.csv,data/aptos2019/train_images/d3de0d313d61.png,1,e1b7b7e1d31a58ff950397278e5672598303c33c5f478356bbed01e664822016,3018015,2588,1958,PASS
40c24aded50c,APTOS_TRAIN,model/datasets/train_manifest.csv,data/aptos2019/train_images/40c24aded50c.png,0,dea8f4af9069be3eb879d5064221e4399c8dc26008319f326d0412fce826073a,909845,1050,1050,PASS
ca63fe4f4b52,APTOS_TRAIN,model/datasets/train_manifest.csv,data/aptos2019/train_images/ca63fe4f4b52.png,1,6ffc40b424d486ea9eb2fcb2c9b8a99cd4b9d11283476fa2e265701f26a9518c,1898392,2416,1736,PASS
1fb455685328,APTOS_TRAIN,model/datasets/train_manifest.csv,data/aptos2019/train_images/1fb455685328.png,0,30f25848c2bbedaf4841d7506f36c455581f0e6679e502cabcd6bcff1b502eef,1001443,1050,1050,PASS
312694ea8e6a,APTOS_TRAIN,model/datasets/train_manifest.csv,data/aptos2019/train_images/312694ea8e6a.png,4,dac205337049a21b04ebf9de261b7ddb7d052283e72489bdbb65c8c2f38a57a7,2367189,2416,1736,PASS
82088c6734e6,APTOS_TRAIN,model/datasets/train_manifest.csv,data/aptos2019/train_images/82088c6734e6.png,0,5f4624f22fbcb29754ccfc553ad0a62285abf63e130ffb40b05edbe4595d6d26,1030643,1050,1050,PASS
5486da4273d7,APTOS_TRAIN,model/datasets/train_manifest.csv,data/aptos2019/train_images/5486da4273d7.png,2,ffc13cbe9c1c66d0f01a3d775974ae0da6109c4edbda212f6418aa68ea36a4e4,7466023,3388,2588,PASS
ea4dcb055139,APTOS_TRAIN,model/datasets/train_manifest.csv,data/aptos2019/train_images/ea4dcb055139.png,2,efe4423c4a5573a37e3ca10d1c632e9bc2ab9ad3c018009d4bbe616a22e96ba3,4943691,2588,1958,PASS
1efa5d443707,APTOS_TRAIN,model/datasets/train_manifest.csv,data/aptos2019/train_images/1efa5d443707.png,4,5765645554fb5123a739c7b25541b8e20e67e9e503826af8d833f70b061eaf27,907802,1844,1226,PASS
a87f53bc984a,APTOS_TRAIN,model/datasets/train_manifest.csv,data/aptos2019/train_images/a87f53bc984a.png,2,c8fccfa0b5a2919b6bb5ce5a74a3d02dc1381b5de3521b19483abbe361f42092,2759911,3216,2136,PASS
47d1603a555b,APTOS_TRAIN,model/datasets/train_manifest.csv,data/aptos2019/train_images/47d1603a555b.png,1,9badc1058af1069910d61364689997e6ef174a70dd8d405b502cd1b97b960ec1,1937170,2416,1736,PASS
da44f80b422b,APTOS_TRAIN,model/datasets/train_manifest.csv,data/aptos2019/train_images/da44f80b422b.png,2,b67c509d0dd0a51234d6f104c0fe701841681a0ff80c9696a380ff6b3638192b,2595464,3216,2136,PASS
a0cd7bffdaa0,APTOS_TRAIN,model/datasets/train_manifest.csv,data/aptos2019/train_images/a0cd7bffdaa0.png,4,ca0d1a4de89f0cff75d2ec09b307e2a1fd20fb6ea3f5dd2629da89838c4a113e,825962,1050,1050,PASS
4860f7813654,APTOS_TRAIN,model/datasets/train_manifest.csv,data/aptos2019/train_images/4860f7813654.png,0,63fb3bd7f0f94742fad73c77e41d981005f4b4e06ac46335f9cc4f1bff4b5862,5098341,2588,1958,PASS
fa3e544a7401,APTOS_TRAIN,model/datasets/train_manifest.csv,data/aptos2019/train_images/fa3e544a7401.png,2,d29e2d096aa91708163d954571a1a952d52ba94f021d617ce2b88da1fe13a2c5,5569320,2588,1958,PASS
1f4bf8e28b41,APTOS_TRAIN,model/datasets/train_manifest.csv,data/aptos2019/train_images/1f4bf8e28b41.png,2,3c7c3754d9eecc1ff28cb2f405bf988359193dc10c81522ec526b5291baa3fc5,1794076,2416,1736,PASS
e6a5e4718873,APTOS_TRAIN,model/datasets/train_manifest.csv,data/aptos2019/train_images/e6a5e4718873.png,0,a3407c7874029589de10dce3c38305c55c0e63d2e5724ebccd57bcc95c56bbaa,1033427,1050,1050,PASS
a654b25124c3,APTOS_TRAIN,model/datasets/train_manifest.csv,data/aptos2019/train_images/a654b25124c3.png,0,c1f79f1ab2807eaa7315b563984fe9642d23806d1eaf8544c19fbff16b4c74ab,1004264,1050,1050,PASS
02dda30d3acf,APTOS_TRAIN,model/datasets/train_manifest.csv,data/aptos2019/train_images/02dda30d3acf.png,4,0987b2b0c388752223d11d21632a3b301b37fc364c3c1acd2b514f443ab072b9,5328939,2588,1958,PASS
cd66754e1b3b,APTOS_TRAIN,model/datasets/train_manifest.csv,data/aptos2019/train_images/cd66754e1b3b.png,0,a98fb88114768511377733e753ebc22f090ee1764025efc81ac5d25ec5052e9b,303831,819,614,PASS
59ee65760535,APTOS_TRAIN,model/datasets/train_manifest.csv,data/aptos2019/train_images/59ee65760535.png,2,2cb2f5848f3bca3c08d1d582a0856977c947cf33ee27d0f7297fb4752c4a4251,5119089,2588,1958,PASS
baaca2f7e1f0,APTOS_TRAIN,model/datasets/train_manifest.csv,data/aptos2019/train_images/baaca2f7e1f0.png,0,2b6dbee15bf133e14840d79dd8782ed5e3a4c13ed5acecea1f015ae374e62e0b,726227,1050,1050,PASS
5b3e7197ac1c,APTOS_TRAIN,model/datasets/train_manifest.csv,data/aptos2019/train_images/5b3e7197ac1c.png,3,e3237d02c44e8b76bd20e6acf63b1283c5b8c7b322462efcad601b792c465977,2266203,2416,1736,PASS
24de56d433cd,APTOS_TRAIN,model/datasets/train_manifest.csv,data/aptos2019/train_images/24de56d433cd.png,0,b54acd0a67ae54fd91611e8128c29c15688eb89c1712156874e41d37e55c249b,1013339,1050,1050,PASS
98d41bce73a8,APTOS_TRAIN,model/datasets/train_manifest.csv,data/aptos2019/train_images/98d41bce73a8.png,0,fe68b7cbc214445f3d70c773642b269016008266e3f8eb730c2c9e5dc40dbccf,1840245,2048,1536,PASS
b0f0fa677d5f,APTOS_TRAIN,model/datasets/train_manifest.csv,data/aptos2019/train_images/b0f0fa677d5f.png,0,2608007eba4fb4917e1f2f4db878bf9469ae1d54ac4bb3878fbedf76e87ed2cd,1072942,1050,1050,PASS
76f3473df8a6,APTOS_TRAIN,model/datasets/train_manifest.csv,data/aptos2019/train_images/76f3473df8a6.png,0,8694f156b33fc6f31faf075d43bd9a8ed96242ead9bc9cf1fef4821b85828909,1793279,2048,1536,PASS
2967e578939f,APTOS_TRAIN,model/datasets/train_manifest.csv,data/aptos2019/train_images/2967e578939f.png,2,ada1ab33bf64651e09ffbaf7e32dfe6c601685b1e9c5c77de3c0ab5e6076e8ca,4998058,2588,1958,PASS
4cde86044ad1,APTOS_TRAIN,model/datasets/train_manifest.csv,data/aptos2019/train_images/4cde86044ad1.png,0,bacce8176c301e73fdde7c9f1257bec12b3bf9a67e96e6e74968b54ba34777cf,1015796,1050,1050,PASS
9c893e16c055,APTOS_TRAIN,model/datasets/train_manifest.csv,data/aptos2019/train_images/9c893e16c055.png,0,03f136c2274637321fb6034178e059a07c71e493357146632e8579469a7424b7,957527,1050,1050,PASS
217dad18a5ed,APTOS_TRAIN,model/datasets/train_manifest.csv,data/aptos2019/train_images/217dad18a5ed.png,2,a5822b2601184be2ffbb85c3b69a0dd212ba2811976dc1b9764f775d5e309b9f,7319160,3388,2588,PASS
ef476be214d4,APTOS_TRAIN,model/datasets/train_manifest.csv,data/aptos2019/train_images/ef476be214d4.png,0,48ba63fa761e7ef73ab4155eded520f51ba4d489bbc868232807fc2c18907b7b,314170,819,614,PASS
c5a6f432a1ec,APTOS_TRAIN,model/datasets/train_manifest.csv,data/aptos2019/train_images/c5a6f432a1ec.png,0,01900fbdf4119b336cc606a6147979823f328a4b41ddc9ed544076e83a2c4907,285044,819,614,PASS
0f96c358a250,APTOS_TRAIN,model/datasets/train_manifest.csv,data/aptos2019/train_images/0f96c358a250.png,3,5a24e0eefcd6d6cf6ea49c50938ab5d2716177c46b579e0bd777e13c4a03ddff,2222084,2416,1736,PASS
b70e7c26f51e,APTOS_TRAIN,model/datasets/train_manifest.csv,data/aptos2019/train_images/b70e7c26f51e.png,0,01e9944af4c4025d0d76362d6c9046782553fd3a6b66dd7d1d0b23980a7d25e2,1116377,1050,1050,PASS
5b2648ad455e,APTOS_TRAIN,model/datasets/train_manifest.csv,data/aptos2019/train_images/5b2648ad455e.png,0,7a4a4c6ce558848cfc1f2a8375acd1af33b7bc06576a76b0d8a47c3f5e340549,1959923,2048,1536,PASS
453d553b0a94,APTOS_TRAIN,model/datasets/train_manifest.csv,data/aptos2019/train_images/453d553b0a94.png,2,17009048e1c9db7270dfa3ff980d7c72ff2c46cb2ca8bd61459c298183ce8f00,2726581,3216,2136,PASS
4ee1ad981a6d,APTOS_TRAIN,model/datasets/train_manifest.csv,data/aptos2019/train_images/4ee1ad981a6d.png,2,7a8ff68f682b67799b6f98f14a66aba2f616c729430b1a594943100a8cefcf95,5391200,2588,1958,PASS
7a12f49e29df,APTOS_TRAIN,model/datasets/train_manifest.csv,data/aptos2019/train_images/7a12f49e29df.png,0,aab2e151a89dfa5f543c8308313a28d8e6989feeae61d313e0bbf28970e63836,5209815,2588,1958,PASS
9ac41b9a809e,APTOS_TRAIN,model/datasets/train_manifest.csv,data/aptos2019/train_images/9ac41b9a809e.png,0,0bebecdce4512988c79206e3cc17611360c57aaa03176da10349bb06ed08059b,960096,1050,1050,PASS
1594ca6c30d3,APTOS_TRAIN,model/datasets/train_manifest.csv,data/aptos2019/train_images/1594ca6c30d3.png,2,6c7f511cafa0a3947fa774a81bf36126b064a338961ed38b3352731fdf001c70,945819,1844,1226,PASS
be68322c7223,APTOS_TRAIN,model/datasets/train_manifest.csv,data/aptos2019/train_images/be68322c7223.png,2,a44c3869607299ca108d2110d5b12f894ea9387263cb1e4ab39507405f60d2e9,2872586,3216,2136,PASS
9859e2a6cc24,APTOS_TRAIN,model/datasets/train_manifest.csv,data/aptos2019/train_images/9859e2a6cc24.png,4,a4c3f4b18afb3a74340cd19667634df747cbf7c5b40fe695853f0676543cc8df,940058,1050,1050,PASS
5347b4c8e9b3,APTOS_TRAIN,model/datasets/train_manifest.csv,data/aptos2019/train_images/5347b4c8e9b3.png,1,c705835104d0e19142030d551e1d8797a2ac5dd46263c80232ebc2ea8f60cd1b,3952957,2588,1958,PASS
cd563556cb57,APTOS_TRAIN,model/datasets/train_manifest.csv,data/aptos2019/train_images/cd563556cb57.png,0,f98dab2961f69819ee97d5e4677e0595db22bd0b3ba8b5364978d141816675fa,357576,819,614,PASS
82d364726a58,APTOS_TRAIN,model/datasets/train_manifest.csv,data/aptos2019/train_images/82d364726a58.png,0,b07ab1f9d056cfee79323804e229cb39bc02e90de26afddd35e58c617922b9e7,5439499,2588,1958,PASS
e5f73f2855c0,APTOS_TRAIN,model/datasets/train_manifest.csv,data/aptos2019/train_images/e5f73f2855c0.png,0,bd4af21da9eb0a6323a74440adcea7727688b71339a1e2d7690d18967447c872,1051082,1050,1050,PASS
bba38f2294a3,APTOS_TRAIN,model/datasets/train_manifest.csv,data/aptos2019/train_images/bba38f2294a3.png,4,09d8bae300bac8f30d6fcd1bf73587b2a13363d5eec7903fdeff58059dac7135,2300716,2416,1736,PASS
735836b1ffa6,APTOS_TRAIN,model/datasets/train_manifest.csv,data/aptos2019/train_images/735836b1ffa6.png,0,bd12625545745e54cbbf25c19e15ab67371fe78b377d1ebdb78caaa089b02820,2177102,2416,1736,PASS
a3475dc3ac80,APTOS_TRAIN,model/datasets/train_manifest.csv,data/aptos2019/train_images/a3475dc3ac80.png,2,56ecf1f17066b282077cf35ea7e117c63ae1fecdf8081e3ab2cbc15384d92452,2306522,2416,1736,PASS
0924cec998fa,APTOS_TRAIN,model/datasets/train_manifest.csv,data/aptos2019/train_images/0924cec998fa.png,0,6222fd07630c56a2decb9f8acbc7f750c6cb0c605173109a54b77ab5770e66e9,1935889,2048,1536,PASS
9eaac43744f5,APTOS_TRAIN,model/datasets/train_manifest.csv,data/aptos2019/train_images/9eaac43744f5.png,2,bfd9639942a488d38498d98c61feaa5e85c73568a2d8146f6454f18fcf4c5fb2,2149302,3216,2136,PASS
e96bd80a8a53,APTOS_TRAIN,model/datasets/train_manifest.csv,data/aptos2019/train_images/e96bd80a8a53.png,1,eff825ad7d041b60ee4445da16381b5b21504340a94cf95c7d2790a6f580eeb1,1710982,2416,1736,PASS
0dce95217626,APTOS_TRAIN,model/datasets/train_manifest.csv,data/aptos2019/train_images/0dce95217626.png,1,0ddc4d1b0508a613897aed60962df06cb54403f06158955a823f459d9bbec8ff,2309771,2416,1736,PASS
42af7282349b,APTOS_TRAIN,model/datasets/train_manifest.csv,data/aptos2019/train_images/42af7282349b.png,0,d769466a05e86b53f3bb3959581199e8c863cfb8b9da7b48cfd379a972ea75b0,5093318,2588,1958,PASS
45e4b7eada54,APTOS_TRAIN,model/datasets/train_manifest.csv,data/aptos2019/train_images/45e4b7eada54.png,1,9699f4e3942852e5f35ade7e69a953faff31542210e777404c6faab00ac5b126,2374452,2416,1736,PASS
d67374d3fa2a,APTOS_TRAIN,model/datasets/train_manifest.csv,data/aptos2019/train_images/d67374d3fa2a.png,2,34d0b285c98469f93b02f14cf6c2423bcf1092e4871dc41600aac49273c4ef9f,986868,1050,1050,PASS
b6304c545f95,APTOS_TRAIN,model/datasets/train_manifest.csv,data/aptos2019/train_images/b6304c545f95.png,2,d7989fe5a0e1c67f6ecee67bdafa4f6ad30fe36b2f25b6346d6801ffea454f45,4835766,2588,1958,PASS
8dba09a4e5ed,APTOS_TRAIN,model/datasets/train_manifest.csv,data/aptos2019/train_images/8dba09a4e5ed.png,2,72c4156bbc91d5c67b90229d31d6ea187a789e9937ecbdf8771d7918b1701f95,7004757,3388,2588,PASS
1ca35d483772,APTOS_TRAIN,model/datasets/train_manifest.csv,data/aptos2019/train_images/1ca35d483772.png,0,521efec61c45e185c8d2d22182d82cd80002e79c006e29e8d9f452a863666464,970274,1050,1050,PASS
d436c06f0490,APTOS_TRAIN,model/datasets/train_manifest.csv,data/aptos2019/train_images/d436c06f0490.png,0,eba7a770a73303e1dea8b37c7317234a3679b9437378d0b32446e0c3ef8a83d9,942103,1050,1050,PASS
b0619ca93a5f,APTOS_TRAIN,model/datasets/train_manifest.csv,data/aptos2019/train_images/b0619ca93a5f.png,0,81c0660675acd6cdc61c55ef5da39a1e094406f7ddf6685277cc584166d17656,954033,1050,1050,PASS
ef8109305128,APTOS_TRAIN,model/datasets/train_manifest.csv,data/aptos2019/train_images/ef8109305128.png,1,537b3ff11322be8086327f44c5184c5824b2f8ce1f77fcd1f1b6df1559168d06,2397442,2416,1736,PASS
934104859e68,APTOS_TRAIN,model/datasets/train_manifest.csv,data/aptos2019/train_images/934104859e68.png,0,ba9768c7280145dc13796076316ad8d4eb0ab6c8ab971195c5f4e623652ecbb0,959683,1050,1050,PASS
26e231747848,APTOS_TRAIN,model/datasets/train_manifest.csv,data/aptos2019/train_images/26e231747848.png,2,66990654ca8d2d26837ac4ac59505c731b602299bc1111f500dd6343206a6abd,1283623,1504,1000,PASS
9904939ab83d,APTOS_TRAIN,model/datasets/train_manifest.csv,data/aptos2019/train_images/9904939ab83d.png,2,7c066514cd4ffd4bf8be40b69a2cb9ccfae2f13c4b43a3c8e1418adf49c6496b,3681866,3388,2588,PASS
27bab1432f61,APTOS_TRAIN,model/datasets/train_manifest.csv,data/aptos2019/train_images/27bab1432f61.png,2,88008daf9f218761edf53d73ebb45b7b1d9f15957a2662d0c9a0a940573edfe2,2124566,2416,1736,PASS
d141728fa392,APTOS_TRAIN,model/datasets/train_manifest.csv,data/aptos2019/train_images/d141728fa392.png,2,1fae4b689c26a429fa190ca0f00ab3dee0c6b11b70fca0347d7307bcbf24a943,3794601,3388,2588,PASS
2bbcfdc477db,APTOS_TRAIN,model/datasets/train_manifest.csv,data/aptos2019/train_images/2bbcfdc477db.png,4,a13f868b1d26bad102300caee3b7fc23637564711b1edfd38a6580edfc082ebc,969879,1844,1226,PASS
545df1bbcd61,APTOS_TRAIN,model/datasets/train_manifest.csv,data/aptos2019/train_images/545df1bbcd61.png,1,f8dc5d2b1b231fb6e4cc627c718fd23c4e98cd646e43cf228740c693dac1dc20,1007418,1050,1050,PASS
2b074afdf626,APTOS_TRAIN,model/datasets/train_manifest.csv,data/aptos2019/train_images/2b074afdf626.png,2,d6d3322e1dc82854ee2c8d9e4b7463354f48c85285c4066a7d080dbfb4eede3c,2030376,2416,1736,PASS
e4a44f9158dc,APTOS_TRAIN,model/datasets/train_manifest.csv,data/aptos2019/train_images/e4a44f9158dc.png,0,166c74f2b8e5d7be0b4f93797e0388dd4847ccbcd1ae87aff3b26ae79dbe3629,994446,1050,1050,PASS
b0cc9f8d06e4,APTOS_TRAIN,model/datasets/train_manifest.csv,data/aptos2019/train_images/b0cc9f8d06e4.png,2,76eaf965c14589e8a907dce237b3862bd27dfbb7b81526e464e2f1d80f929304,3578174,3388,2588,PASS
254052cf3e48,APTOS_TRAIN,model/datasets/train_manifest.csv,data/aptos2019/train_images/254052cf3e48.png,4,445db2638bda1e3a9a4209abeeff38df25ff4149345ae84b885d99bd45f41cb7,3066233,3216,2136,PASS
3b018e8b7303,APTOS_TRAIN,model/datasets/train_manifest.csv,data/aptos2019/train_images/3b018e8b7303.png,3,916f842c808031d456a255cc31972b8408134ba9cdaaba299c3339b20cd5f7a6,2592448,2588,1958,PASS
5548a7961a3e,APTOS_TRAIN,model/datasets/train_manifest.csv,data/aptos2019/train_images/5548a7961a3e.png,1,dea19772cf12035025c4f656c069e37e2c4ee75a4f2118c3ec53734572419d13,4868464,2588,1958,PASS
19ef4d292196,APTOS_TRAIN,model/datasets/train_manifest.csv,data/aptos2019/train_images/19ef4d292196.png,4,655320bcfbf67e14c9e71d7e9b0c055dbe84b8e56f13db4fb656b7401f6f3224,913095,1844,1226,PASS
04d029cfb612,APTOS_TRAIN,model/datasets/train_manifest.csv,data/aptos2019/train_images/04d029cfb612.png,2,85d288f645ac0cd687e9f361b9657519fa20d25a8be6d80a4fca4327c596a9b9,2581944,3216,2136,PASS
d85a842d20bd,APTOS_TRAIN,model/datasets/train_manifest.csv,data/aptos2019/train_images/d85a842d20bd.png,2,3dd39a5e751c11f85cf324f7239335e2e859844d759f528348c28d2b4d92abfe,7599816,3388,2588,PASS
9ad92f1c1542,APTOS_TRAIN,model/datasets/train_manifest.csv,data/aptos2019/train_images/9ad92f1c1542.png,2,5f4ff6af4e4c1769e8dc593f3c3d3ea4b6b700134db2cf90349a155868958008,2381410,2416,1736,PASS
bf1b7e21e774,APTOS_TRAIN,model/datasets/train_manifest.csv,data/aptos2019/train_images/bf1b7e21e774.png,2,70228f0d6140e3d6c90c43842546aa8501a8a7de694365d911acb02013326ec7,915408,1844,1226,PASS
d10d315f123f,APTOS_TRAIN,model/datasets/train_manifest.csv,data/aptos2019/train_images/d10d315f123f.png,2,da71ec8320b7c60e2df183ff52b4ac159b5b810df27d58e4b9ed9069bab7db44,2243352,2416,1736,PASS
6b66b0e86f7e,APTOS_TRAIN,model/datasets/train_manifest.csv,data/aptos2019/train_images/6b66b0e86f7e.png,0,aac95d06bb12f2bef441bf03d6ecb3381c0edc968fe4936a0b978e2e6da9dbd1,923412,1050,1050,PASS
ec6f1797a25a,APTOS_TRAIN,model/datasets/train_manifest.csv,data/aptos2019/train_images/ec6f1797a25a.png,0,b445d6696ed7d22e1f12f8b0154ff1b8c71fa44505f23ab1fff2c92bcbbe9a1f,998434,1050,1050,PASS
9a3109657ac1,APTOS_TRAIN,model/datasets/train_manifest.csv,data/aptos2019/train_images/9a3109657ac1.png,1,5d492cd784efd5ecbf1e849de3876ead011609ea0123c24b7b2c8bbab97659f9,2019870,2416,1736,PASS
11b5c77fbf79,APTOS_TRAIN,model/datasets/train_manifest.csv,data/aptos2019/train_images/11b5c77fbf79.png,2,e242135098b97fed304a03dd610c052d7ee63280a0ce4c2f061c9e3ebffa24a9,5740087,2588,1958,PASS
88e5051f65bd,APTOS_TRAIN,model/datasets/train_manifest.csv,data/aptos2019/train_images/88e5051f65bd.png,0,69eb3886682607692759a5d910ff996d485643b0070fa3e452c784ed4f40a875,1975274,2048,1536,PASS
aaaadb174012,APTOS_TRAIN,model/datasets/train_manifest.csv,data/aptos2019/train_images/aaaadb174012.png,0,7a43452e9842977fc1dbcb6227b260441bbcadb943eb4ee63c40c5b6ea97fba2,965962,1050,1050,PASS
be197b663520,APTOS_TRAIN,model/datasets/train_manifest.csv,data/aptos2019/train_images/be197b663520.png,0,a81a3b821c348d3b0a16474429004e9a9d6f901b01d6934b2a864ea5aec1f520,1029880,1050,1050,PASS
141735b57ec0,APTOS_TRAIN,model/datasets/train_manifest.csv,data/aptos2019/train_images/141735b57ec0.png,2,cbe326f91fcbeabd1bca86e2e6df7ef57d271a3974c3166692952af5657d9d21,2384287,2416,1736,PASS
5257cb536da2,APTOS_TRAIN,model/datasets/train_manifest.csv,data/aptos2019/train_images/5257cb536da2.png,0,90d7cfd978e66d689e40617ffa9935cc61c09fb0b7e68c515745bd6ca8b78b53,393758,819,614,PASS
ea7e21bab610,APTOS_TRAIN,model/datasets/train_manifest.csv,data/aptos2019/train_images/ea7e21bab610.png,0,e480c2b49c5f9a14c78a408c8fa82fb5d948a0d0d857f3b13d641d91a148a3e9,1016928,1050,1050,PASS
1da4a17c18c9,APTOS_TRAIN,model/datasets/train_manifest.csv,data/aptos2019/train_images/1da4a17c18c9.png,0,f7ee5141bd3b8f6231e96e6a3990d8a4039c0c871158d5f905bf89c2b1dace17,1040025,1050,1050,PASS
3428230bf1bd,APTOS_TRAIN,model/datasets/train_manifest.csv,data/aptos2019/train_images/3428230bf1bd.png,2,55e863cf250582610b35553204deaa0cce08a47f97d6364680b73352992d2c5c,2084438,2416,1736,PASS
da949aa67a4f,APTOS_TRAIN,model/datasets/train_manifest.csv,data/aptos2019/train_images/da949aa67a4f.png,0,26d96e42fafe9aed4e1895b95ea7c8a83b3f4ea86e1c5cf8ee535ef88437eb25,1915376,2048,1536,PASS
1faf8664816c,APTOS_TRAIN,model/datasets/train_manifest.csv,data/aptos2019/train_images/1faf8664816c.png,0,9c062ae12716a2ae170ce6dbbc1dfbf4724bc61ddd90c5368662add0aea7f756,922249,1050,1050,PASS
c7c0470bcf87,APTOS_TRAIN,model/datasets/train_manifest.csv,data/aptos2019/train_images/c7c0470bcf87.png,2,3192bb7dffa44dc457226aacf9ba14609aa0d7694dc785e772f0cdc06e6c2ba6,5096117,2588,1958,PASS
51a078d6d43a,APTOS_TRAIN,model/datasets/train_manifest.csv,data/aptos2019/train_images/51a078d6d43a.png,0,1da23dca20c1e80b4a26588ecc2ee8b72a5edb982ae377ce961436f9c278594a,950349,1050,1050,PASS
55eac26bd383,APTOS_TRAIN,model/datasets/train_manifest.csv,data/aptos2019/train_images/55eac26bd383.png,1,084d778933b0c373b6a5125675bd178c867007122dfbd81f8029eef9b20b7a6c,2069880,2416,1736,PASS
24b943fe725e,APTOS_TRAIN,model/datasets/train_manifest.csv,data/aptos2019/train_images/24b943fe725e.png,1,09a9f71878beaeb69a4d5cf251ce2072b8b9806f4d6d65ca8e98bac2c53e9027,729672,1844,1226,PASS
35df2bc6ae95,APTOS_TRAIN,model/datasets/train_manifest.csv,data/aptos2019/train_images/35df2bc6ae95.png,0,9c13db1bd607636961e9c8f528df628c843b211fe44145306bf0298414e5cb97,980106,1050,1050,PASS
98e44127872f,APTOS_TRAIN,model/datasets/train_manifest.csv,data/aptos2019/train_images/98e44127872f.png,0,098b8f4ac7d3de7534a487e73ff23eb3d8186a51be8542d7a5fc3d19c32f862e,867619,1050,1050,PASS
9a56cfb980ec,APTOS_TRAIN,model/datasets/train_manifest.csv,data/aptos2019/train_images/9a56cfb980ec.png,0,5d166d56c2f19203435a18672347548079d8091a322ffee0c4d2eae51a684aa0,1929235,2048,1536,PASS
d9d2631f043c,APTOS_TRAIN,model/datasets/train_manifest.csv,data/aptos2019/train_images/d9d2631f043c.png,0,04e16d1dd0309275d5fdd1c95a93d9efd38e98ce32c87d91e3554f7facd44267,5428845,2588,1958,PASS
49a4765f8822,APTOS_TRAIN,model/datasets/train_manifest.csv,data/aptos2019/train_images/49a4765f8822.png,2,874011750f175a5336a82e7cb9425b2adfedf91f883a24e3cea7981492eb7873,3009324,3216,2136,PASS
5a444c32cd9a,APTOS_TRAIN,model/datasets/train_manifest.csv,data/aptos2019/train_images/5a444c32cd9a.png,0,d20341ccf8ff6a47a1d7596900b86339372abda6cb8dc3576cce77d3b159d8a3,1003378,1050,1050,PASS
9122b31414d3,APTOS_TRAIN,model/datasets/train_manifest.csv,data/aptos2019/train_images/9122b31414d3.png,0,16fc5b4ffaf7b30ad514e5f160ebb0f1b9b173ce3951234c5440b7d8a578dabb,1013040,1050,1050,PASS
da2bdf4236ac,APTOS_TRAIN,model/datasets/train_manifest.csv,data/aptos2019/train_images/da2bdf4236ac.png,0,9d2603ae0c96dd5e49776869732a7d6261e8bc42ca903d7e5c57431181d7b8db,307327,819,614,PASS
eed4afc8ec83,APTOS_TRAIN,model/datasets/train_manifest.csv,data/aptos2019/train_images/eed4afc8ec83.png,1,d241d54c5e9fc626c058ea6fcb13173bcd2db84e3f68c8849863aa4c37a3c923,989985,1050,1050,PASS
2b10f138e67d,APTOS_TRAIN,model/datasets/train_manifest.csv,data/aptos2019/train_images/2b10f138e67d.png,0,6acd264565cb9af8c8246b88ce23bf0074aa48a28f24f1a66c98fcd139c11bfc,295586,819,614,PASS
5c817060c0ed,APTOS_TRAIN,model/datasets/train_manifest.csv,data/aptos2019/train_images/5c817060c0ed.png,0,a315dee850c1f66cb76a1b248b17d29f98af71b8b8a042d1f08c66774ec8bd1b,1047675,1050,1050,PASS
4c570172778b,APTOS_TRAIN,model/datasets/train_manifest.csv,data/aptos2019/train_images/4c570172778b.png,3,07d5e8da664b4783fcd7888db96afd1bcd355e19403d56cc39431c213b0759c6,4358775,3388,2588,PASS
3c28fd846b43,APTOS_TRAIN,model/datasets/train_manifest.csv,data/aptos2019/train_images/3c28fd846b43.png,0,a56872c0a848a184a93ec77e07199cb15ca7cbb6a3c06a6624fb810528a454ad,938269,1050,1050,PASS
8906c9ed54a2,APTOS_TRAIN,model/datasets/train_manifest.csv,data/aptos2019/train_images/8906c9ed54a2.png,0,439178acc70ed69c49602dc908363bdad06ed97eb34ee81deda59397c028cae4,1931065,2048,1536,PASS
a76b69e443ce,APTOS_TRAIN,model/datasets/train_manifest.csv,data/aptos2019/train_images/a76b69e443ce.png,4,c6ced4a7ff4f2c050306beb6b4820746f2c67f997a90381f2a364be47969d3f8,5041632,2588,1958,PASS
7eee3d1f1268,APTOS_TRAIN,model/datasets/train_manifest.csv,data/aptos2019/train_images/7eee3d1f1268.png,0,38ec55362e1232fb68dda2c29266a3094be5e76cb20c2af5f7af3e5a46e0bfa4,4805418,2588,1958,PASS
cb75210abebe,APTOS_TRAIN,model/datasets/train_manifest.csv,data/aptos2019/train_images/cb75210abebe.png,2,a11d7372612b6654642635e45c3907f5c412a0fd22c3decf654d5f6c8155fa6e,2649610,3216,2136,PASS
568455854a11,APTOS_TRAIN,model/datasets/train_manifest.csv,data/aptos2019/train_images/568455854a11.png,0,42349d679ef82055903a9e3cfe8a60e1c37d33be58362b6869213790faa33150,302067,819,614,PASS
bab776139279,APTOS_TRAIN,model/datasets/train_manifest.csv,data/aptos2019/train_images/bab776139279.png,0,f5ca9e762ffff8f009179f9dd00b4f1dde08900d4a938e26568e6a10fe02ec9c,1951569,2048,1536,PASS
d74ccc796517,APTOS_TRAIN,model/datasets/train_manifest.csv,data/aptos2019/train_images/d74ccc796517.png,0,e01ac5cea0795fed38432231921f0dfc40e9e4ec7bcaf9c68208c81ec7b69344,919470,1050,1050,PASS
a2b995b81692,APTOS_TRAIN,model/datasets/train_manifest.csv,data/aptos2019/train_images/a2b995b81692.png,0,0b7be2d13bdd816294981ae9b1216963ea9d9e364747ead26a38244edc7d7510,847824,1050,1050,PASS
7bc00e58d419,APTOS_TRAIN,model/datasets/train_manifest.csv,data/aptos2019/train_images/7bc00e58d419.png,0,1f5317cdd3f3116e980f1471a994f37b8f5631d3382cd111fafba0cf9089ff9f,1043202,1050,1050,PASS
6f923b60934b,APTOS_TRAIN,model/datasets/train_manifest.csv,data/aptos2019/train_images/6f923b60934b.png,4,3e21ee7fb8f84fae19385d531766577b2c59dbce101ff64a28ad38a39995ebc9,1868864,2416,1736,PASS
9985375d709f,APTOS_TRAIN,model/datasets/train_manifest.csv,data/aptos2019/train_images/9985375d709f.png,0,5da11e8d0c4f0ff8dabaeb4057d312fd382f01782229d09ea7c1ad6fecb7a8e1,1041242,1050,1050,PASS
b598bc9753c2,APTOS_TRAIN,model/datasets/train_manifest.csv,data/aptos2019/train_images/b598bc9753c2.png,0,81b6e7380afa7b9b7f542388015cb37d285a13f2e9c4915211443b39797b4dd9,979383,1050,1050,PASS
89b044cbaf85,APTOS_TRAIN,model/datasets/train_manifest.csv,data/aptos2019/train_images/89b044cbaf85.png,2,c6c595662a160b70ca0ec03b05c2a6a02604a48510fe5a360481db07a00c44fb,2745173,2416,1736,PASS
73ba798fee25,APTOS_TRAIN,model/datasets/train_manifest.csv,data/aptos2019/train_images/73ba798fee25.png,0,b14cf8a6c319579edcd21e1eda36563349fdc1d27a5bb8da46b064c1b9255041,917463,1050,1050,PASS
58eb3809f456,APTOS_TRAIN,model/datasets/train_manifest.csv,data/aptos2019/train_images/58eb3809f456.png,0,87aa995752e42263920e0e1540c6839b031c2055b98db08779c00a62d02378f8,1775926,2048,1536,PASS
d9e58e4d8689,APTOS_TRAIN,model/datasets/train_manifest.csv,data/aptos2019/train_images/d9e58e4d8689.png,0,a6300eff113dea932b999d742ec2515087375e35ca98bffac2384c583f448fcb,2451593,2416,1736,PASS
cff262ed8f4c,APTOS_TRAIN,model/datasets/train_manifest.csv,data/aptos2019/train_images/cff262ed8f4c.png,0,f6620942ccaf66956f3918f2b02f00b6234444275af6f8763d268181ef79c2de,5899312,2588,1958,PASS
354b8911d6ed,APTOS_TRAIN,model/datasets/train_manifest.csv,data/aptos2019/train_images/354b8911d6ed.png,2,38470fd177fca1639edbb3f4f6fba89a98958f510283f96eaf8240202868585a,6981877,3388,2588,PASS
4528fbbd43a3,APTOS_TRAIN,model/datasets/train_manifest.csv,data/aptos2019/train_images/4528fbbd43a3.png,0,c98edf0280dd3631242f99dcc1e4382c2d1febe91bccf06938311369083236ea,1131960,1050,1050,PASS
b77b8a1f09f1,APTOS_TRAIN,model/datasets/train_manifest.csv,data/aptos2019/train_images/b77b8a1f09f1.png,4,00e29213412bdd1d4a2cf271bcf8f35bd1aeb9c10e09fccc591a136e4f892cca,1844438,2416,1736,PASS
86722fcd802c,APTOS_TRAIN,model/datasets/train_manifest.csv,data/aptos2019/train_images/86722fcd802c.png,2,ab60e58e807f614efe1a59517215272b0ca50a00d29086be77f6592c36b04de5,2603983,2416,1736,PASS
3c1efa38d0da,APTOS_TRAIN,model/datasets/train_manifest.csv,data/aptos2019/train_images/3c1efa38d0da.png,2,a03235fc18e7e3dd3083eada98f62b9bae707e38194e672ce4f14b99010ecc32,5072187,2588,1958,PASS
936299166bea,APTOS_TRAIN,model/datasets/train_manifest.csv,data/aptos2019/train_images/936299166bea.png,0,ade4baed22e885ed7b4275f73de55d3c892204b99507a73e2133cf0231fe4bec,301976,819,614,PASS
bc34f52c37c7,APTOS_TRAIN,model/datasets/train_manifest.csv,data/aptos2019/train_images/bc34f52c37c7.png,0,54bd75d8d770636373a6dd19af18e876a6f49873d819d5808be69c9b0873826e,1918687,2048,1536,PASS
3c726de3ee90,APTOS_TRAIN,model/datasets/train_manifest.csv,data/aptos2019/train_images/3c726de3ee90.png,1,93846c720a48725f4761e600a65961ee25fd0dba0329bbd2d8bb512515f085e6,2625679,3216,2136,PASS
80b5a9519aec,APTOS_TRAIN,model/datasets/train_manifest.csv,data/aptos2019/train_images/80b5a9519aec.png,2,63603f4afff93a43b5104262a04dd972a15f6261a03e2ac55473252652234b1c,5019308,2588,1958,PASS
7ccb267fd394,APTOS_TRAIN,model/datasets/train_manifest.csv,data/aptos2019/train_images/7ccb267fd394.png,1,b1c13f18d36aab0152f795213e019c7779de4066d3334d8b077bf1ea05eb199b,1939788,2416,1736,PASS
080f66eedfb9,APTOS_TRAIN,model/datasets/train_manifest.csv,data/aptos2019/train_images/080f66eedfb9.png,4,2c6f015beb72d2b8c0f7497433f22990d7eb595a04873983987d04d5bc3746dd,2151565,2416,1736,PASS
a3fcf42ff56d,APTOS_TRAIN,model/datasets/train_manifest.csv,data/aptos2019/train_images/a3fcf42ff56d.png,4,157ee9022b090aac3b4d46cf25ab1ba68ba8fc81de848b1582e9e696d9c497ac,7019581,3388,2588,PASS
0c7e82daf5a0,APTOS_TRAIN,model/datasets/train_manifest.csv,data/aptos2019/train_images/0c7e82daf5a0.png,2,ec71d1b6d6e1778c4362eec6808582e963daed47d865e96f2e38f997ad98f99a,1343114,1504,1000,PASS
4da2961e62fe,APTOS_TRAIN,model/datasets/train_manifest.csv,data/aptos2019/train_images/4da2961e62fe.png,1,c4d82384dbb64a2e3066350f0f81a98d426383ec3be1e41374b7809ac9ed3490,5317899,2588,1958,PASS
5c7ab966a3ee,APTOS_TRAIN,model/datasets/train_manifest.csv,data/aptos2019/train_images/5c7ab966a3ee.png,4,67093da8f76d758465739835ddc01142feb3edcd0ecd8673dfa1bc117b40ed6f,5020783,2588,1958,PASS
c613db1cab27,APTOS_TRAIN,model/datasets/train_manifest.csv,data/aptos2019/train_images/c613db1cab27.png,2,6aa00f2a84417cd2aa7ab565c861c957f0e01bcd0e2c36c9bfac0bdbb102a34d,2154110,3216,2136,PASS
aea59ebec445,APTOS_TRAIN,model/datasets/train_manifest.csv,data/aptos2019/train_images/aea59ebec445.png,3,317b0ac24431cb5a051eb309053885ec489259efdf06085d989b95f282b4f074,2304277,3216,2136,PASS
4aa3d771c5e4,APTOS_TRAIN,model/datasets/train_manifest.csv,data/aptos2019/train_images/4aa3d771c5e4.png,0,086c0702c55f4514afd933086df4d0e7a1a816aab8f7136661043faf433875d9,1076293,1050,1050,PASS
46923eea9a4e,APTOS_TRAIN,model/datasets/train_manifest.csv,data/aptos2019/train_images/46923eea9a4e.png,2,460200787fce5f681bd1c9506fcc3093c897f340f8adebe1959c0e9670918589,2230088,2416,1736,PASS
14c3b41d289c,APTOS_TRAIN,model/datasets/train_manifest.csv,data/aptos2019/train_images/14c3b41d289c.png,0,a099758c6f569ed5959fe0118d3f3bd1d803c4e30004658e4653debbd5fdba84,5560891,2588,1958,PASS
d3e56584a481,APTOS_TRAIN,model/datasets/train_manifest.csv,data/aptos2019/train_images/d3e56584a481.png,0,f95aa63da7f01d501ff0dd32d0aa191f92e8095483bce9b5b3375282b1e87fc2,290781,819,614,PASS
42cc993f23a9,APTOS_TRAIN,model/datasets/train_manifest.csv,data/aptos2019/train_images/42cc993f23a9.png,3,ffa8f58e7d3ff8a203c1d9e1421c469ec520e5186a7ef11ac335d30a7a5e123e,5378987,2588,1958,PASS
50ddd7d976df,APTOS_TRAIN,model/datasets/train_manifest.csv,data/aptos2019/train_images/50ddd7d976df.png,0,6bb04aa9ecc546699e40dd8cf8068944c39058c0afaf7ef8518552744689d26a,5256895,2588,1958,PASS
4e54ccfd49b2,APTOS_TRAIN,model/datasets/train_manifest.csv,data/aptos2019/train_images/4e54ccfd49b2.png,0,b8b97c185fd17ee7db26d0d1572eaff5c589ca4b5b8ea28b0ac3f6bf05c37b29,915797,1050,1050,PASS
174db0854291,APTOS_TRAIN,model/datasets/train_manifest.csv,data/aptos2019/train_images/174db0854291.png,0,c3c44ca6599ae8f5ac26f5a98df9a480fc26e5f8ce8b254ce7144f03fc17c714,961029,1050,1050,PASS
00e4ddff966a,APTOS_TRAIN,model/datasets/train_manifest.csv,data/aptos2019/train_images/00e4ddff966a.png,2,c50cac0cf3ea872451150ed0cf4b56640acb9c1d69f7f3e96c11526a67b662dd,2235611,2416,1736,PASS
97da093947e8,APTOS_TRAIN,model/datasets/train_manifest.csv,data/aptos2019/train_images/97da093947e8.png,4,b1d3bfcbe0c4c2e343142737a0c769f13489eccd5c5e8744c8db4178f2e2cda4,2948547,3216,2136,PASS
922586d86cd8,APTOS_TRAIN,model/datasets/train_manifest.csv,data/aptos2019/train_images/922586d86cd8.png,0,623eefbafcd6e415118101bc9564f80a2360f10a9f7f5adcba3acf7384fdeeee,1028028,1050,1050,PASS
a419fcb2dfb5,APTOS_TRAIN,model/datasets/train_manifest.csv,data/aptos2019/train_images/a419fcb2dfb5.png,0,7319cc2217e7d225b42b3a9c487348afe3c40f3def01210378a9828ff7df4e0a,290555,819,614,PASS
306c841af3fc,APTOS_TRAIN,model/datasets/train_manifest.csv,data/aptos2019/train_images/306c841af3fc.png,0,a0ed3b62b47959f8862cbfd93e449865410777817788041325815385122547a3,5694651,2588,1958,PASS
66a0bf258013,APTOS_TRAIN,model/datasets/train_manifest.csv,data/aptos2019/train_images/66a0bf258013.png,4,88d2f36b64029fec22e43e66df8505b8e432863fb432affedee6c0ad376e0e91,2258460,2416,1736,PASS
d8404680bba6,APTOS_TRAIN,model/datasets/train_manifest.csv,data/aptos2019/train_images/d8404680bba6.png,2,981b9029cbd28c0da77fd5dbed60ab5640f3955d800e941fb302f434fe9cf08a,5211969,2588,1958,PASS
8693ab1fd2be,APTOS_TRAIN,model/datasets/train_manifest.csv,data/aptos2019/train_images/8693ab1fd2be.png,0,b73edcde1e45ad14335198a718d31d871985a34d72b5f10cf960d996e9746e4c,346584,819,614,PASS
4e43d05cc2ef,APTOS_TRAIN,model/datasets/train_manifest.csv,data/aptos2019/train_images/4e43d05cc2ef.png,2,c2ca1f392b13034cad5fd4156925028320351ecfc3b050a581bb784f50c50f84,2226907,2416,1736,PASS
a8b637abd96b,APTOS_TRAIN,model/datasets/train_manifest.csv,data/aptos2019/train_images/a8b637abd96b.png,0,f944186145653418c0ada62e23fc9fd226a8ee9788e163e84f3153d777209dde,2233799,2416,1736,PASS
fca931da5c5e,APTOS_TRAIN,model/datasets/train_manifest.csv,data/aptos2019/train_images/fca931da5c5e.png,1,b213099a4d6f1fbdbd3d43c4fba90e633deb861d348576a9e067b00af0b6c476,2316432,2416,1736,PASS
1844a039b4ea,APTOS_TRAIN,model/datasets/train_manifest.csv,data/aptos2019/train_images/1844a039b4ea.png,2,1ef2e83cecd81cd8d52d18243b498181cf1245a1adb4d22c55b33985b56d163a,3373548,3388,2588,PASS
a76132e79688,APTOS_TRAIN,model/datasets/train_manifest.csv,data/aptos2019/train_images/a76132e79688.png,0,d704a936561a871bfcb55a9cd7459b31e120efb42779d1c8c43663abe3ff8059,1012172,1050,1050,PASS
03676c71ed1b,APTOS_TRAIN,model/datasets/train_manifest.csv,data/aptos2019/train_images/03676c71ed1b.png,2,3f8b79ab85c3788c5ce8bbab8d73dc51a516968c8961f55b94318e35bbf76450,1022072,1050,1050,PASS
fb6b8200b7f8,APTOS_TRAIN,model/datasets/train_manifest.csv,data/aptos2019/train_images/fb6b8200b7f8.png,1,eb4e2e8dd36f830056b3abd5c5957de72386e4a3b58ee88ad3439b0d69e021bb,1973251,2416,1736,PASS
a125377fb985,APTOS_TRAIN,model/datasets/train_manifest.csv,data/aptos2019/train_images/a125377fb985.png,2,88d2fd04b83f98b0879a0d45665cd5d6bdbf8cda70b7b59c96e47e4f3083a93d,2271863,3216,2136,PASS
702de9dcde32,APTOS_TRAIN,model/datasets/train_manifest.csv,data/aptos2019/train_images/702de9dcde32.png,4,ddbc94fa131fd2620112de06d98d5659c64620f04b71202ede1d175f4fff61c6,2264396,2416,1736,PASS
f633c474e8b8,APTOS_TRAIN,model/datasets/train_manifest.csv,data/aptos2019/train_images/f633c474e8b8.png,0,8d759bedd89e925fc19456c818c6325750d2c5e78044e8a876ed26ece564fe88,1011445,1050,1050,PASS
3810040096cb,APTOS_TRAIN,model/datasets/train_manifest.csv,data/aptos2019/train_images/3810040096cb.png,4,622296d65e12a2ef4402be4a3d041196c3cc749f4d2b437c31eb1780cbcf561f,3367363,3216,2136,PASS
68332fdcaa70,APTOS_TRAIN,model/datasets/train_manifest.csv,data/aptos2019/train_images/68332fdcaa70.png,1,bd37f38536df009bec625fb5c589c054b253484716c89b67762b82f28c612320,2143457,2416,1736,PASS
e594c19e2e1d,APTOS_TRAIN,model/datasets/train_manifest.csv,data/aptos2019/train_images/e594c19e2e1d.png,0,5b97f6d02c76056758c9530a37ec57b32f5535ff50bc41eb99c95f43ced16fcb,942828,1050,1050,PASS
f092febbf5c0,APTOS_TRAIN,model/datasets/train_manifest.csv,data/aptos2019/train_images/f092febbf5c0.png,3,3999247c1b50a081df31b3482edc0461c574c1903f81ee70ea446f50c20779fe,2089499,2416,1736,PASS
4faf4063db8c,APTOS_TRAIN,model/datasets/train_manifest.csv,data/aptos2019/train_images/4faf4063db8c.png,0,be40a957b7b011ae2366c3f28d45e4b44476f7c0f54d89f1f0698e22d1f29872,1017496,1050,1050,PASS
103abbd8b63e,APTOS_TRAIN,model/datasets/train_manifest.csv,data/aptos2019/train_images/103abbd8b63e.png,0,ad9e54d5bd460dbf1f031b77f37c7250b1290f086bb2937532bbc1a84e8a21f4,1927049,2048,1536,PASS
e663c6627a95,APTOS_TRAIN,model/datasets/train_manifest.csv,data/aptos2019/train_images/e663c6627a95.png,2,cb2cfd12b354ab573f29fb7822438926e8f981cb2a7e8f1a1db396be6d7a2ce1,1976236,2416,1736,PASS
12ae44be0d38,APTOS_TRAIN,model/datasets/train_manifest.csv,data/aptos2019/train_images/12ae44be0d38.png,0,08c0b9e911252c7b8033082d96964d1e9d60eb7274c51921614943223d40229f,920509,1050,1050,PASS
bc23f74e14dd,APTOS_TRAIN,model/datasets/train_manifest.csv,data/aptos2019/train_images/bc23f74e14dd.png,2,40fb45d3b5d9f0c6aef06d391f3c267303bdab5730f0c2b70a40d8ea8fe28256,4926154,2588,1958,PASS
879744b9dc65,APTOS_TRAIN,model/datasets/train_manifest.csv,data/aptos2019/train_images/879744b9dc65.png,2,e5bf03375497a7761ba1341001cc1d3c910ae35168c6ff6469678ef7298f4ab7,3482322,3216,2136,PASS
ac81fc200162,APTOS_TRAIN,model/datasets/train_manifest.csv,data/aptos2019/train_images/ac81fc200162.png,0,4d0e5b849628b69cfe9d0dcdb0bb714871c09d793924bf8f5ded384114009c23,5374330,2588,1958,PASS
bda8c973b09d,APTOS_TRAIN,model/datasets/train_manifest.csv,data/aptos2019/train_images/bda8c973b09d.png,2,057493d7a125a1b3bd21ce515e114b2ea843b4b9a8192450c22c8dc50c7bb1c4,1885306,3216,2136,PASS
034cb07a550f,APTOS_TRAIN,model/datasets/train_manifest.csv,data/aptos2019/train_images/034cb07a550f.png,4,54717ae414aac99ce6594f1dcc75966b94ed5a0fef2c46b74955d3ccb59856da,5966646,3216,2136,PASS
ffa47f6a7bf4,APTOS_TRAIN,model/datasets/train_manifest.csv,data/aptos2019/train_images/ffa47f6a7bf4.png,2,204b4fce9d51baa778049b147d5da77257c1d8ababd3b87ca3dfc79154a632d4,4018809,3388,2588,PASS
8c29a76fa08c,APTOS_TRAIN,model/datasets/train_manifest.csv,data/aptos2019/train_images/8c29a76fa08c.png,0,190546da40951264a87c8a8a44fa28e3f3d5475006f5cc1a1fc63fa24703c28a,986143,1050,1050,PASS
e229aca862c7,APTOS_TRAIN,model/datasets/train_manifest.csv,data/aptos2019/train_images/e229aca862c7.png,2,63e3ab620afb4a463711d67c0c58c6510c01ebe1e30565bcbacf63334d8cecb4,3121922,3216,2136,PASS
0d0a21fd354f,APTOS_TRAIN,model/datasets/train_manifest.csv,data/aptos2019/train_images/0d0a21fd354f.png,2,e82cf7901831394e185f74fcf1e21a966593c7e870b0815499285987285bb940,5127203,2588,1958,PASS
d8cdb7d7283a,APTOS_TRAIN,model/datasets/train_manifest.csv,data/aptos2019/train_images/d8cdb7d7283a.png,2,b0ed0fe67d358368d341c52893256100772eae2fa7b93f3e98a1e4c3db72cc6c,1858614,2416,1736,PASS
de57c9e9fa93,APTOS_TRAIN,model/datasets/train_manifest.csv,data/aptos2019/train_images/de57c9e9fa93.png,0,495ade7cd0789e4be58706a73a47b9a8dc63bec9da87b42119d44d35663e8b78,2096664,1476,1117,PASS
f6f7dba7104d,APTOS_TRAIN,model/datasets/train_manifest.csv,data/aptos2019/train_images/f6f7dba7104d.png,1,b1166fd4de6fa156cea9550b0bdd883a8ca9daa77c9daf003ad1264562dd7137,1999919,2416,1736,PASS
bb752b179751,APTOS_TRAIN,model/datasets/train_manifest.csv,data/aptos2019/train_images/bb752b179751.png,0,f489c2f01825d9fa4007f47d1f96dc811373aa402a4161bd83e1b7c97218b650,1095373,1050,1050,PASS
8ead17dfb6a6,APTOS_TRAIN,model/datasets/train_manifest.csv,data/aptos2019/train_images/8ead17dfb6a6.png,0,576e7af287df197e126bf0c33fb2c88f72789130b9b8b8071d17899912197729,1873470,2048,1536,PASS
51af8c112682,APTOS_TRAIN,model/datasets/train_manifest.csv,data/aptos2019/train_images/51af8c112682.png,4,6b0f3beb97a0a3cafa3c5b7f1f04cff7cf4983394c10e8f8c92ed1344fd7933a,5371016,2588,1958,PASS
763ad1236efe,APTOS_TRAIN,model/datasets/train_manifest.csv,data/aptos2019/train_images/763ad1236efe.png,0,3e38df556a1f48de17e5ec07bce1731b0868b5ccf594186d18d56851f9d38254,897474,1050,1050,PASS
891329021e12,APTOS_TRAIN,model/datasets/train_manifest.csv,data/aptos2019/train_images/891329021e12.png,0,fae7f34373b0a3547635c36d48276fe57488065861639fa09aa5eb3425e82135,1013749,1050,1050,PASS
f9e779a13204,APTOS_TRAIN,model/datasets/train_manifest.csv,data/aptos2019/train_images/f9e779a13204.png,2,fa0ce92cf082f6ebbf2bace73c3b50cc70e7d9473dffeba5b6b5f184cba305e3,2137071,2416,1736,PASS
eb1d37b71fd1,APTOS_TRAIN,model/datasets/train_manifest.csv,data/aptos2019/train_images/eb1d37b71fd1.png,4,2167f69e598c7736b84e6be070e7334057c08f7b88a904bfec0d7a5b8226da3d,2334999,2416,1736,PASS
b17f0b81dab3,APTOS_TRAIN,model/datasets/train_manifest.csv,data/aptos2019/train_images/b17f0b81dab3.png,1,a1e59a5e3c05ac820792449059e0ffe955ec6fa75e306d532704840c35673719,2190556,2416,1736,PASS
d29b37d110f3,APTOS_TRAIN,model/datasets/train_manifest.csv,data/aptos2019/train_images/d29b37d110f3.png,0,96449c92a04b9ebff448de4561265fa5ed86afd190420d2c5f6c9819bec63010,274266,819,614,PASS
226c6ceb9185,APTOS_TRAIN,model/datasets/train_manifest.csv,data/aptos2019/train_images/226c6ceb9185.png,0,ab5174d1716139d245fcbbdafd24f7da19b5691255a700fba52669c1f83ee5fb,1673155,2048,1536,PASS
68987fb159ab,APTOS_TRAIN,model/datasets/train_manifest.csv,data/aptos2019/train_images/68987fb159ab.png,0,049249545166cbd3fcac6cea62ce842fac4d2c9cee6145b8ed6a9a84aaf6ebee,1011705,1050,1050,PASS
1df0a4c23c95,APTOS_TRAIN,model/datasets/train_manifest.csv,data/aptos2019/train_images/1df0a4c23c95.png,0,d5b983eb69a504456a5005cce27bbd2f08197e6d2af76819d4c057fcba374cc2,292912,819,614,PASS
09eeafa9656a,APTOS_TRAIN,model/datasets/train_manifest.csv,data/aptos2019/train_images/09eeafa9656a.png,2,61c2a247a23047e4f2bffbb3e186fd8130151018695f9efe9f9ab6b89c0a00c3,2313233,3216,2136,PASS
1c0cf251b426,APTOS_TRAIN,model/datasets/train_manifest.csv,data/aptos2019/train_images/1c0cf251b426.png,1,b2401abfe0ff0417532c903eee38f218d578e16704267368a3d1b4a016798275,2321976,2416,1736,PASS
09935d72892b,APTOS_TRAIN,model/datasets/train_manifest.csv,data/aptos2019/train_images/09935d72892b.png,1,646e95dd27c205f12556e143012dd0455c7d15188ca0e253da45c5ae2574d854,5257216,2588,1958,PASS
8650d32f4a9e,APTOS_TRAIN,model/datasets/train_manifest.csv,data/aptos2019/train_images/8650d32f4a9e.png,0,85761a33636a93fa686dd231aecb11630d551e85831c6d776534b787261dfe34,307012,819,614,PASS
b94c58d063bf,APTOS_TRAIN,model/datasets/train_manifest.csv,data/aptos2019/train_images/b94c58d063bf.png,1,181dd2cdd6f5cde42c39df3c901e4ba74b53c9193ffdb8f5fad608b5ba936dff,3748306,2588,1958,PASS
51af8a689511,APTOS_TRAIN,model/datasets/train_manifest.csv,data/aptos2019/train_images/51af8a689511.png,0,be9d7040ca6b1e1feb765a17829e5fc0e5cca02d8fc457ef9ca69c1bb04511ea,929380,1050,1050,PASS
44ecf3f4efa5,APTOS_TRAIN,model/datasets/train_manifest.csv,data/aptos2019/train_images/44ecf3f4efa5.png,4,eb9b5792a8bce2340ca6c143e89c72bee8b34cab4240cd549abeb78cc89e637a,2088245,2416,1736,PASS
7c6594b50690,APTOS_TRAIN,model/datasets/train_manifest.csv,data/aptos2019/train_images/7c6594b50690.png,0,9f5a471cf283f41397e01bb6cc9a478cd6eafa9edb1d4a53a2ee812f7d200b3e,955384,1050,1050,PASS
0f495d87656a,APTOS_TRAIN,model/datasets/train_manifest.csv,data/aptos2019/train_images/0f495d87656a.png,1,bf7bc7d2fd41ae9a876522313f182287c5b473d3e4d6d4c4c85756b88681cdff,2185627,2416,1736,PASS
7b211d8bd249,APTOS_TRAIN,model/datasets/train_manifest.csv,data/aptos2019/train_images/7b211d8bd249.png,4,44ca69f931ee121369558717f8a1127902c1e1b6c978d5126021cf13d65708fd,7225350,3388,2588,PASS
aeccef0bdc26,APTOS_TRAIN,model/datasets/train_manifest.csv,data/aptos2019/train_images/aeccef0bdc26.png,0,288cdaf31498ddeda2acb7e9dc3ad6fff288265574bbef5fed0f3642b91096db,1013988,1050,1050,PASS
a30a143a53a3,APTOS_TRAIN,model/datasets/train_manifest.csv,data/aptos2019/train_images/a30a143a53a3.png,0,aa446ff2f5b5fa58305db24a939853b2fdd9254968b23bb711db2a7a1be4902f,1067654,1050,1050,PASS
cd5714db652d,APTOS_TRAIN,model/datasets/train_manifest.csv,data/aptos2019/train_images/cd5714db652d.png,1,ed091c1ef2c82d70a8cc05290d9f044db26f084bf840ffad9d83312192d856b9,1990885,2416,1736,PASS
1ae8c165fd53,APTOS_TRAIN,model/datasets/train_manifest.csv,data/aptos2019/train_images/1ae8c165fd53.png,2,4134302dbbef870030a6061212f7c56f31f08def634839cfaf2fb2e127dc43f0,2102381,3216,2136,PASS
febfb20dc311,APTOS_TRAIN,model/datasets/train_manifest.csv,data/aptos2019/train_images/febfb20dc311.png,0,0efb3531e897cf2278549ac29429701510df9fb96aac87853562e5828298dfa1,1005004,1050,1050,PASS
bcc762618e7d,APTOS_TRAIN,model/datasets/train_manifest.csv,data/aptos2019/train_images/bcc762618e7d.png,2,c9a50e0501aa3185d1ceed5d89f7098e297044f0950c5ac31b0c3deb9191630f,871517,1844,1226,PASS
8a25a080f28f,APTOS_TRAIN,model/datasets/train_manifest.csv,data/aptos2019/train_images/8a25a080f28f.png,1,8218381895bccc51feca95366cbdacf08f96180157d879d68c3e48226a892932,999593,1844,1226,PASS
16060f05d047,APTOS_TRAIN,model/datasets/train_manifest.csv,data/aptos2019/train_images/16060f05d047.png,0,c43372f62c2cab8f8bfa720a6910d29b02c682389cbbd1af0e02806dc6c52fe7,998466,1050,1050,PASS
db52626d450c,APTOS_TRAIN,model/datasets/train_manifest.csv,data/aptos2019/train_images/db52626d450c.png,0,34438853de4debb0bd630a72de35253e696128fd2703b6c515edbed11cb99638,951523,1050,1050,PASS
57469423a012,APTOS_TRAIN,model/datasets/train_manifest.csv,data/aptos2019/train_images/57469423a012.png,2,a241eac87c22f2a2a0c7743cb73b2db813a9096b96bd6e7e9b30fd858e87c723,2280734,2416,1736,PASS
b10fca20c885,APTOS_TRAIN,model/datasets/train_manifest.csv,data/aptos2019/train_images/b10fca20c885.png,0,4e6a1f5b99db7b73a3eb1f7d9d41a46148cf77cd90ad00215c81b8fc453606b2,932558,1050,1050,PASS
518e880613de,APTOS_TRAIN,model/datasets/train_manifest.csv,data/aptos2019/train_images/518e880613de.png,4,dd1ea1aaa825b1e0a06cc8d225205b0a924b7394375e2e185d68426a5d30ba97,2557536,3216,2136,PASS
6e1db8711879,APTOS_TRAIN,model/datasets/train_manifest.csv,data/aptos2019/train_images/6e1db8711879.png,0,6c327346cd137f039a4ab19ea360e346198d6b775682c8a678a3a937207ad399,1969698,2048,1536,PASS
ed648b9bcd95,APTOS_TRAIN,model/datasets/train_manifest.csv,data/aptos2019/train_images/ed648b9bcd95.png,0,300dcedc571e49353f44eb8b54598cb9c98b3c7da319978ef564008b69881453,322019,819,614,PASS
1ec95179cdfe,APTOS_TRAIN,model/datasets/train_manifest.csv,data/aptos2019/train_images/1ec95179cdfe.png,0,6436941804f4733dcd36675959753b3f7b8a14da1a8e5ac196f7cd9c80ac40a6,375794,819,614,PASS
d9bbdc33db83,APTOS_TRAIN,model/datasets/train_manifest.csv,data/aptos2019/train_images/d9bbdc33db83.png,2,eb9a9cba671778aea47ef715c6b137ec1b1bb66866850ff706f53dca567769cc,384007,640,480,PASS
38373431d996,APTOS_TRAIN,model/datasets/train_manifest.csv,data/aptos2019/train_images/38373431d996.png,0,901050657983f6509bd6d1c2c7a22fb55042ed826acd5264fad7de88fb9f68cc,1971838,2048,1536,PASS
2241b7e90782,APTOS_TRAIN,model/datasets/train_manifest.csv,data/aptos2019/train_images/2241b7e90782.png,2,43a6f32fea044e28463d6ceb7847291e4f1c1ac64961f70df6248ff66b3730ab,292963,640,480,PASS
cad5b1a82e60,APTOS_TRAIN,model/datasets/train_manifest.csv,data/aptos2019/train_images/cad5b1a82e60.png,0,48cc6aa215cbd5cf3852409880f3e8389a2f2f3d52eb28ec4eaeba80b80bb688,1969955,2048,1536,PASS
c406325360b1,APTOS_TRAIN,model/datasets/train_manifest.csv,data/aptos2019/train_images/c406325360b1.png,2,af03aacb70f585869f33491c6a6a98968cce13b24d9dd4cb972c59d410603a69,842676,1050,1050,PASS
bf9cba745efc,APTOS_TRAIN,model/datasets/train_manifest.csv,data/aptos2019/train_images/bf9cba745efc.png,2,c324ddc6cf5615c2832eb593ebe7606eaadc2d2af1d067dd50d4236a77fe4ecf,933056,1050,1050,PASS
956765d5f46d,APTOS_TRAIN,model/datasets/train_manifest.csv,data/aptos2019/train_images/956765d5f46d.png,0,59e3e3d65ff358c6ed7674d868449abcdaf6152220d22a040b2e494ce688a924,442204,819,614,PASS
2bbd1f99ecc3,APTOS_TRAIN,model/datasets/train_manifest.csv,data/aptos2019/train_images/2bbd1f99ecc3.png,3,d06c3e6c31951ae21efe2b9e8cc72184a3519a22345e1136b0ceddff9047a88a,1893469,2896,1944,PASS
f3a88d3026dc,APTOS_TRAIN,model/datasets/train_manifest.csv,data/aptos2019/train_images/f3a88d3026dc.png,2,a160442f2acb73860aca8e0ffa7ca4134e3d0d0d0cd9f4632578c1bc63b9254e,918044,1050,1050,PASS
4a96c28f3f07,APTOS_TRAIN,model/datasets/train_manifest.csv,data/aptos2019/train_images/4a96c28f3f07.png,0,ef2cc2318d00b9c0d1374a519e1ace25715ab4ae5919d45d641de2c6854e75d5,280575,819,614,PASS
807135cbc438,APTOS_TRAIN,model/datasets/train_manifest.csv,data/aptos2019/train_images/807135cbc438.png,2,6d8f90f4cd85fc066ff898a4b0245e96bc37535f1fbc44534fb77f0826b4ef1a,4874827,2588,1958,PASS
a73c3d516c59,APTOS_TRAIN,model/datasets/train_manifest.csv,data/aptos2019/train_images/a73c3d516c59.png,0,5dbb14d6caf2bcb8d5b3ed53bd8f604a3ad26d51f9748c44a73d111f266c24c6,353463,819,614,PASS
08c17a2d95b7,APTOS_TRAIN,model/datasets/train_manifest.csv,data/aptos2019/train_images/08c17a2d95b7.png,2,fc38badf14e05ccd7e368d633c32a333b2d26165b3af925f908563e93bc56a63,5298152,2588,1958,PASS
4d167ca69ea8,APTOS_TRAIN,model/datasets/train_manifest.csv,data/aptos2019/train_images/4d167ca69ea8.png,0,08fa6ff2335befc5d354d39e3a69d6f57d3631f1ee1c3c7453655aa01d9587f0,1032695,1050,1050,PASS
28f98cfe3858,APTOS_TRAIN,model/datasets/train_manifest.csv,data/aptos2019/train_images/28f98cfe3858.png,1,fbf53b795c24fd801dc80e2bf7aafda0090c7d539a421b884d595dd259a8d621,3100445,3388,2588,PASS
beb00fa6e7c9,APTOS_TRAIN,model/datasets/train_manifest.csv,data/aptos2019/train_images/beb00fa6e7c9.png,0,cebfc0ba9de1c4bed8df2a1dd23dcde039228350ce654e65d57d60106a8eb152,5202460,2588,1958,PASS
b4f41b5bf0ef,APTOS_TRAIN,model/datasets/train_manifest.csv,data/aptos2019/train_images/b4f41b5bf0ef.png,1,4ae961fbb11e723404aec4790abb4311097fa9dce047bc4d3f5cad8a34298e81,2083061,2416,1736,PASS
8871e6a26596,APTOS_TRAIN,model/datasets/train_manifest.csv,data/aptos2019/train_images/8871e6a26596.png,2,e899daa272bc3afc2aacc701caa15d04e4e1e6713fe8b9413264b815a1cdb028,3032570,3216,2136,PASS
1d37f1c8b6d8,APTOS_TRAIN,model/datasets/train_manifest.csv,data/aptos2019/train_images/1d37f1c8b6d8.png,0,33a54f7a457af283004918a0d594e6e4d971c14120447c275b7d6a159b446020,916459,1050,1050,PASS
a77dbec966d4,APTOS_TRAIN,model/datasets/train_manifest.csv,data/aptos2019/train_images/a77dbec966d4.png,1,8ddccd0b0af0028282afeee75a0fd87e903eb45cb4bb3b377f407526a8da2035,4492810,2588,1958,PASS
66375b3c64db,APTOS_TRAIN,model/datasets/train_manifest.csv,data/aptos2019/train_images/66375b3c64db.png,4,6f37fe6c9c52893ead781b9f7f84dbb296c01ea22ce27ea1d44f4f5e737dd424,3698336,3388,2588,PASS
25b4080f598b,APTOS_TRAIN,model/datasets/train_manifest.csv,data/aptos2019/train_images/25b4080f598b.png,0,4be94d948af0fca4cec50c86382281cde26207beada79829e4a93b23a08947a8,1929295,2048,1536,PASS
e7578d8dba72,APTOS_TRAIN,model/datasets/train_manifest.csv,data/aptos2019/train_images/e7578d8dba72.png,0,1cce81493578008d3ce5589b809e67c5b7a725b31c07a373cd657b01a5f5e3f3,312508,819,614,PASS
58a9e0d7f7af,APTOS_TRAIN,model/datasets/train_manifest.csv,data/aptos2019/train_images/58a9e0d7f7af.png,0,4bc7a496a060e1c1ca71c1d5266574d7e89270a7344ba7f079cf726161d87c14,1037996,1050,1050,PASS
99e8bf998285,APTOS_TRAIN,model/datasets/train_manifest.csv,data/aptos2019/train_images/99e8bf998285.png,2,17155cc75a2c0824b04d4fd6796d29b8bc5bd90792aec1aa0b288541215739ea,1686493,3216,2136,PASS
0d744aed4d64,APTOS_TRAIN,model/datasets/train_manifest.csv,data/aptos2019/train_images/0d744aed4d64.png,0,cb0e2c3173b992ebdfa87c5f0fda7670927415182d7f0f4d3cdfd1996f5c17d7,948011,1050,1050,PASS
c6a2975228af,APTOS_TRAIN,model/datasets/train_manifest.csv,data/aptos2019/train_images/c6a2975228af.png,2,d725ef15d793900df3d85f9d0663728fabf35465a01c66080f83610737c941f1,5097085,2588,1958,PASS
436e1793d240,APTOS_TRAIN,model/datasets/train_manifest.csv,data/aptos2019/train_images/436e1793d240.png,2,fb1fe09e37c3cb1b5efd4bf12faf04fe15ebaab43b65954f9fcafbff8a24ffbc,5148513,2588,1958,PASS
855f0a5442b6,APTOS_TRAIN,model/datasets/train_manifest.csv,data/aptos2019/train_images/855f0a5442b6.png,2,07f68a78069538d93b307faead79f07ccc88c65e95b06bcc67fc9c97776004e4,4075445,3388,2588,PASS
83b61051737f,APTOS_TRAIN,model/datasets/train_manifest.csv,data/aptos2019/train_images/83b61051737f.png,2,e811e38cfad4b1b1ce17e34497ec70888235441bf175aa4ba6f580c945ee7c87,2975962,3216,2136,PASS
55f7f018c61c,APTOS_TRAIN,model/datasets/train_manifest.csv,data/aptos2019/train_images/55f7f018c61c.png,0,aae37ef7f8cfcffaf1160f118fe70481c1fa124f28660d45d443a8bb18d86bde,5170839,2588,1958,PASS
81704925f759,APTOS_TRAIN,model/datasets/train_manifest.csv,data/aptos2019/train_images/81704925f759.png,0,5e1c7ebfdd94256c307b162903dbc1a6eb9d05abecbcac6db865e47f5d7276a5,1944758,2048,1536,PASS
ba25f947f4ec,APTOS_TRAIN,model/datasets/train_manifest.csv,data/aptos2019/train_images/ba25f947f4ec.png,2,f861d1a5c399dcd55f21642154339b1854fb001317e8ac19569d032024887299,2501719,3216,2136,PASS
37de05ef12a5,APTOS_TRAIN,model/datasets/train_manifest.csv,data/aptos2019/train_images/37de05ef12a5.png,2,efcc2d93366aa6c7f32174ec23d8a77dd602d5b703196f4f461114e11d88ac6c,2791292,3216,2136,PASS
aa0afc41ed19,APTOS_TRAIN,model/datasets/train_manifest.csv,data/aptos2019/train_images/aa0afc41ed19.png,2,667788a75539e9b524c6ffcffef649046241934a909c41ff74ec226b5a795e83,2122350,2416,1736,PASS
a9d0c900b6a9,APTOS_TRAIN,model/datasets/train_manifest.csv,data/aptos2019/train_images/a9d0c900b6a9.png,2,1eb1868a36ef864ee7019df001ae317e523d42dd566545d00a71bcb23c836805,5217242,2588,1958,PASS
18b99159a14f,APTOS_TRAIN,model/datasets/train_manifest.csv,data/aptos2019/train_images/18b99159a14f.png,0,f5027ce5ec4af436561810bc58acff48e026c5ea908bf1777269bcf241b52200,963602,1050,1050,PASS
d1fa0f744620,APTOS_TRAIN,model/datasets/train_manifest.csv,data/aptos2019/train_images/d1fa0f744620.png,0,eb729e2e444d9a67ea0a45986295f1483f61252f8200dcbd29768fe10c110e75,1928542,2048,1536,PASS
b71428739d4e,APTOS_TRAIN,model/datasets/train_manifest.csv,data/aptos2019/train_images/b71428739d4e.png,1,32985d51d0947ee6af2647d731f17985d3d4858c7a0e269e53a3f14ad921b4cf,971100,1050,1050,PASS
7d1b40fdbd86,APTOS_TRAIN,model/datasets/train_manifest.csv,data/aptos2019/train_images/7d1b40fdbd86.png,2,bd296f87e738ffeb1be123003008857c2a2c0e993eb831cf02c2c3947f713a04,1022868,1050,1050,PASS
1e9224ccca95,APTOS_TRAIN,model/datasets/train_manifest.csv,data/aptos2019/train_images/1e9224ccca95.png,4,34ccbb2ee77aa13b072fb44e7f2817b2053cde45fa98a5855b43266fcbecc140,5897203,3216,2136,PASS
44271f3cb18f,APTOS_TRAIN,model/datasets/train_manifest.csv,data/aptos2019/train_images/44271f3cb18f.png,0,3b8786cd7955a6e1bc2386ea1a80954c14e9e4b1d143a6acd00b530c518e83fc,303132,819,614,PASS
63c7b0265775,APTOS_TRAIN,model/datasets/train_manifest.csv,data/aptos2019/train_images/63c7b0265775.png,0,b34cc42afddd9ecadd42059089cc16a2272fb5746562b6c7ee2fcfd258b3a1c1,2049175,1476,1117,PASS
c1896142a20a,APTOS_TRAIN,model/datasets/train_manifest.csv,data/aptos2019/train_images/c1896142a20a.png,4,9a986f8bc9e1281d58187f0d7d5dc2e0d2b03a827aa88128d5cdb041dc5d7f9b,5339037,2588,1958,PASS
ff4cd992667b,APTOS_TRAIN,model/datasets/train_manifest.csv,data/aptos2019/train_images/ff4cd992667b.png,0,748ea682023a6524d897013afc9a8fe8bb11708e27a9fb7fbda5dad22f0111a3,5348220,2588,1958,PASS
fd62bd0db4f1,APTOS_TRAIN,model/datasets/train_manifest.csv,data/aptos2019/train_images/fd62bd0db4f1.png,1,d6ab4a6c757b9e177bc325697727f746301f910f10fed28d461e586816012dad,5385218,2588,1958,PASS
da1fb35f5df9,APTOS_TRAIN,model/datasets/train_manifest.csv,data/aptos2019/train_images/da1fb35f5df9.png,1,16053cbbd38015ded82712ae704f7d4d2b7e02fc7ddc694fdc5b3bea5311d45e,2222550,2416,1736,PASS
cb2201c226d6,APTOS_TRAIN,model/datasets/train_manifest.csv,data/aptos2019/train_images/cb2201c226d6.png,0,db817c13d522225bc18fab69c9a7d9ac3373ebf77dc975ca8d40b1a360046b80,951359,1050,1050,PASS
79059d0592c4,APTOS_TRAIN,model/datasets/train_manifest.csv,data/aptos2019/train_images/79059d0592c4.png,2,92ba02daee9e54f97e439e0ba64f8eeaaf8b47337e39839412fe17b3523c40f5,2635140,3216,2136,PASS
65e6f1bd9875,APTOS_TRAIN,model/datasets/train_manifest.csv,data/aptos2019/train_images/65e6f1bd9875.png,0,138531c6d80129bddb0e3d7a9207d5f4bb17391529cfc28e753845b67e14f3bc,5397881,2588,1958,PASS
737ef6226677,APTOS_TRAIN,model/datasets/train_manifest.csv,data/aptos2019/train_images/737ef6226677.png,0,13fc5d06e23d2f8ead7627c4daac6c5207d9de58bbcbb30d5060758cf0ab3964,987713,1050,1050,PASS
d2ffe9287dc7,APTOS_TRAIN,model/datasets/train_manifest.csv,data/aptos2019/train_images/d2ffe9287dc7.png,3,7d33198e814af3fd5ea164aacc71718d2600b4024093e02dca331466cebcf9d3,2458338,3216,2136,PASS
7a42443ed106,APTOS_TRAIN,model/datasets/train_manifest.csv,data/aptos2019/train_images/7a42443ed106.png,0,3a0d7f599e5282c155fbee73d0d56a2313b76357fa01b9b2f2a59dce4a19e23f,1127454,1050,1050,PASS
c6d4e4a3bd4c,APTOS_TRAIN,model/datasets/train_manifest.csv,data/aptos2019/train_images/c6d4e4a3bd4c.png,0,e81dfce9006b14fed7795606889d8430366430f8fedec79ca54b6608edd17c39,898563,1050,1050,PASS
a4d4b69f7404,APTOS_TRAIN,model/datasets/train_manifest.csv,data/aptos2019/train_images/a4d4b69f7404.png,3,e795000d1dbfba7126b68212f95e3753b4470ead76d74ef239679bfcd1112637,2324617,2416,1736,PASS
0afbeeef0ff7,APTOS_TRAIN,model/datasets/train_manifest.csv,data/aptos2019/train_images/0afbeeef0ff7.png,0,5dc6d466663f015ff2f96ce37e55d6e9fb25a3559441a7e1950f94543191d10e,908039,1050,1050,PASS
143db89c11c8,APTOS_TRAIN,model/datasets/train_manifest.csv,data/aptos2019/train_images/143db89c11c8.png,0,b5f249101725a59588734a971ae151cb3a52c742aec788ab21624152e1a5bbe6,872766,1050,1050,PASS
fe2df69676cf,APTOS_TRAIN,model/datasets/train_manifest.csv,data/aptos2019/train_images/fe2df69676cf.png,1,f0eef7624e74f0a36b6f01ed3d554058628c41934fb559a54847168f9fa1771f,987228,1844,1226,PASS
19722bff5a09,APTOS_TRAIN,model/datasets/train_manifest.csv,data/aptos2019/train_images/19722bff5a09.png,1,f17a80da3380e19e0ba552a9f5b477a3ff2c0d0e638e7c8e8e30ebf4f5f7bd72,2168916,2416,1736,PASS
d5b4705ac2ee,APTOS_TRAIN,model/datasets/train_manifest.csv,data/aptos2019/train_images/d5b4705ac2ee.png,1,1f91358562f66fb530b9ff468ee6504e8908d8e8063aec06775f798a229af756,967401,1050,1050,PASS
4ef7144e24ff,APTOS_TRAIN,model/datasets/train_manifest.csv,data/aptos2019/train_images/4ef7144e24ff.png,1,72242ab275aad93dc63b37d5b7de1e26e57de5dc1f706382ce021852305db94f,1878399,2416,1736,PASS
a182b5b191de,APTOS_TRAIN,model/datasets/train_manifest.csv,data/aptos2019/train_images/a182b5b191de.png,4,8d7bf007be7b470f2f381ef7636752553e91ee936b75c91674376d8c10d96920,2358342,3216,2136,PASS
65f5d2a6eb7e,APTOS_TRAIN,model/datasets/train_manifest.csv,data/aptos2019/train_images/65f5d2a6eb7e.png,0,9e5e653754a14e4067076fc27cb417e39ec29f3500ac08d0c0a673f21ea2bbf0,906584,1050,1050,PASS
1b32e1d775ea,APTOS_TRAIN,model/datasets/train_manifest.csv,data/aptos2019/train_images/1b32e1d775ea.png,4,67b649be0d71f66e995d061dfbef2d37102030c6dbbe8eb7c024d8cd6235bd8c,1286964,1504,1000,PASS
fba493e17448,APTOS_TRAIN,model/datasets/train_manifest.csv,data/aptos2019/train_images/fba493e17448.png,2,4273a4e4dc37a22f0d8afdb9003a6f247c4d93afaa3d461ad78757b405ddbd53,2544034,2416,1736,PASS
de4cdabbce6d,APTOS_TRAIN,model/datasets/train_manifest.csv,data/aptos2019/train_images/de4cdabbce6d.png,0,fa963955c1eb58b8bf1d6f3c18cd46d2a328e12689ed4f2a549755dbe80ea27f,1908555,2048,1536,PASS
3f98be586fe3,APTOS_TRAIN,model/datasets/train_manifest.csv,data/aptos2019/train_images/3f98be586fe3.png,0,f980f877dc477d7a93173bbb0a5d617a0f8f7308a021bab20faad7e2a3c25b61,870180,1050,1050,PASS
0d310aba6373,APTOS_TRAIN,model/datasets/train_manifest.csv,data/aptos2019/train_images/0d310aba6373.png,1,bec8a97a02ec4450ec1a546a926fcd083edc1af73a28f45414bf7388b7539f32,4131623,2588,1958,PASS
668a319c2d23,APTOS_TRAIN,model/datasets/train_manifest.csv,data/aptos2019/train_images/668a319c2d23.png,0,2a65e6180f4c65cb02bad0f84ea42054366ea8d5f87964083e2586b60a541a67,1056326,1050,1050,PASS
0ad7f631dedb,APTOS_TRAIN,model/datasets/train_manifest.csv,data/aptos2019/train_images/0ad7f631dedb.png,1,0ab0f6dc949b8128fd2a9db211bb3b1e351aa46d6267034f7279fcb299958c05,1984757,2416,1736,PASS
d2c6b99ef62c,APTOS_TRAIN,model/datasets/train_manifest.csv,data/aptos2019/train_images/d2c6b99ef62c.png,2,b07e5a92d7ede10a3438741d49dec623208c21fc3e3cba1b79091b1c7005b937,4033918,3388,2588,PASS
a443c4fd489c,APTOS_TRAIN,model/datasets/train_manifest.csv,data/aptos2019/train_images/a443c4fd489c.png,1,4c6d20bd10502d8d99730bb559eb229dfd205d67d7014f863fed6270afbed812,948707,1050,1050,PASS
ec57cc20d776,APTOS_TRAIN,model/datasets/train_manifest.csv,data/aptos2019/train_images/ec57cc20d776.png,0,a9ecdd702e4779fa7e18dc35db4890fae44c286c300b262422c65f9ca454ab0e,318822,819,614,PASS
ca30a97e9d13,APTOS_TRAIN,model/datasets/train_manifest.csv,data/aptos2019/train_images/ca30a97e9d13.png,1,c9621224d90ec994229597af578f1a11d6d40ca7f9ffbff9cd7afd4c20393a54,3365195,2588,1958,PASS
ad12cde115ab,APTOS_TRAIN,model/datasets/train_manifest.csv,data/aptos2019/train_images/ad12cde115ab.png,0,af2d1728947b4a8ab379980a9ad2c6d9ab4e3105d43f54875000aa9ba469d255,1982788,2048,1536,PASS
09c8323c612e,APTOS_TRAIN,model/datasets/train_manifest.csv,data/aptos2019/train_images/09c8323c612e.png,0,08873b65ede8a6c4f6e579ca3365c4b82be84232688ba5d3dd532b33f6b1ab08,1009476,1050,1050,PASS
a0adbe677508,APTOS_TRAIN,model/datasets/train_manifest.csv,data/aptos2019/train_images/a0adbe677508.png,0,09f6cf5286c850cbb2b9fa01d1b12573caadee2a165b8e911fed424604f05736,1006443,1050,1050,PASS
5e18af29d812,APTOS_TRAIN,model/datasets/train_manifest.csv,data/aptos2019/train_images/5e18af29d812.png,2,dc22f8667c3edaf70446e239b2247db85385658255c57eea07f17c11467e05ae,2251091,2416,1736,PASS
bdff5d8bddf8,APTOS_TRAIN,model/datasets/train_manifest.csv,data/aptos2019/train_images/bdff5d8bddf8.png,4,3af663976156577829e816d354dbbccf2bce086806c621409346a61d2ef6ee06,2347639,3216,2136,PASS
80ca40196225,APTOS_TRAIN,model/datasets/train_manifest.csv,data/aptos2019/train_images/80ca40196225.png,3,a1afe8d2e3df01306bcc3bb2aa811561d981e34507a6ac294f145804fdd82505,4369906,2588,1958,PASS
7455e2b5fc57,APTOS_TRAIN,model/datasets/train_manifest.csv,data/aptos2019/train_images/7455e2b5fc57.png,2,634b96755555574a7d49796c97c181c77849d8e930b338f00558d8ff16bf87be,7329769,3388,2588,PASS
4289af3afbd2,APTOS_TRAIN,model/datasets/train_manifest.csv,data/aptos2019/train_images/4289af3afbd2.png,2,934c15c4f321ccbde6e5fca358c6e62cfdb167d0575561054f2278c981129f2c,3260830,3216,2136,PASS
28a4d00927b7,APTOS_TRAIN,model/datasets/train_manifest.csv,data/aptos2019/train_images/28a4d00927b7.png,2,5f02e5e4ded1b149c761788faa12f27810ddbf91dbec4b19a604343f2b1e2d62,4767728,2588,1958,PASS
7e0598cc88a0,APTOS_TRAIN,model/datasets/train_manifest.csv,data/aptos2019/train_images/7e0598cc88a0.png,4,319f6cb0551cb6bd4155ee8336cff63aff361cb12eef77c170c257404c4cff97,2234876,2416,1736,PASS
fe674c2f73f5,APTOS_TRAIN,model/datasets/train_manifest.csv,data/aptos2019/train_images/fe674c2f73f5.png,1,ae33e085ec004004bd40c58db5f8631c068b53cec7d3d6d81f1b75bfeb1d4b82,1996239,2416,1736,PASS
191cf5668f33,APTOS_TRAIN,model/datasets/train_manifest.csv,data/aptos2019/train_images/191cf5668f33.png,0,1bcbb80cc97596390ac7b58b59331d333670b876bfdf3b796f38619112e947b8,1000994,1050,1050,PASS
799cb4c816ae,APTOS_TRAIN,model/datasets/train_manifest.csv,data/aptos2019/train_images/799cb4c816ae.png,2,f152cc65de5e9c0519c06bbccf24e3e61a438c0c0985cda13be932fa5c208b08,1894166,2416,1736,PASS
780be525036d,APTOS_TRAIN,model/datasets/train_manifest.csv,data/aptos2019/train_images/780be525036d.png,0,5c1ce3bcae44e6f491835c99145bde4ac616473cfe26857aa2996df26108cad4,949806,1050,1050,PASS
6d454444f17c,APTOS_TRAIN,model/datasets/train_manifest.csv,data/aptos2019/train_images/6d454444f17c.png,2,260c8843b4cf159357de836112bf76e630b035b64393b66a89f9ec5476265e21,1943739,2416,1736,PASS
7427dedafccf,APTOS_TRAIN,model/datasets/train_manifest.csv,data/aptos2019/train_images/7427dedafccf.png,1,adab56db529cd2b665c85bf9e5c76d0ba4774142e292c9ce686cbc7065c36770,4158096,4288,2848,PASS
39fd8ef3a45c,APTOS_TRAIN,model/datasets/train_manifest.csv,data/aptos2019/train_images/39fd8ef3a45c.png,0,a1e9e65315560502fb502b2b4f9c0678633ed49ec809746917570f541288c9ac,980342,1050,1050,PASS
200d947f75db,APTOS_TRAIN,model/datasets/train_manifest.csv,data/aptos2019/train_images/200d947f75db.png,1,6757e0bc1cd4a9c5e1248bcb2c95f0b9ebde46379f150065604e2d566d688814,2873248,2144,1424,PASS
98441214557f,APTOS_TRAIN,model/datasets/train_manifest.csv,data/aptos2019/train_images/98441214557f.png,0,e5a069698b3469cb7a1df8716dc5896bfb1150f963169c3de7f5e0bf9ed8f48e,936890,1050,1050,PASS
35ac70c0d08f,APTOS_TRAIN,model/datasets/train_manifest.csv,data/aptos2019/train_images/35ac70c0d08f.png,0,7cfd9c0ec627e87527a4f127e2e0a954eccd349c0b84e09e59d6ffd5430d1628,1076207,1050,1050,PASS
3a1d3ce00f0c,APTOS_TRAIN,model/datasets/train_manifest.csv,data/aptos2019/train_images/3a1d3ce00f0c.png,2,1b4fe682628735f341e581925cc5c8a5da551607a5b2ae4412df973f00c683a0,5798238,3216,2136,PASS
1438288bb2e1,APTOS_TRAIN,model/datasets/train_manifest.csv,data/aptos2019/train_images/1438288bb2e1.png,2,7f9682a39bdb3ab693672d7c13dfb1a042b131de9b30866c7aa9592ad5603264,5065456,2588,1958,PASS
4b6cb0bcfd44,APTOS_TRAIN,model/datasets/train_manifest.csv,data/aptos2019/train_images/4b6cb0bcfd44.png,0,e0619914da13ece68b9495ba88e553c7b5c35edf367c9c1c9a4dbf70427403ac,1836171,2048,1536,PASS
ea1d045f9fea,APTOS_TRAIN,model/datasets/train_manifest.csv,data/aptos2019/train_images/ea1d045f9fea.png,2,c1fe824a55e9aeff466a23aba7e9636e2d707accfab255757d49a080e8fae0aa,7284494,3388,2588,PASS
387138ddf43d,APTOS_TRAIN,model/datasets/train_manifest.csv,data/aptos2019/train_images/387138ddf43d.png,0,d20c5142f205063e06358e8b5622178643bc64fdccb13c40022c4655d078d73d,329359,819,614,PASS
014508ccb9cb,APTOS_TRAIN,model/datasets/train_manifest.csv,data/aptos2019/train_images/014508ccb9cb.png,0,b21c642712dd5dc930cbd9821f37c6194a04e4597cc124f52ad6dc995281c125,371967,819,614,PASS
27f82ada84ac,APTOS_TRAIN,model/datasets/train_manifest.csv,data/aptos2019/train_images/27f82ada84ac.png,0,e0adfd3e4d314b2991bf308808c587d7975b2d12d0cb78f947d82b6b0fcbfe89,299834,819,614,PASS
401fdfd0db07,APTOS_TRAIN,model/datasets/train_manifest.csv,data/aptos2019/train_images/401fdfd0db07.png,0,9a9e72d4dded74f08804e1eae26de432fe5665cb03a5d47a5d9d93f1672502e4,1027248,1050,1050,PASS
5a2c27b95c7c,APTOS_TRAIN,model/datasets/train_manifest.csv,data/aptos2019/train_images/5a2c27b95c7c.png,2,8b48f59f706832ae2464708a375aa4d7386fda699b7af525b11f50b2330a618d,2513828,2416,1736,PASS
d51e5d7484ea,APTOS_TRAIN,model/datasets/train_manifest.csv,data/aptos2019/train_images/d51e5d7484ea.png,0,7201b7a8fedb34ae54387f700fb56c2a98b061248140515989fb85ff77b78d82,1047536,1050,1050,PASS
093cf723fede,APTOS_TRAIN,model/datasets/train_manifest.csv,data/aptos2019/train_images/093cf723fede.png,0,440fb18b7e7e15be6ccea60d458971723808f43d57c4385cf7ff89b40f82e625,1923478,2048,1536,PASS
5078caaf1f57,APTOS_TRAIN,model/datasets/train_manifest.csv,data/aptos2019/train_images/5078caaf1f57.png,0,0ccc2ee1d634f9db3d0a2cb3d152e6505c5a8bb20f1746aa7234d9fa836ea15c,298286,819,614,PASS
222f3ee3a1e8,APTOS_TRAIN,model/datasets/train_manifest.csv,data/aptos2019/train_images/222f3ee3a1e8.png,4,272774e21e022ab27901f6678a51b3d8ab0fb519cc8f1fd64556e53f7126faef,1792584,2416,1736,PASS
d911dd40c63b,APTOS_TRAIN,model/datasets/train_manifest.csv,data/aptos2019/train_images/d911dd40c63b.png,0,0fa0eead84dae141bcc1c8d2fd92783e84d7036ad8d184bd61e4faf0ec9b89c7,979431,1050,1050,PASS
331121c65e88,APTOS_TRAIN,model/datasets/train_manifest.csv,data/aptos2019/train_images/331121c65e88.png,0,0ba9efea5a6c76e93564a455374d103b38bf77a9ccab97cc932028f05d3550ea,1915020,2048,1536,PASS
8ab3faa3701f,APTOS_TRAIN,model/datasets/train_manifest.csv,data/aptos2019/train_images/8ab3faa3701f.png,0,ddb4a57e6b8a64d35ce00a8dd979905425d46c6d053cea27282438a48a49c8cf,1941336,2048,1536,PASS
582f739b8f62,APTOS_TRAIN,model/datasets/train_manifest.csv,data/aptos2019/train_images/582f739b8f62.png,2,2f61160336271be68b666e921e6fe48cdf2bd505eda6aaf7a17abf78001aca21,2270329,2416,1736,PASS
9a326446c431,APTOS_TRAIN,model/datasets/train_manifest.csv,data/aptos2019/train_images/9a326446c431.png,0,0fdfe1143ba6b5e1b02d64e8b968c22691e92825b773baa0266f4a1bfa75ccb0,5281351,2588,1958,PASS
75a7bc945b7d,APTOS_TRAIN,model/datasets/train_manifest.csv,data/aptos2019/train_images/75a7bc945b7d.png,2,2eca7d9f3f86e45225f6b6909c411ed5d1a16a403333052e06d6a7c1a184ee77,2191514,2416,1736,PASS
08bef347f40d,APTOS_TRAIN,model/datasets/train_manifest.csv,data/aptos2019/train_images/08bef347f40d.png,0,f4a99702dbe8296c73544ad00d329ad0c8dfff1ab8cc3555fec3bcda9c2bfc3e,899713,1050,1050,PASS
cc3d2e961768,APTOS_TRAIN,model/datasets/train_manifest.csv,data/aptos2019/train_images/cc3d2e961768.png,4,fe888502bc31b4e07412b43d5e1598bad6b136ed6d8d54270a784bc121efadf1,5867250,3216,2136,PASS
af831c158744,APTOS_TRAIN,model/datasets/train_manifest.csv,data/aptos2019/train_images/af831c158744.png,2,cd5afe8d82ea7d9f4483569a70cd7c2d2bb7da8fba692e43c0fc6ae61fd1c215,3189216,3216,2136,PASS
3de8ad4151e1,APTOS_TRAIN,model/datasets/train_manifest.csv,data/aptos2019/train_images/3de8ad4151e1.png,1,b5dda7ff32e5b181a709640a3753e3e83ddbc9b9fa9876bd46748b1192a7bc58,2042577,2416,1736,PASS
ed2c52c14493,APTOS_TRAIN,model/datasets/train_manifest.csv,data/aptos2019/train_images/ed2c52c14493.png,0,716e36bcc2705a993ac5382f7e20c3e63721192e0668bd07e2b35e5a3b1faa42,985571,1050,1050,PASS
9fa02dfb5553,APTOS_TRAIN,model/datasets/train_manifest.csv,data/aptos2019/train_images/9fa02dfb5553.png,0,25992c7e356c27f64f0a16285d222d36612c49f0f030d34bcece9dd0d6c41ec3,1088025,1050,1050,PASS
4731e708ede3,APTOS_TRAIN,model/datasets/train_manifest.csv,data/aptos2019/train_images/4731e708ede3.png,0,daeff171c2a2f070a39fe07cf784bf44fa967e82c0e575b88868b3528ca20aa3,288542,819,614,PASS
f0098e9d4aee,APTOS_TRAIN,model/datasets/train_manifest.csv,data/aptos2019/train_images/f0098e9d4aee.png,4,59055a3c639c8f78f1a83891dde0b3790d95a2f1d03b9fc0d7620825a33a06e4,2381686,2416,1736,PASS
0cd31078cd08,APTOS_TRAIN,model/datasets/train_manifest.csv,data/aptos2019/train_images/0cd31078cd08.png,0,a4452f5d1f34b8c3e6ca0d840171ce8620ee2634c93efde2abbf6f3f463f325d,1870520,2048,1536,PASS
535682537302,APTOS_TRAIN,model/datasets/train_manifest.csv,data/aptos2019/train_images/535682537302.png,0,2ccfaa6a549acef284bcc96cb3728f904bf04dc8489c40f2bc3c36334a828627,879204,1050,1050,PASS
df5ce3ea7820,APTOS_TRAIN,model/datasets/train_manifest.csv,data/aptos2019/train_images/df5ce3ea7820.png,2,36fd4921d5a356dede0a0933251f3effc2eaf2afc1ba86965f024581f86ab1fd,2352777,3216,2136,PASS
ce754234d760,APTOS_TRAIN,model/datasets/train_manifest.csv,data/aptos2019/train_images/ce754234d760.png,0,7219835687cd55464c7744bbcdb4168b195d003dc87f8c2b6c7be460bdc145c6,993795,1050,1050,PASS
0551676cc2aa,APTOS_TRAIN,model/datasets/train_manifest.csv,data/aptos2019/train_images/0551676cc2aa.png,0,1cebf71b77fd85ecc430a576157bb397586f780fd7aaebeedf181909b008cee8,5225022,2588,1958,PASS
ae49cc60f251,APTOS_TRAIN,model/datasets/train_manifest.csv,data/aptos2019/train_images/ae49cc60f251.png,0,8a903b546a5f3bc9b970124a1307e117d4d80eb958e1735b786e953b6925e91f,1001445,1050,1050,PASS
881ec6186e68,APTOS_TRAIN,model/datasets/train_manifest.csv,data/aptos2019/train_images/881ec6186e68.png,0,d5b7a2ddb9c7a18ca6a4267ee9edbf0a1067435ed078634aae6fac2cdab1a646,1087492,1050,1050,PASS
e65a2ff90494,APTOS_TRAIN,model/datasets/train_manifest.csv,data/aptos2019/train_images/e65a2ff90494.png,2,9e786866c245e5b38bd7b6ef097324bc170223fff4b4b18fe701da10c53bc7c4,2279589,2416,1736,PASS
9095d43fb132,APTOS_TRAIN,model/datasets/train_manifest.csv,data/aptos2019/train_images/9095d43fb132.png,0,f32b190fbcb14a0c5e6aa9523e21297f5c80b90143dba19b704660caffc6819c,5485586,2588,1958,PASS
0efc93ec838b,APTOS_TRAIN,model/datasets/train_manifest.csv,data/aptos2019/train_images/0efc93ec838b.png,2,5271f2976deb8c9c0f4a276899866699c2d99222c92ac0eeafbfea10989b0871,7240563,3388,2588,PASS
5b47043942f4,APTOS_TRAIN,model/datasets/train_manifest.csv,data/aptos2019/train_images/5b47043942f4.png,0,04c4884c9b082261beb48aa9232a57d3115ed947773a042cd5ddb25d9052cdd3,309477,819,614,PASS
cbe633765ea7,APTOS_TRAIN,model/datasets/train_manifest.csv,data/aptos2019/train_images/cbe633765ea7.png,0,b41db8ca6c367ee049f6b28c45b99f896d0743d21332138b20b3078dfbb9fd99,827178,1050,1050,PASS
cc839823755b,APTOS_TRAIN,model/datasets/train_manifest.csv,data/aptos2019/train_images/cc839823755b.png,2,834c25ab2f71e8c5caf98b4a0e89894a790907bcacc42b326f51426accc78bc0,3689070,3388,2588,PASS
d952dbfb0fe4,APTOS_TRAIN,model/datasets/train_manifest.csv,data/aptos2019/train_images/d952dbfb0fe4.png,2,370a371739080872c17672522b2d91639d314e299e8c2ddf9c2bda738eeb6540,2410280,2416,1736,PASS
2d04cead4d3a,APTOS_TRAIN,model/datasets/train_manifest.csv,data/aptos2019/train_images/2d04cead4d3a.png,0,fb66b177c2347877687c1cba82be3044cfd0c6ff6e256e6db2b3b249d963239f,1906422,2048,1536,PASS
6cbc3dad809c,APTOS_TRAIN,model/datasets/train_manifest.csv,data/aptos2019/train_images/6cbc3dad809c.png,2,cba27a27021b16c0f189f9c338b2f2e280ba3a202b64969cc6d3ea1bf9fef8bc,3129965,3216,2136,PASS
b0c9a492e068,APTOS_TRAIN,model/datasets/train_manifest.csv,data/aptos2019/train_images/b0c9a492e068.png,0,de84b09ad39eb77a4900f2e47a8fabb957caa574cc0dbf1f36360f5d004b5aa2,5148542,2588,1958,PASS
ce207b69ff37,APTOS_TRAIN,model/datasets/train_manifest.csv,data/aptos2019/train_images/ce207b69ff37.png,3,b0fecdb3dfdd5e5317d02a6870d3d22a6dea2938c309794cc69c04b5d4462766,3203635,3216,2136,PASS
c58971bcebb2,APTOS_TRAIN,model/datasets/train_manifest.csv,data/aptos2019/train_images/c58971bcebb2.png,0,56234bee8ec077e4d5142b58f103bac23aaef293ae6831bd554de2daa48e79d0,5076115,2588,1958,PASS
5bda2ed09e62,APTOS_TRAIN,model/datasets/train_manifest.csv,data/aptos2019/train_images/5bda2ed09e62.png,4,85094ae3c3823fbcf40a10747b782cc27efabb6d868d34022f3abf47a85e4766,7005786,3388,2588,PASS
a6c9e96a10d7,APTOS_TRAIN,model/datasets/train_manifest.csv,data/aptos2019/train_images/a6c9e96a10d7.png,2,e79ec5489a07688699c835a58362078062bdf06fda6637896780e27c65fe641d,323052,640,480,PASS
c70d09370109,APTOS_TRAIN,model/datasets/train_manifest.csv,data/aptos2019/train_images/c70d09370109.png,2,32e9b718af59c1fd4765acc5bb75bf5aa674c2054c8b99d87787ea3e02a7f675,887983,1050,1050,PASS
24f3e70f0419,APTOS_TRAIN,model/datasets/train_manifest.csv,data/aptos2019/train_images/24f3e70f0419.png,0,2ceccc2a6b9659969ec80f6530da548e66cab63b14994381dd1354933f7ed31e,5315313,2588,1958,PASS
0fc6829da85b,APTOS_TRAIN,model/datasets/train_manifest.csv,data/aptos2019/train_images/0fc6829da85b.png,0,7763be3c52bfb60c34883081af9340dcec0f64244aaf69b08fa85dfe7dddc7a8,4941516,2588,1958,PASS
24b87f744598,APTOS_TRAIN,model/datasets/train_manifest.csv,data/aptos2019/train_images/24b87f744598.png,3,765361358c5a1d71ae2d420a692ea5b2554e02af75d65162e040c07955b72741,2551825,3216,2136,PASS
93d6d20a5ee3,APTOS_TRAIN,model/datasets/train_manifest.csv,data/aptos2019/train_images/93d6d20a5ee3.png,0,3c27ac06c09e269fee79ff7c5c58e945bae1cc93ebb643b644f1de8ef646f20f,1019634,1050,1050,PASS
295fdc964f6e,APTOS_TRAIN,model/datasets/train_manifest.csv,data/aptos2019/train_images/295fdc964f6e.png,2,0a7c2b82e3a1d2d3580f582831cb873c0e5ec89f19bd392943640982c9ce056a,2261537,2416,1736,PASS
7e9081e95bf6,APTOS_TRAIN,model/datasets/train_manifest.csv,data/aptos2019/train_images/7e9081e95bf6.png,0,d4e426fd05121ea2e62831364fcdfe6188306bfff81121c227a0403a300a80ac,1019519,1050,1050,PASS
4689b739d240,APTOS_TRAIN,model/datasets/train_manifest.csv,data/aptos2019/train_images/4689b739d240.png,4,db041653b44413f6dba86ef7b016a9d334f0cf5cc077633e85555333663ef39a,2295190,2416,1736,PASS
050bb1eafa76,APTOS_TRAIN,model/datasets/train_manifest.csv,data/aptos2019/train_images/050bb1eafa76.png,0,f31c20f36f5665621263e5265a5a4db7b7193e2774155389bad5eaf9f3f83201,298930,819,614,PASS
c0202976c670,APTOS_TRAIN,model/datasets/train_manifest.csv,data/aptos2019/train_images/c0202976c670.png,2,af18d9f1809e25550f67f2c751dc1158a27b2f917a71b43a678256c191ca81b4,7223414,3388,2588,PASS
f9d52509c571,APTOS_TRAIN,model/datasets/train_manifest.csv,data/aptos2019/train_images/f9d52509c571.png,0,cbd5d86d1e1451ee852917af90089730c44067e7e10fb7e261ae7df7893a8862,991992,1050,1050,PASS
6733544ae7a6,APTOS_TRAIN,model/datasets/train_manifest.csv,data/aptos2019/train_images/6733544ae7a6.png,2,c7f3fc2fdb994e6bb13861037985507aa6f36ec0341f394b8491d706e6c24a5e,3257901,2588,1958,PASS
383e72af1955,APTOS_TRAIN,model/datasets/train_manifest.csv,data/aptos2019/train_images/383e72af1955.png,3,70a3dac3f1d270a6148da7fd1eb02f5b1f4a21acac1230e6182a3cae38caed7f,2377966,2416,1736,PASS
8b8fe3fc8950,APTOS_TRAIN,model/datasets/train_manifest.csv,data/aptos2019/train_images/8b8fe3fc8950.png,0,a214a400eb666b21b4093ce689a8e75cf4bec8e908d4dc377473fb673c8b0736,368603,819,614,PASS
a11c62cb3f86,APTOS_TRAIN,model/datasets/train_manifest.csv,data/aptos2019/train_images/a11c62cb3f86.png,0,e5c23e6003ad4556ae8fe523f8e6a587c62763ac397c34e6f1919ca0cbbd0f34,5497428,2588,1958,PASS
2a2a6435f7f3,APTOS_TRAIN,model/datasets/train_manifest.csv,data/aptos2019/train_images/2a2a6435f7f3.png,0,c9bb9c96ce8a8fb49497a6eeba5bb73a5a1563c1d6082493d7f772bce51031b7,1101835,1050,1050,PASS
4f20f9a9a65b,APTOS_TRAIN,model/datasets/train_manifest.csv,data/aptos2019/train_images/4f20f9a9a65b.png,2,3850c34617d9b35b94c02b8eb85fae30142cfbf3fe7767e9bc52df8843fc4114,5221985,2588,1958,PASS
20c883d3bd38,APTOS_TRAIN,model/datasets/train_manifest.csv,data/aptos2019/train_images/20c883d3bd38.png,2,edc6819c08f8613cae398b8da7c9d894f45121a62f47c28be3fe84d61c26a0db,7251275,3388,2588,PASS
d83c3efade75,APTOS_TRAIN,model/datasets/train_manifest.csv,data/aptos2019/train_images/d83c3efade75.png,2,3434b7b61b29ace4c0cf77468494e84f18136c8f0c3f63d8272131c44c5b09a9,2714070,3216,2136,PASS
53ddae6a619e,APTOS_TRAIN,model/datasets/train_manifest.csv,data/aptos2019/train_images/53ddae6a619e.png,0,1ee669ee8101eca045476bfed75ebe2ea901135abb429b820a25c0f9377d356f,1933981,2048,1536,PASS
58af2c054ced,APTOS_TRAIN,model/datasets/train_manifest.csv,data/aptos2019/train_images/58af2c054ced.png,0,73884c338c926dfa2ca59ba132bad74d9f4fd3b1f3214991d14a2c053836601d,1022150,1050,1050,PASS
7d37a2939f12,APTOS_TRAIN,model/datasets/train_manifest.csv,data/aptos2019/train_images/7d37a2939f12.png,2,9914a7882ab9ec1a2653b7f7aa30f50e68cf767f09e7accc01de121981458ce8,2709208,3216,2136,PASS
7356dd08b0ae,APTOS_TRAIN,model/datasets/train_manifest.csv,data/aptos2019/train_images/7356dd08b0ae.png,2,766b9d362a76a14acc5a5d0def780229ca80337fd64db2d1abe98f6034547d93,340524,640,480,PASS
8fc09fecd22f,APTOS_VAL,model/datasets/val_manifest.csv,data/aptos2019/train_images/8fc09fecd22f.png,1,d45fd3b93f0f19a65ea39a360f639aa890bf4af67965398b5c73bbe2bfc91974,2188865,2416,1736,PASS
2a93334f663a,APTOS_VAL,model/datasets/val_manifest.csv,data/aptos2019/train_images/2a93334f663a.png,0,079028d306f5320333a50e45e0e0a3457d225c62173742af3566170df0a318df,990312,1050,1050,PASS
201f882365d3,APTOS_VAL,model/datasets/val_manifest.csv,data/aptos2019/train_images/201f882365d3.png,0,114f30d9283f33f494973948bcd6ce26c40e53d5bea16ff532c30d7f5ec5c662,416658,819,614,PASS
b3a994760537,APTOS_VAL,model/datasets/val_manifest.csv,data/aptos2019/train_images/b3a994760537.png,0,2440874c31210f8913b6824911fb9cab392b182d25448e41a3e8d1cd2eda8af0,1029301,1050,1050,PASS
4d21ce39c905,APTOS_VAL,model/datasets/val_manifest.csv,data/aptos2019/train_images/4d21ce39c905.png,2,ee5947bb967a7b3e05bc6fbde77903d9d2751d549e074229ded568e31e8ad1d6,2467795,3216,2136,PASS
f57cf3b6f48e,APTOS_VAL,model/datasets/val_manifest.csv,data/aptos2019/train_images/f57cf3b6f48e.png,0,fe9cff1da5fa26bea7cd8384c5b8c79ab121ee74e1457c3964eb76f9f761864f,1692152,2048,1536,PASS
8273fdb4405e,APTOS_VAL,model/datasets/val_manifest.csv,data/aptos2019/train_images/8273fdb4405e.png,1,6291e5a01e48d5987b8ad067752c1f919864c1bc75f40062756d5454fd917b81,2128878,2416,1736,PASS
282bc792d23a,APTOS_VAL,model/datasets/val_manifest.csv,data/aptos2019/train_images/282bc792d23a.png,2,bfb6fdcf8d287307fa9a1c129d91d02e7f445b6f62cf34fad11acd925752bbf3,3122391,3216,2136,PASS
19b0e3c734f5,APTOS_VAL,model/datasets/val_manifest.csv,data/aptos2019/train_images/19b0e3c734f5.png,0,a43f7b3616ec91fc532995dfab7c942832c46d31a76215fb820e99bed122e2b6,930950,1050,1050,PASS
682312e82ee3,APTOS_VAL,model/datasets/val_manifest.csv,data/aptos2019/train_images/682312e82ee3.png,0,8c41e8aab9385d274208d7aea784b778668f20a6b298f5db7fc1a70e2a3b5528,5505967,2588,1958,PASS
7d48f8cdfb69,APTOS_VAL,model/datasets/val_manifest.csv,data/aptos2019/train_images/7d48f8cdfb69.png,0,6595f70681a223d52eb6ca41967d64b3b51c3c46f271247965e63dda9c4b981f,1912494,2048,1536,PASS
b0b3b16fc305,APTOS_VAL,model/datasets/val_manifest.csv,data/aptos2019/train_images/b0b3b16fc305.png,0,8ece31528bf0a7cfcae83b4d8b1d6e5b78f9c49bddab7912870d043a4d6b4ef2,1086238,1050,1050,PASS
f5a8c6426a71,APTOS_VAL,model/datasets/val_manifest.csv,data/aptos2019/train_images/f5a8c6426a71.png,3,97037a95ddc74c65e82428034598781b8d4e30f80b09470c01ca55ed34ceb441,2337396,2416,1736,PASS
3c72f580d4ba,APTOS_VAL,model/datasets/val_manifest.csv,data/aptos2019/train_images/3c72f580d4ba.png,1,a35274269998dad02b3a01e60c307198c6f57ffdc075d610bfb4b66d3f4a2024,857555,1050,1050,PASS
b5a3ca5c0a80,APTOS_VAL,model/datasets/val_manifest.csv,data/aptos2019/train_images/b5a3ca5c0a80.png,0,fdefcfa919cc24674553e1819d8b0e2637f25cba71afab84837a41efb286f5ad,1055022,1050,1050,PASS
22449af52060,APTOS_VAL,model/datasets/val_manifest.csv,data/aptos2019/train_images/22449af52060.png,0,7579daa52d2e9a8d33f760144def8d40de967859afd1ee5e63b2f6a162eb4d07,1007759,1050,1050,PASS
9f8112c710be,APTOS_VAL,model/datasets/val_manifest.csv,data/aptos2019/train_images/9f8112c710be.png,0,7e09d5a1098abe4e018f368532dc5ccebed848f6eb343a6b11385820e01c4dd2,939054,1050,1050,PASS
d6130f2ec903,APTOS_VAL,model/datasets/val_manifest.csv,data/aptos2019/train_images/d6130f2ec903.png,0,5203daf8b5c875131a6b2630f45065cdb53116abfb6987484e5b96a4cd601fa9,357315,819,614,PASS
fdbc252813b1,APTOS_VAL,model/datasets/val_manifest.csv,data/aptos2019/train_images/fdbc252813b1.png,0,cd64831a3436318f3c33c9dca372539024c4911094d6f2711d386567f4e99bbb,288199,819,614,PASS
93be637084a2,APTOS_VAL,model/datasets/val_manifest.csv,data/aptos2019/train_images/93be637084a2.png,1,ced25d7579ff3cbc2137f641a4fa5cfbbe25cf484d53155c31a96e855dedee79,2423731,2416,1736,PASS
17eff993386f,APTOS_VAL,model/datasets/val_manifest.csv,data/aptos2019/train_images/17eff993386f.png,1,4761017ce8e9dd969a7cfb74b8bca3a0bc4836a7f73dcc7156bb776d4c40f5d3,2353700,2416,1736,PASS
80e6e425f966,APTOS_VAL,model/datasets/val_manifest.csv,data/aptos2019/train_images/80e6e425f966.png,0,5ba0c36767c736c59585c533cd21d28e88eb9d4e9f6083ecaf8adf6ff698cf18,913689,1050,1050,PASS
87774aafe068,APTOS_VAL,model/datasets/val_manifest.csv,data/aptos2019/train_images/87774aafe068.png,4,4348be096cb165c18453cf731e1a2ac64d83a85b947d88ac57303dea936cdae0,2294843,2416,1736,PASS
da3a2275c850,APTOS_VAL,model/datasets/val_manifest.csv,data/aptos2019/train_images/da3a2275c850.png,0,c67501783227428f0ab4afb470745cc1260edacf5be7326285b1f402a7c56819,1015821,1050,1050,PASS
780f9daaa24b,APTOS_VAL,model/datasets/val_manifest.csv,data/aptos2019/train_images/780f9daaa24b.png,0,27551ef8f52b60323f7b79e0c1bd19551e2f2bdb8a817d55939f9ca9ad72be6e,1030454,1050,1050,PASS
9b57e43b44e7,APTOS_VAL,model/datasets/val_manifest.csv,data/aptos2019/train_images/9b57e43b44e7.png,0,d7d85bf37aa446746d44d45e38a42331332c64968852462971581dde97083b48,5497685,2588,1958,PASS
10ecc5292ab1,APTOS_VAL,model/datasets/val_manifest.csv,data/aptos2019/train_images/10ecc5292ab1.png,2,6d8436ec63be7093ce817f27114129f8e5b1a4127b6f90751dc24e4a307eceae,3293254,3388,2588,PASS
b86fb2d5be1a,APTOS_VAL,model/datasets/val_manifest.csv,data/aptos2019/train_images/b86fb2d5be1a.png,0,10e31861c4ba0f9b2322348f0b5f7655fc3e831cc3ec502f8550c338731ac300,5687562,2588,1958,PASS
b0d35981708b,APTOS_VAL,model/datasets/val_manifest.csv,data/aptos2019/train_images/b0d35981708b.png,2,303df84de3f857fbcc842b81089762b3ae76d410ea4dca326dffe94566d239ed,2786286,3216,2136,PASS
45ae04cfde5d,APTOS_VAL,model/datasets/val_manifest.csv,data/aptos2019/train_images/45ae04cfde5d.png,2,f8882e304bbd88fd175b593ae18cd673ecc648cf14712ea881bf873794ba3b29,3349286,3216,2136,PASS
73ef3c3dcbe4,APTOS_VAL,model/datasets/val_manifest.csv,data/aptos2019/train_images/73ef3c3dcbe4.png,0,648e11574284fe0838f09a2c54f48b3771961f8c0473902c1e7975d89fd614ce,5325582,2588,1958,PASS
92fcf50b3562,APTOS_VAL,model/datasets/val_manifest.csv,data/aptos2019/train_images/92fcf50b3562.png,0,608808395e457438f65b00080d5f1a097d25392fd9d50094be80a7061e5e5542,1891782,2048,1536,PASS
0232dfea7547,APTOS_VAL,model/datasets/val_manifest.csv,data/aptos2019/train_images/0232dfea7547.png,0,9812b0c019022b150f685249045bf99937bcd6033d0c11011ad8cd08d474bcba,983391,1050,1050,PASS
7fc3a8bb40de,APTOS_VAL,model/datasets/val_manifest.csv,data/aptos2019/train_images/7fc3a8bb40de.png,0,05594f016ba7fd8410397eba58db6e416fe99d8296d1bf4535d1b2ee6f688803,1038149,1050,1050,PASS
ea4ce9516144,APTOS_VAL,model/datasets/val_manifest.csv,data/aptos2019/train_images/ea4ce9516144.png,0,1b2ed4fd43ed543e7e6e13c042989daa690788a1527e6e38fa731002200448c8,1921721,2048,1536,PASS
0423237770a7,APTOS_VAL,model/datasets/val_manifest.csv,data/aptos2019/train_images/0423237770a7.png,0,bf1eb27b6344f4ff1c682133e42a10b68cbeaf5e130c10d9c5fafeb22a8324c6,961078,1050,1050,PASS
7af4d8704032,APTOS_VAL,model/datasets/val_manifest.csv,data/aptos2019/train_images/7af4d8704032.png,0,73ccac6a89b189021f6f616ee95b04943253cc63a288f7c4c05d2b1105cb2dfb,984269,1050,1050,PASS
8714d17bb6da,APTOS_VAL,model/datasets/val_manifest.csv,data/aptos2019/train_images/8714d17bb6da.png,1,964976306928f9bf097822b36cc0ffec5095ddd6cbd5a456605c9b218c54715c,796712,1844,1226,PASS
2d3f4094c08a,APTOS_VAL,model/datasets/val_manifest.csv,data/aptos2019/train_images/2d3f4094c08a.png,0,47b6fa9788ae617e6e34eb56d9bf2374fd792492f0d3e002cadc98643a42f7a0,1949128,2048,1536,PASS
6af071b0ac6e,APTOS_VAL,model/datasets/val_manifest.csv,data/aptos2019/train_images/6af071b0ac6e.png,0,387b1b4e86f2f815a15a6c0ba5a5cd6584fce741b5496d7c2655094579c45511,5278024,2588,1958,PASS
7550966ef777,APTOS_VAL,model/datasets/val_manifest.csv,data/aptos2019/train_images/7550966ef777.png,2,41474e54c5822ab6dea8075012c59700e148483efd46a54ba9feaa018495a4a6,2832308,2144,1424,PASS
0fd16b64697e,APTOS_VAL,model/datasets/val_manifest.csv,data/aptos2019/train_images/0fd16b64697e.png,2,f25733e9a9d46f8d666ad2f4684eb99f967a432bebaadd9c15923419564ef800,1081354,1844,1226,PASS
a646c084928c,APTOS_VAL,model/datasets/val_manifest.csv,data/aptos2019/train_images/a646c084928c.png,0,dcbadc4349febdd4fd460fd5d5cd75a180e67cc4befa97f8437abe8dd187ed37,889961,1050,1050,PASS
211518c46162,APTOS_VAL,model/datasets/val_manifest.csv,data/aptos2019/train_images/211518c46162.png,4,318eb92e1aa5ccab243f9f4a1718c2046bc98c3c97f988607cfdd44b7ee1e8fb,7270106,3388,2588,PASS
3ca8be3b40d6,APTOS_VAL,model/datasets/val_manifest.csv,data/aptos2019/train_images/3ca8be3b40d6.png,0,630a9099d2f97176472f7ac134dbddaf19a88baf639db91a0f1db5eef82252d6,289364,819,614,PASS
4f60129e9a5b,APTOS_VAL,model/datasets/val_manifest.csv,data/aptos2019/train_images/4f60129e9a5b.png,2,468f6c670ae9fe65754e723481c2c62f4f8602d4c5727b734f18671f2d9697b3,2856499,3216,2136,PASS
5f70ad48a525,APTOS_VAL,model/datasets/val_manifest.csv,data/aptos2019/train_images/5f70ad48a525.png,2,d3f8c174608ae7846fb5b1982a9a0acbf522da40d9b7efa13112e19c31033521,7226391,3388,2588,PASS
0d9a9896f801,APTOS_VAL,model/datasets/val_manifest.csv,data/aptos2019/train_images/0d9a9896f801.png,0,2ef83ff45febd09e41a2a91c875b617c2666b5be88c85c99fb74fb42c780eb66,974562,1050,1050,PASS
032d7b0b4bf6,APTOS_VAL,model/datasets/val_manifest.csv,data/aptos2019/train_images/032d7b0b4bf6.png,2,a5dafd7146e928231ccb15d720c65cd3e0160d87ef33d1c66dce64e777558b8e,5080043,2588,1958,PASS
ead23cc922ed,APTOS_VAL,model/datasets/val_manifest.csv,data/aptos2019/train_images/ead23cc922ed.png,1,262821fb066d862c7be073c91ad8cd4ee3ab3de4b49aa5a250946ec2b54e304a,1678968,2416,1736,PASS
84b79243e430,APTOS_VAL,model/datasets/val_manifest.csv,data/aptos2019/train_images/84b79243e430.png,0,753342faa2882bb1c8b1b543ac1e80ab25bf69bd974c968bd4d38ac607b7a1e0,996486,1050,1050,PASS
6e092b306fe1,APTOS_VAL,model/datasets/val_manifest.csv,data/aptos2019/train_images/6e092b306fe1.png,2,d3ffb5d4a07ad2de6451fc71320a9713712910f7a9593f7055ebab98e6448947,5348649,2588,1958,PASS
f583a722434c,APTOS_VAL,model/datasets/val_manifest.csv,data/aptos2019/train_images/f583a722434c.png,2,16d8ed8d57b540843f0abdf0ad41b4a0844059faa69ba1b0b75b956199d3e8e3,4914473,2588,1958,PASS
3c326543fff6,APTOS_VAL,model/datasets/val_manifest.csv,data/aptos2019/train_images/3c326543fff6.png,0,8bb0f1184c1fa8aaaea6a801e2d7f1b2990c8554b0ed7f5b8b1f23cf2d0bef86,1872464,2048,1536,PASS
47b756014447,APTOS_VAL,model/datasets/val_manifest.csv,data/aptos2019/train_images/47b756014447.png,2,572eeeaa65e1256df7722871d31de8c14f0886cb2c88b3e0b65f017a5fd18a12,1664822,2416,1736,PASS
77e7c7a160c8,APTOS_VAL,model/datasets/val_manifest.csv,data/aptos2019/train_images/77e7c7a160c8.png,2,fb664a9738d32f269f6e724c4694b123f6548d7976a0e285d6aa4f5d0f68efc3,987435,1050,1050,PASS
d97911a32918,APTOS_VAL,model/datasets/val_manifest.csv,data/aptos2019/train_images/d97911a32918.png,0,5532c4b81c7c13b973952b29a7cb329cdcadcb2687144df29158eb768cc76d63,958493,1050,1050,PASS
9ac2e3e9fca5,APTOS_VAL,model/datasets/val_manifest.csv,data/aptos2019/train_images/9ac2e3e9fca5.png,0,a169cab2fc2151df76f4be3b73cc1f62abeee5c12ababebdea0775871d099e74,975066,1050,1050,PASS
42a67337fa8e,APTOS_VAL,model/datasets/val_manifest.csv,data/aptos2019/train_images/42a67337fa8e.png,2,eddf9008775b54bd36887cb6c511ad41f2fd2c841bc89d5de3bf406baaafd2b1,5152918,2588,1958,PASS
c1437a7a52c9,APTOS_VAL,model/datasets/val_manifest.csv,data/aptos2019/train_images/c1437a7a52c9.png,0,e3bcd58f098d7b18255d09b3d4e5f516d44528a077358a51086dbf6ffc34dffa,5446893,2588,1958,PASS
4dd7b322f342,APTOS_VAL,model/datasets/val_manifest.csv,data/aptos2019/train_images/4dd7b322f342.png,0,68dbc39188aa669d29bd67ec2aeae20f0b0804f1eb152459fb9acfff14943549,394953,819,614,PASS
07929d32b5b3,APTOS_VAL,model/datasets/val_manifest.csv,data/aptos2019/train_images/07929d32b5b3.png,1,b3b68da3a7b81bf4bba08a91b66deb495292f69be0a38a67bffa64c61a0561d4,4173673,2588,1958,PASS
8a9bef2fbd4e,APTOS_VAL,model/datasets/val_manifest.csv,data/aptos2019/train_images/8a9bef2fbd4e.png,3,af37fca562f75bb5f27c88af879f05af4b29c86d86acd4ec600717c2dd5669c6,2062745,2416,1736,PASS
5e97cb2b0888,APTOS_VAL,model/datasets/val_manifest.csv,data/aptos2019/train_images/5e97cb2b0888.png,0,8df0432a48b2a08f12524450b66f41ece0ca45bde84a1f57dba4623d8246b61b,326761,819,614,PASS
d803598dabda,APTOS_VAL,model/datasets/val_manifest.csv,data/aptos2019/train_images/d803598dabda.png,4,9d15670802dba57f0ed202936454ab5c8cbd90fb72257b5986312e39d1842349,1326016,1504,1000,PASS
75c180e04f65,APTOS_VAL,model/datasets/val_manifest.csv,data/aptos2019/train_images/75c180e04f65.png,0,071f3982957fac28597427eda0bccc3992cb0d07188972aa15b8575226c5cc66,1002062,1050,1050,PASS
e724866f5084,APTOS_VAL,model/datasets/val_manifest.csv,data/aptos2019/train_images/e724866f5084.png,2,e0604685824b78c659487b192d688db16e992835f3f1505577c44df867cec01e,2693317,3216,2136,PASS
52ae917fcea4,APTOS_VAL,model/datasets/val_manifest.csv,data/aptos2019/train_images/52ae917fcea4.png,1,2bf2e7fa1223df24f712c3aab91491d811e28c59797f9e01233753afe7a3313c,2623005,2416,1736,PASS
10fca1abf338,APTOS_VAL,model/datasets/val_manifest.csv,data/aptos2019/train_images/10fca1abf338.png,4,e8b16e7c2c68a013252a39c177220cd5e638c476585b9af7fd44da35221a4718,793936,1844,1226,PASS
9d74428188bb,APTOS_VAL,model/datasets/val_manifest.csv,data/aptos2019/train_images/9d74428188bb.png,2,edd786c55a060028d4884f6af1cecebb09e6ea5130a494b1b2de88c2001e2f96,7148140,3388,2588,PASS
23175b7ef453,APTOS_VAL,model/datasets/val_manifest.csv,data/aptos2019/train_images/23175b7ef453.png,2,a827d0be303cfe27758d681da3f77229f58fc547bbb4c806a0b00c9a9539fecd,2107778,3216,2136,PASS
be21d8b60e2a,APTOS_VAL,model/datasets/val_manifest.csv,data/aptos2019/train_images/be21d8b60e2a.png,2,c00157eecaefd3e86629126379b8fd2d3a0ea4896a36f41af1f64ca72681326b,981493,1050,1050,PASS
4f5dd7660b17,APTOS_VAL,model/datasets/val_manifest.csv,data/aptos2019/train_images/4f5dd7660b17.png,0,de84ca6dbd39ed189a64ef2f39ad6970a1a43914f9b4c762045eed3fcd44400c,1974599,2416,1736,PASS
484dbeb9bf2a,APTOS_VAL,model/datasets/val_manifest.csv,data/aptos2019/train_images/484dbeb9bf2a.png,0,f6fc30c2258889c46895a1f9910d056bfc67b480620a5ccfee968a6da686d60c,1925096,2048,1536,PASS
7569ac24762e,APTOS_VAL,model/datasets/val_manifest.csv,data/aptos2019/train_images/7569ac24762e.png,0,98da3ecde259514288ab0e7b8dda2ff91f8c0d9e3b712948196e77123dd8b247,1852472,2048,1536,PASS
78937523f7a8,APTOS_VAL,model/datasets/val_manifest.csv,data/aptos2019/train_images/78937523f7a8.png,0,95293fcbb8d114bcbf03b4274b2a7888c4bae2cb88bea7cb78bd35a2668f9f1b,333864,819,614,PASS
3fd7df6099e3,APTOS_VAL,model/datasets/val_manifest.csv,data/aptos2019/train_images/3fd7df6099e3.png,2,dc25898c5d4d865a73be9ae321f958ced2499a5650b8e67a38c1ab593ed17fe8,2781409,2144,1424,PASS
22895c89792f,APTOS_VAL,model/datasets/val_manifest.csv,data/aptos2019/train_images/22895c89792f.png,4,a66fb1c8e79f64020e8afcedc7ae51ac6bd85b9c961a0a32ffbf04e1fc4538a5,1419847,1504,1000,PASS
a14bbd9a583e,APTOS_VAL,model/datasets/val_manifest.csv,data/aptos2019/train_images/a14bbd9a583e.png,3,a6f0f25ebeeba35dc63b63a2d02287e079edb0c994277e255afbd412ebf5d565,2016931,2416,1736,PASS
a7b7dc8788b9,APTOS_VAL,model/datasets/val_manifest.csv,data/aptos2019/train_images/a7b7dc8788b9.png,2,b7b63580d80a6cbde3d931fb1317b1097deffcb5bbce475434f46be068d71fa9,2901583,3216,2136,PASS
4409965eb2a4,APTOS_VAL,model/datasets/val_manifest.csv,data/aptos2019/train_images/4409965eb2a4.png,0,2da57a3293592ee18f449e8d6771223dcb7d73950cd2c16a13f6ab27965ec381,945170,1050,1050,PASS
eb6b1f1c09db,APTOS_VAL,model/datasets/val_manifest.csv,data/aptos2019/train_images/eb6b1f1c09db.png,0,f5e97f39fbcb18b731f2d729ab3baa0ec3ea72e1cd4221280bd25b5554fe41c7,3235399,3216,2136,PASS
530d78467615,APTOS_VAL,model/datasets/val_manifest.csv,data/aptos2019/train_images/530d78467615.png,2,016d1670c19024f2c7de31378a660a5c7fc9d6caea24613120fa1c28dc87e9f2,5851912,3216,2136,PASS
e4f12411fd85,APTOS_VAL,model/datasets/val_manifest.csv,data/aptos2019/train_images/e4f12411fd85.png,4,ef93b600f32cb0ea233b76b62701d2518886cf9c31ac1ba1d0b07c65af98b78b,2310044,2896,1944,PASS
1bb0ddfe753a,APTOS_VAL,model/datasets/val_manifest.csv,data/aptos2019/train_images/1bb0ddfe753a.png,1,db5cbda636aecdcb3c49f67619640f2649d33d82a22bacf40c6bbeba6f16499e,2563139,2416,1736,PASS
1e742358e0b9,APTOS_VAL,model/datasets/val_manifest.csv,data/aptos2019/train_images/1e742358e0b9.png,0,1202bdb18e0dbb0402ff5734fc06b55ac18da2514a6bcee88e12c1431a768945,2106456,1476,1117,PASS
b553e7909535,APTOS_VAL,model/datasets/val_manifest.csv,data/aptos2019/train_images/b553e7909535.png,0,2d71862dc3447e40ba0dc361659e7c77bebe81e6cde68bade29743352d713a4e,963699,1050,1050,PASS
5d024177e214,APTOS_VAL,model/datasets/val_manifest.csv,data/aptos2019/train_images/5d024177e214.png,2,d1dc66abab74dbae7bd4554c6fb6358d1d3844738b7b769e7d944448760acd52,2176193,3216,2136,PASS
8958a4d17b7e,APTOS_VAL,model/datasets/val_manifest.csv,data/aptos2019/train_images/8958a4d17b7e.png,3,05631acc8b7e85cc58944f24f39949ce6f10f2e11b05d5ec44844d4627163c3a,2654893,2416,1736,PASS
9b4fc15df3c8,APTOS_VAL,model/datasets/val_manifest.csv,data/aptos2019/train_images/9b4fc15df3c8.png,0,3f37f08a02f2e1bfb42181d4579c439ac2f07fcd5e3728c1ba29b6d0d1be2f60,275718,819,614,PASS
3f6c627e2ff2,APTOS_VAL,model/datasets/val_manifest.csv,data/aptos2019/train_images/3f6c627e2ff2.png,0,e8397e42b405c2b652f210ef61cb051681ee2eb781417e691c29802a8b8a8dad,899767,1050,1050,PASS
f58f0b2fd718,APTOS_VAL,model/datasets/val_manifest.csv,data/aptos2019/train_images/f58f0b2fd718.png,0,2a4fd246ad8f0210cdd142a6b521509a71580954a5f04af718361199c96a6944,968048,1050,1050,PASS
135575dc57c9,APTOS_VAL,model/datasets/val_manifest.csv,data/aptos2019/train_images/135575dc57c9.png,2,d215362d86cc8157489c14a63e11e2d0306d4b17bcefa2aaf81067cdacd1b474,1315099,1504,1000,PASS
29a13e666266,APTOS_VAL,model/datasets/val_manifest.csv,data/aptos2019/train_images/29a13e666266.png,0,c4c76ccc7495bc55fc28431e4f9275ee6dbde77339baa1605d853aec9f77810b,963782,1050,1050,PASS
d2cd47ed2c1d,APTOS_VAL,model/datasets/val_manifest.csv,data/aptos2019/train_images/d2cd47ed2c1d.png,0,4c2cc40212451af4917fdddc72b94bf8e65aee7ae6bcd79efdeb1bd79b3d1079,315683,819,614,PASS
eedae6b28f96,APTOS_VAL,model/datasets/val_manifest.csv,data/aptos2019/train_images/eedae6b28f96.png,0,29ecb3b70ddf6d515990e966132ab2e311a54a02ba23ad3d475de790897c6bf4,5392787,2588,1958,PASS
3748349334f6,APTOS_VAL,model/datasets/val_manifest.csv,data/aptos2019/train_images/3748349334f6.png,2,4a79d82bfc4e0c10a84376bbb2358ea2865188fe3e9bc409491a2a079ccc753e,2215309,3216,2136,PASS
fb61230b99dd,APTOS_VAL,model/datasets/val_manifest.csv,data/aptos2019/train_images/fb61230b99dd.png,3,548c40924d7447ab36cedd1cfa83c00564471c20ee50ce733996bd07c1120065,851009,1844,1226,PASS
95a4cc805c7b,APTOS_VAL,model/datasets/val_manifest.csv,data/aptos2019/train_images/95a4cc805c7b.png,1,620976d1df64448b8b2259a30bf5bd38cc37335e132a7d37391553a56c452814,5172036,2588,1958,PASS
64eb5a79dfdd,APTOS_VAL,model/datasets/val_manifest.csv,data/aptos2019/train_images/64eb5a79dfdd.png,1,661cdb589a27b364a711ebbc9c27c34f429005c6bd24f5e0028cc40d9c8d9b0c,4558904,2588,1958,PASS
837acf120946,APTOS_VAL,model/datasets/val_manifest.csv,data/aptos2019/train_images/837acf120946.png,0,7e657d70c5270178725b46c216b7c3b5349e8a740600f4f20cd76726d6d888d3,358757,819,614,PASS
9870ce41cac4,APTOS_VAL,model/datasets/val_manifest.csv,data/aptos2019/train_images/9870ce41cac4.png,0,b0f44a00624c56c6a4aed0c54aca6a0b9592da5e1d36657e02de5e2aed5ab5e5,1757262,2048,1536,PASS
7bc2e0fa3f72,APTOS_VAL,model/datasets/val_manifest.csv,data/aptos2019/train_images/7bc2e0fa3f72.png,2,0cab6055390645863f2dea0e831a69b8a782c8799fe2a82ff152351ca074a825,5118302,2588,1958,PASS
d25b8a8ad3c4,APTOS_VAL,model/datasets/val_manifest.csv,data/aptos2019/train_images/d25b8a8ad3c4.png,2,8cf5299888a5fe753398e6eece51d18c0d0aa00808e396b260ec30ecf2667eed,4892073,2588,1958,PASS
7a3ea1779b13,APTOS_VAL,model/datasets/val_manifest.csv,data/aptos2019/train_images/7a3ea1779b13.png,1,6769c60f901e98f6ae981351676e79b54217d2eee93fccb5f2457c63d8fecd92,1758561,2416,1736,PASS
8dafa62f9322,APTOS_VAL,model/datasets/val_manifest.csv,data/aptos2019/train_images/8dafa62f9322.png,0,6a9f1df90c0646ad599e48ea525b62813629904a059566057754f76029a84420,984640,1050,1050,PASS
e2265c383348,APTOS_VAL,model/datasets/val_manifest.csv,data/aptos2019/train_images/e2265c383348.png,0,490ba23c86343922b60631523b373da525a29388e3f4e79b54ac010ca1b0c7d4,297490,819,614,PASS
a19ecd0a706e,APTOS_VAL,model/datasets/val_manifest.csv,data/aptos2019/train_images/a19ecd0a706e.png,1,f94d61f371d67583efe0a25e68b7ce76326f128b446cd5348d2a31bc681f5668,1878961,2416,1736,PASS
7247a2c97f71,APTOS_VAL,model/datasets/val_manifest.csv,data/aptos2019/train_images/7247a2c97f71.png,2,de9b037debe89008a553a70385eae20a3b0fd7e230887224626e2b2b5bdc720d,2190850,3216,2136,PASS
54334705a34d,APTOS_VAL,model/datasets/val_manifest.csv,data/aptos2019/train_images/54334705a34d.png,0,e38a1d4f9b1d867344e35cc74e42affb9148fa8a2cb7d02c77a406281c8e652d,1925081,2048,1536,PASS
9ed666e982cd,APTOS_VAL,model/datasets/val_manifest.csv,data/aptos2019/train_images/9ed666e982cd.png,1,601e8b4592c49c8704ac6452836a207b979939b35d107dde2f348c178569df3b,2248637,2416,1736,PASS
f02057c41256,APTOS_VAL,model/datasets/val_manifest.csv,data/aptos2019/train_images/f02057c41256.png,0,a44c506abc61a9778c1114d9d9dc7208a1a548b2861fecdc0f8d982c5844c366,5410718,2588,1958,PASS
9e5ec293267c,APTOS_VAL,model/datasets/val_manifest.csv,data/aptos2019/train_images/9e5ec293267c.png,2,afbfd740269058285e4a80c84ce3512359ebca442b2f4ea7fb9c1230f72f0960,3759806,3388,2588,PASS
e4c799738a19,APTOS_VAL,model/datasets/val_manifest.csv,data/aptos2019/train_images/e4c799738a19.png,0,e67ddef02691e2905f2871bc3b04336d4fe7574731e2345053c5f6128762a893,939526,1050,1050,PASS
ebd96d853918,APTOS_VAL,model/datasets/val_manifest.csv,data/aptos2019/train_images/ebd96d853918.png,0,58a432f95c613a0bddee482ec0592ef3143dbb2b9e389fc30d48f5237b91d41e,1001728,1050,1050,PASS
e81f4a2fbbdc,APTOS_VAL,model/datasets/val_manifest.csv,data/aptos2019/train_images/e81f4a2fbbdc.png,0,478959ad5601ef90dcc53022c9e124df5a6a9addd8ac06b481f190e1e8816057,5790688,2588,1958,PASS
7e160c8b611e,APTOS_VAL,model/datasets/val_manifest.csv,data/aptos2019/train_images/7e160c8b611e.png,3,591a413afc3eec9844ad826cab002675358848d2e7427999047fa119ac0e781c,5827610,3216,2136,PASS
bd06028eb7dd,APTOS_VAL,model/datasets/val_manifest.csv,data/aptos2019/train_images/bd06028eb7dd.png,0,40800635ab38afc5c9f7141cdc676e1e66d38b0215fde4e493c38db751ffe4e5,966667,1050,1050,PASS
ff8a0b45c789,APTOS_VAL,model/datasets/val_manifest.csv,data/aptos2019/train_images/ff8a0b45c789.png,4,3f623853feb415579fa414c1286a0593f746d27b73d5bed6b82589ea5b4a2500,892620,1844,1226,PASS
c73c5f6ef664,APTOS_VAL,model/datasets/val_manifest.csv,data/aptos2019/train_images/c73c5f6ef664.png,2,0f7e4acf20ff81040e370a0366bd685f687b95d2f1b3cbe747cb8e986b554e24,2055717,3216,2136,PASS
4c389d033cb0,APTOS_VAL,model/datasets/val_manifest.csv,data/aptos2019/train_images/4c389d033cb0.png,0,91d8cdb73b2950dee12fcb1bd70d706b3765bc2db8610a36d217e12803921961,1915867,2048,1536,PASS
e06cccc08c59,APTOS_VAL,model/datasets/val_manifest.csv,data/aptos2019/train_images/e06cccc08c59.png,0,cee682d15a4890bbd4db9f0af8912a37137e9efb3faa5723665a3cb6fbbc63f8,1027308,1050,1050,PASS
a88f68b0b114,APTOS_VAL,model/datasets/val_manifest.csv,data/aptos2019/train_images/a88f68b0b114.png,2,5d94f4da11d26903b6b2daa3a74e375cbd21c9733ba9304c082f3f864b7f324e,7071364,3388,2588,PASS
a07d9a5045cb,APTOS_VAL,model/datasets/val_manifest.csv,data/aptos2019/train_images/a07d9a5045cb.png,0,a38cb494cf71e09850854d3c7d28d60c485d3ab2dbe7ac8a542db0f5ed5f9c13,996746,1050,1050,PASS
9b95d6203406,APTOS_VAL,model/datasets/val_manifest.csv,data/aptos2019/train_images/9b95d6203406.png,2,c8e8e717422d1d371aa87cacf30234bdb5fb26948565b73b08c925324298d1a5,353551,640,480,PASS
df8365d6ac33,APTOS_VAL,model/datasets/val_manifest.csv,data/aptos2019/train_images/df8365d6ac33.png,2,0b9582e9221ed72df6dee422c1996b2205c3a2b794907b49313e9a966aeac99d,2808056,3216,2136,PASS
18621b9ca978,APTOS_VAL,model/datasets/val_manifest.csv,data/aptos2019/train_images/18621b9ca978.png,0,56fa5d320bc5b4d8fa82f85e8d8961a0e4094f2f529fb6722421562052134c33,333743,819,614,PASS
c85b79d70079,APTOS_VAL,model/datasets/val_manifest.csv,data/aptos2019/train_images/c85b79d70079.png,0,62aecde638b8a2a7b71e7bbf686caa7876242dde9b6eddff12b2934b22be20e9,5205179,2588,1958,PASS
025a169a0bb0,APTOS_VAL,model/datasets/val_manifest.csv,data/aptos2019/train_images/025a169a0bb0.png,2,556e70b3bcd93c56bf6259dadc32f8c12ad088f0ae00b1d0924c2228dacbf0f4,1060388,1050,1050,PASS
f18abfa690ab,APTOS_VAL,model/datasets/val_manifest.csv,data/aptos2019/train_images/f18abfa690ab.png,2,db6051f917d49af16c382dace2e4ce94a25a5aad50a3a8c2b5ee429bb914b774,307093,640,480,PASS
437900a99871,APTOS_VAL,model/datasets/val_manifest.csv,data/aptos2019/train_images/437900a99871.png,2,3d95da5962567f3edcee46505ae4fc9ef07c0188ce410097c0bfe46c55850870,5219142,2588,1958,PASS
12a82fc7d73e,APTOS_VAL,model/datasets/val_manifest.csv,data/aptos2019/train_images/12a82fc7d73e.png,2,a6f7c8c5f3bd1847b47907a32e3fecaf0f0766d80629ed91f2b4d9d60600a713,3590964,3388,2588,PASS
233d948e2544,APTOS_VAL,model/datasets/val_manifest.csv,data/aptos2019/train_images/233d948e2544.png,0,fc9b2b5fb94a15ebb84421ffb41b7458e7a75e3ecf8dd066087c5efc0305808e,5473398,2588,1958,PASS
194814669fee,APTOS_VAL,model/datasets/val_manifest.csv,data/aptos2019/train_images/194814669fee.png,1,af29d81dc429e1b71c73525bc8047283f28ed03553d7af9fd49b578f2cb130d8,2146265,2416,1736,PASS
da0a83f074f3,APTOS_VAL,model/datasets/val_manifest.csv,data/aptos2019/train_images/da0a83f074f3.png,0,2231cc8158853d20e435126a9f423f4a298fe0906b1560ac2f9ed479139461e2,296205,819,614,PASS
e47770a2e5d1,APTOS_VAL,model/datasets/val_manifest.csv,data/aptos2019/train_images/e47770a2e5d1.png,0,0d3acbe6a971fefbcf72ed63d8dcd35356e7066f0888a62533560544d67b6f44,5302282,2588,1958,PASS
2608e1dac5b1,APTOS_VAL,model/datasets/val_manifest.csv,data/aptos2019/train_images/2608e1dac5b1.png,2,f62ec84ebfc3769190b09fdb95739f4ab91d14a14d50d8bdcb4cb03a8886735f,2158048,2416,1736,PASS
8af6a4e5396f,APTOS_VAL,model/datasets/val_manifest.csv,data/aptos2019/train_images/8af6a4e5396f.png,4,3c055be040ec5461717bf651359d62ed9035fa75aa3e98edd3c1de5537411d7f,1889208,2416,1736,PASS
1f31701dd61b,APTOS_VAL,model/datasets/val_manifest.csv,data/aptos2019/train_images/1f31701dd61b.png,0,a626420786d2a14f430d0753d6c9e6cda2598e86da2a68e682482c652bd8b9c4,765287,1050,1050,PASS
ff4832d55461,APTOS_VAL,model/datasets/val_manifest.csv,data/aptos2019/train_images/ff4832d55461.png,0,d87ab542639a99d5884dd29bc66ed233b4afaea628c8e1980732ec065339bc84,1804739,2048,1536,PASS
b65ff67743b2,APTOS_VAL,model/datasets/val_manifest.csv,data/aptos2019/train_images/b65ff67743b2.png,2,575f819cc6f281ce76fccb521bc1e67765ab22ff530047d14216184f756689ba,2251527,3216,2136,PASS
3b0190bbe615,APTOS_VAL,model/datasets/val_manifest.csv,data/aptos2019/train_images/3b0190bbe615.png,0,b304906a3b956abd4c612f2467ef0ce2fe9b074968606cbc8e22536618321e7f,1017477,1050,1050,PASS
77acc2cafee1,APTOS_VAL,model/datasets/val_manifest.csv,data/aptos2019/train_images/77acc2cafee1.png,0,0d57ddbaf5144cc571f9fdde91655b261bc0c4fa01342bf59d600f618d2e4b3e,1019165,1050,1050,PASS
e9129ce55fd7,APTOS_VAL,model/datasets/val_manifest.csv,data/aptos2019/train_images/e9129ce55fd7.png,2,955d9cd020cddacf126241b1f0e21837804bab585824bc7287837ac3233822f3,5202335,2588,1958,PASS
3f82631e9080,APTOS_VAL,model/datasets/val_manifest.csv,data/aptos2019/train_images/3f82631e9080.png,0,e57736ab820f41153d0d88a14a6dbdb357d5976cc46e211e056c06243ca3eec7,1925806,2048,1536,PASS
2585bbc91909,APTOS_VAL,model/datasets/val_manifest.csv,data/aptos2019/train_images/2585bbc91909.png,0,6ab5ca2f6f921e2e338057ce6843c1285229d01d6216f9ff878b5a954e4d977a,1654305,2048,1536,PASS
e32dc722eca5,APTOS_VAL,model/datasets/val_manifest.csv,data/aptos2019/train_images/e32dc722eca5.png,4,8df22d00ca32636bc3b337dc5e01eecec38cd4bf3c865fb3b0b7755a9eebdd2a,2895206,3216,2136,PASS
d7ab5c040294,APTOS_VAL,model/datasets/val_manifest.csv,data/aptos2019/train_images/d7ab5c040294.png,0,a16fd2453687162bd9d02367dc752107f3c62e1610182e72756f412241656f5f,305888,819,614,PASS
5c8482926a08,APTOS_VAL,model/datasets/val_manifest.csv,data/aptos2019/train_images/5c8482926a08.png,2,5875cffa81729363b07a883026f9699a70717c4b9080d9ca459f15180c0cc5c8,2893598,3216,2136,PASS
91e8af9ceee9,APTOS_VAL,model/datasets/val_manifest.csv,data/aptos2019/train_images/91e8af9ceee9.png,2,0276eb982e818f4b28135e5bd0fe05f278d9770436314affda2925ac8129fc18,2468566,3216,2136,PASS
a790a3b36390,APTOS_VAL,model/datasets/val_manifest.csv,data/aptos2019/train_images/a790a3b36390.png,2,fb61009a4c73dad4763dfc7d7dac130a3531894a9251afba36c0e3012505a0b5,2218453,2416,1736,PASS
9041eb43456e,APTOS_VAL,model/datasets/val_manifest.csv,data/aptos2019/train_images/9041eb43456e.png,2,f0c69d78ec4e338074db510f5cf8c8e89a7b2b19176db9bbd991b2195a74f4a5,2497428,3216,2136,PASS
d91273efb92a,APTOS_VAL,model/datasets/val_manifest.csv,data/aptos2019/train_images/d91273efb92a.png,2,a29fea9f020a2638a3b3b9ad109b3e84aebe835a69c96a92f602cd149181a967,2266415,3216,2136,PASS
7102f29e052e,APTOS_VAL,model/datasets/val_manifest.csv,data/aptos2019/train_images/7102f29e052e.png,2,80c8822931dc66c170da640e170e2545e1bf73a76bcf7543575b5627f7d59843,7021155,3388,2588,PASS
f2094a20b275,APTOS_VAL,model/datasets/val_manifest.csv,data/aptos2019/train_images/f2094a20b275.png,2,03aa538afe020b78e41aefc8b3638616b3210d9611357fd97c9d081242510827,2361695,3216,2136,PASS
c62585bd68fb,APTOS_VAL,model/datasets/val_manifest.csv,data/aptos2019/train_images/c62585bd68fb.png,4,30c332ecfd5bf5849489c678a7a67b62f918ee31709b9833e7f3d4524bf22d5d,1704747,1476,1117,PASS
830e297965a1,APTOS_VAL,model/datasets/val_manifest.csv,data/aptos2019/train_images/830e297965a1.png,0,0f242215333f44573293888114fe06ff2d45ea75aa7d5b9dbaa6e9aaa754e0e5,1930455,2048,1536,PASS
838c87c63422,APTOS_VAL,model/datasets/val_manifest.csv,data/aptos2019/train_images/838c87c63422.png,4,d1b3e61f13da511010da591f3a015f95accac76618ea5a9fb32cb955e96aa014,2003677,2416,1736,PASS
a6356a3c5d11,APTOS_VAL,model/datasets/val_manifest.csv,data/aptos2019/train_images/a6356a3c5d11.png,0,0749f009e8d1541f59b5705fcc7ccf54a0599efd1edfb954179fe0d099cb8cba,5501114,2588,1958,PASS
07596907347b,APTOS_VAL,model/datasets/val_manifest.csv,data/aptos2019/train_images/07596907347b.png,0,22b920e9d5ab7eb3777e31fe36d5019b8163a975306c0fe014901592d4bd0b38,955668,1050,1050,PASS
a85cda5f725d,APTOS_VAL,model/datasets/val_manifest.csv,data/aptos2019/train_images/a85cda5f725d.png,0,3b91639752f25ad607fd80db83136f84e3f79afcab183c495a98b3e2e28a99d1,779096,1050,1050,PASS
1ade1e949383,APTOS_VAL,model/datasets/val_manifest.csv,data/aptos2019/train_images/1ade1e949383.png,2,11b60fc79e648e0a7bc8827a2f004f7d369d1517629e4e059b59f91aa4ab383c,2785598,3216,2136,PASS
e7defafeb957,APTOS_VAL,model/datasets/val_manifest.csv,data/aptos2019/train_images/e7defafeb957.png,2,27f27f3455e60e61b911bc431509cc6390fa590156587011f499ef52784d6190,3763633,3388,2588,PASS
178412895d5e,APTOS_VAL,model/datasets/val_manifest.csv,data/aptos2019/train_images/178412895d5e.png,0,12d5ae6d32a2cdfd37c9cbb1552758c74289ead3f022e83b2278eb3220c8585c,1940051,2048,1536,PASS
1d3e9b939732,APTOS_VAL,model/datasets/val_manifest.csv,data/aptos2019/train_images/1d3e9b939732.png,0,a41e4aa7ca28a95070f3ab62b0892681d52c4b4c385b4a0d613c33d2d7865689,930012,1050,1050,PASS
10f6ef37fe43,APTOS_VAL,model/datasets/val_manifest.csv,data/aptos2019/train_images/10f6ef37fe43.png,0,a75f6ecb9cb5710d48b8fbcd7a22a762e01c922cf4a22ca07e9cbeea9afba36e,1008961,1050,1050,PASS
760b6f4c6d82,APTOS_VAL,model/datasets/val_manifest.csv,data/aptos2019/train_images/760b6f4c6d82.png,2,aacef0d355a1a747d29652be5c9e59448d5e2f427d92b88c3e812d04fda46f45,2092261,2416,1736,PASS
4ecd1fdd1435,APTOS_VAL,model/datasets/val_manifest.csv,data/aptos2019/train_images/4ecd1fdd1435.png,1,80ee90b624f0a96244b39c6ec3b800c1fff0e61a5086cfbf405f839ae7119b29,2223735,2416,1736,PASS
f762c272c522,APTOS_VAL,model/datasets/val_manifest.csv,data/aptos2019/train_images/f762c272c522.png,1,1bd341b65cb361aec95a34c408c00037a73e6f0844a6cf0a0bd9aaa94ef717e6,3884531,3388,2588,PASS
1e7ccd4a1c87,APTOS_VAL,model/datasets/val_manifest.csv,data/aptos2019/train_images/1e7ccd4a1c87.png,0,cf5785df409082635e8aa783bd99d310d2925f54a66c6477a40e9a137b2986d0,5658514,2588,1958,PASS
4661006f3ba6,APTOS_VAL,model/datasets/val_manifest.csv,data/aptos2019/train_images/4661006f3ba6.png,1,6102dba953c86b658b9c2dc105906e6dedbd0dd2efe388715e0833868284511f,2156991,2416,1736,PASS
8344c783da65,APTOS_VAL,model/datasets/val_manifest.csv,data/aptos2019/train_images/8344c783da65.png,0,f9fdc55b243bf3f6477aac4b65693df792ba009ab9a7db12a44a28b4c9279128,947742,1050,1050,PASS
ea68b58a6e8f,APTOS_VAL,model/datasets/val_manifest.csv,data/aptos2019/train_images/ea68b58a6e8f.png,0,8fa3f87afeba49740660032aa031fdb89513f38bcc00cf066f64b3c211833e7a,990268,1050,1050,PASS
a73d012c4c38,APTOS_VAL,model/datasets/val_manifest.csv,data/aptos2019/train_images/a73d012c4c38.png,0,9c18119ee8faeb9356921a9e7eae2dcf9e9b9401c39b72685dc64b6afeb952fd,1032159,1050,1050,PASS
cadde4030858,APTOS_VAL,model/datasets/val_manifest.csv,data/aptos2019/train_images/cadde4030858.png,0,99d450deda37387965d1f86a79dccdb639520e2af7b2247e9c6284f01b69b1ad,1014440,1050,1050,PASS
a6d45de20e4d,APTOS_VAL,model/datasets/val_manifest.csv,data/aptos2019/train_images/a6d45de20e4d.png,4,c3765a8160cfef303e3cb8004d90ab430114b74c0c4b36dacbc0eccf44426c1d,3057914,3216,2136,PASS
1f15ca672675,APTOS_VAL,model/datasets/val_manifest.csv,data/aptos2019/train_images/1f15ca672675.png,0,00d739a519c8062062c9192604401a5b08a63978aff13f193bf6ba2c81d34362,1878898,2048,1536,PASS
a47878630dc2,APTOS_VAL,model/datasets/val_manifest.csv,data/aptos2019/train_images/a47878630dc2.png,2,ac741a0b39aa3455daef37d191e5692a41f5f3e2df6181f796d3ebd7638bec42,5023761,2588,1958,PASS
0fb1053285cf,APTOS_VAL,model/datasets/val_manifest.csv,data/aptos2019/train_images/0fb1053285cf.png,1,6a83f3cf474ac0b7a1e4b0d72ab70ea4609a5c2a47354a581cc33f1dde5ed081,2140785,2416,1736,PASS
086d41d17da8,APTOS_VAL,model/datasets/val_manifest.csv,data/aptos2019/train_images/086d41d17da8.png,1,462e64400730363d9c73d45fe43281849b27445a7452c2c163904a7576dc76e4,1066742,1844,1226,PASS
07083738b75e,APTOS_VAL,model/datasets/val_manifest.csv,data/aptos2019/train_images/07083738b75e.png,2,c77810ce43a7b964d9070653f1a8fab6bc6206aa56e250892680099591829031,2813845,3216,2136,PASS
3cab32dd6ef9,APTOS_VAL,model/datasets/val_manifest.csv,data/aptos2019/train_images/3cab32dd6ef9.png,0,796b647b9c6730013f7299e7733b017cdf661e25bd32bed406a0f3926d44e4c0,1007420,1050,1050,PASS
89ee1fa16f90,APTOS_VAL,model/datasets/val_manifest.csv,data/aptos2019/train_images/89ee1fa16f90.png,2,7c0cd52b76e0dded449c2816d040431f456b97da0d874ecbb5e7f41c425db350,1914412,2416,1736,PASS
daeaa5d8cf70,APTOS_VAL,model/datasets/val_manifest.csv,data/aptos2019/train_images/daeaa5d8cf70.png,2,5b348b99130b20d40485ae3b785adb5620a0e1a1946039c819337b6a54c361ee,309872,640,480,PASS
46acc506fa61,APTOS_VAL,model/datasets/val_manifest.csv,data/aptos2019/train_images/46acc506fa61.png,0,ac86975947fa976215f5efb7b9f3fef7edc4f6a73319fc29fa26336cc29f1453,1006531,1050,1050,PASS
18cde9649e90,APTOS_VAL,model/datasets/val_manifest.csv,data/aptos2019/train_images/18cde9649e90.png,0,9c7874518392302a62790dc18cea65e89054db7211991096b844227a2940df4c,1892523,2048,1536,PASS
6dc07f968794,APTOS_VAL,model/datasets/val_manifest.csv,data/aptos2019/train_images/6dc07f968794.png,0,e5188419653f92824b2df006ac4bb61234d68c54b544f105206420d51e61943f,1004011,1050,1050,PASS
b460ca9fa26f,APTOS_VAL,model/datasets/val_manifest.csv,data/aptos2019/train_images/b460ca9fa26f.png,0,8554c19167173fc68aab39ca0abbb9538f72561e99114f2437685d2a84a58d73,905309,1050,1050,PASS
c0968d41eb93,APTOS_VAL,model/datasets/val_manifest.csv,data/aptos2019/train_images/c0968d41eb93.png,1,1b4fde523c495740e117410fd5df7105adfe82abb0b717342c63814fe973b3c9,2166321,2416,1736,PASS
6d6be4cfc73f,APTOS_VAL,model/datasets/val_manifest.csv,data/aptos2019/train_images/6d6be4cfc73f.png,0,e220b3aadb7c999a4d77cb8d7a6f2205e3d082804990ec3d680d57b84b5af5ce,1044965,1050,1050,PASS
c80f79579fed,APTOS_VAL,model/datasets/val_manifest.csv,data/aptos2019/train_images/c80f79579fed.png,2,fc197a53d3f6d124d248f86ac4119985b5699440b390b960927c7210b6a31abe,2990086,3216,2136,PASS
c81c6911f5e0,APTOS_VAL,model/datasets/val_manifest.csv,data/aptos2019/train_images/c81c6911f5e0.png,0,d7a51f2651f43583b2f325485e9a27993ed0481df01032f5279e003479133720,1021099,1050,1050,PASS
d66ccb75ada1,APTOS_VAL,model/datasets/val_manifest.csv,data/aptos2019/train_images/d66ccb75ada1.png,1,dc590b8b962e7c776c5fa834e2e8d1d1910e4ba0ecf988efaf8e605157304967,4427838,2588,1958,PASS
c6c2bad91f23,APTOS_VAL,model/datasets/val_manifest.csv,data/aptos2019/train_images/c6c2bad91f23.png,2,3c06d6676d54503a211c67f1e4acb119ee43bcaf0846154316440af1ebc450b6,2830659,3216,2136,PASS
21037f5c7790,APTOS_VAL,model/datasets/val_manifest.csv,data/aptos2019/train_images/21037f5c7790.png,0,2ce9ff19b48c758d5b0a5adf9049e632ff068598da08538273c0548320f0b2ad,892785,1050,1050,PASS
698d6e422a80,APTOS_VAL,model/datasets/val_manifest.csv,data/aptos2019/train_images/698d6e422a80.png,2,0f3526f3dc5d17a34e0dbe87609a015e07a486d24e5cd3eb2816192afdd8219b,333931,640,480,PASS
aafb0c944f14,APTOS_VAL,model/datasets/val_manifest.csv,data/aptos2019/train_images/aafb0c944f14.png,0,4753dc1f4527364031ecdf6ae3d66c3fc34c7d6d85cb9ee9bccf8afb0895bea1,1070596,1050,1050,PASS
ec363f48867b,APTOS_VAL,model/datasets/val_manifest.csv,data/aptos2019/train_images/ec363f48867b.png,0,1e09655c87a681b5f97dc2fd355dcaa43dfb4e40bb478a28a4ce91e1a28eaf15,5457955,2588,1958,PASS
be6cbf6e5b10,APTOS_VAL,model/datasets/val_manifest.csv,data/aptos2019/train_images/be6cbf6e5b10.png,0,4e9cd1205543e031dc97dd56df2a7db6bbd20c20ef4af59a27621214391eca03,1926805,2048,1536,PASS
a94da3d3b5c0,APTOS_VAL,model/datasets/val_manifest.csv,data/aptos2019/train_images/a94da3d3b5c0.png,0,1c5d6af053450245f520fa98383ba13d7b29d5250a2950fa4e0576bcaf28172f,1967950,2048,1536,PASS
b1b3e7d0a5f3,APTOS_VAL,model/datasets/val_manifest.csv,data/aptos2019/train_images/b1b3e7d0a5f3.png,4,368bc451de330bf745f132cb6c6b4e49e02d49306fe8b9e8fc21425966979c0e,2245898,2416,1736,PASS
bebb3f167654,APTOS_VAL,model/datasets/val_manifest.csv,data/aptos2019/train_images/bebb3f167654.png,1,cf6b31557f81668b6db7ff523e950fe49ecea6ab97e5916bae41f3c9c23b3a94,2009136,2416,1736,PASS
f0267c42907c,APTOS_VAL,model/datasets/val_manifest.csv,data/aptos2019/train_images/f0267c42907c.png,0,dbbce6beb8d02d4c02a9b400db45095ec67a06f66cf54b694ce21df2dbc395e9,1891252,2048,1536,PASS
896ad584a841,APTOS_VAL,model/datasets/val_manifest.csv,data/aptos2019/train_images/896ad584a841.png,0,780ec9cbc7874ba268967ab67c64a2755734f2879e1012e013e42cfa72e5efeb,905012,1050,1050,PASS
6bcce181be65,APTOS_VAL,model/datasets/val_manifest.csv,data/aptos2019/train_images/6bcce181be65.png,0,a52477ce533774f759da11c6224f6609c4e609c3c8352a38b08e72723b90db7f,5724359,2588,1958,PASS
3fa4f4d77177,APTOS_VAL,model/datasets/val_manifest.csv,data/aptos2019/train_images/3fa4f4d77177.png,3,9ad8f9f4e64dddf33cba24855120c32735cf204b062ac2dd59e07021f9a9ac08,2092808,2416,1736,PASS
378963f9df22,APTOS_VAL,model/datasets/val_manifest.csv,data/aptos2019/train_images/378963f9df22.png,4,747f738f09486736ef21fc3c0546fe49c5d561939ee6901bf9baaad8464477ce,1168810,1844,1226,PASS
2da82d14e1b7,APTOS_VAL,model/datasets/val_manifest.csv,data/aptos2019/train_images/2da82d14e1b7.png,0,6d5f0a2b3beccbb65aa64eb0c9a900f78625e6134b95631745504b2cb9aee95c,935808,1050,1050,PASS
5445255635f0,APTOS_VAL,model/datasets/val_manifest.csv,data/aptos2019/train_images/5445255635f0.png,0,4a43e5c2de4d8692d07a7473fe90ffcef76cf4b9a05ad414b353349275041911,5763109,2588,1958,PASS
596f4fdb0004,APTOS_VAL,model/datasets/val_manifest.csv,data/aptos2019/train_images/596f4fdb0004.png,0,5946ad6873816264e50b6139d56555ca8935c11e0838f2510ff14a210948131e,1056046,1050,1050,PASS
969f92a390db,APTOS_VAL,model/datasets/val_manifest.csv,data/aptos2019/train_images/969f92a390db.png,0,cdbde50c24b68f74312a9f862f799a01ae1a538de710acecbe2c2fb361aeac9e,1010644,1050,1050,PASS
540e4973829e,APTOS_VAL,model/datasets/val_manifest.csv,data/aptos2019/train_images/540e4973829e.png,0,b8c9e6d14547f30f6bc7154a2b921b039e2499dc5b6dc6ea99e14584bd932c83,286327,819,614,PASS
274f4de2a59d,APTOS_VAL,model/datasets/val_manifest.csv,data/aptos2019/train_images/274f4de2a59d.png,0,c723c406d87a0998a7503e356e2cfeb26e09c82356a15629a1c616871391e0e9,1093748,1050,1050,PASS
8c0d05233238,APTOS_VAL,model/datasets/val_manifest.csv,data/aptos2019/train_images/8c0d05233238.png,3,476e26c9acb46990611b617516fa85ee7e50cdb3a28182d22674a5cf1feac12e,5025388,2588,1958,PASS
aca88f566228,APTOS_VAL,model/datasets/val_manifest.csv,data/aptos2019/train_images/aca88f566228.png,2,281a8c182eb28cea03294cd9bbe3d77dbd247a98cee38646210300aa34ede904,5656638,3216,2136,PASS
d88c4843aec3,APTOS_VAL,model/datasets/val_manifest.csv,data/aptos2019/train_images/d88c4843aec3.png,0,b229ee6705d91da6664dad7e78a3707fa725cd6b9def053789676d2db828b1c2,1021248,1050,1050,PASS
9bd008aab548,APTOS_VAL,model/datasets/val_manifest.csv,data/aptos2019/train_images/9bd008aab548.png,0,0b829fb03b20cd92af65aed54a7d7170b8be354c30a22c5b27f9588f40b88490,1013931,1050,1050,PASS
5633ced07d8e,APTOS_VAL,model/datasets/val_manifest.csv,data/aptos2019/train_images/5633ced07d8e.png,1,5ed7ab5526939ade341cb888db8ab9e19f72409e053f01745de124a5a408e9a4,2079910,2416,1736,PASS
49e4b95ee2dc,APTOS_VAL,model/datasets/val_manifest.csv,data/aptos2019/train_images/49e4b95ee2dc.png,0,47e706309915c9e46ee80b41b8ee297b9e515c50446aa55a650af17c2828f31f,4865211,2588,1958,PASS
1d55e689cf84,APTOS_VAL,model/datasets/val_manifest.csv,data/aptos2019/train_images/1d55e689cf84.png,2,5ff1f1e462b44aacb80e1b2032aeeb068145fa4842aa606bff23e98f27c8d7ee,6915751,3388,2588,PASS
45c39ab9e797,APTOS_VAL,model/datasets/val_manifest.csv,data/aptos2019/train_images/45c39ab9e797.png,2,6f86890e016311e8ade379abedc1192f0e3bc374e74e1cf1bf4100b4551a6e30,5340133,2588,1958,PASS
8a67f1efa315,APTOS_VAL,model/datasets/val_manifest.csv,data/aptos2019/train_images/8a67f1efa315.png,2,e1c68ff1b2d49db61d4792f9e9c97aa15e8241a79df3cd781c0eb8f4db7af9c4,2136702,2416,1736,PASS
318eb706a134,APTOS_VAL,model/datasets/val_manifest.csv,data/aptos2019/train_images/318eb706a134.png,0,89a6313ce7d8c5ea2e819a8aeac1a6c511aa00850d7930561a788a78b08bb2d0,1897529,2048,1536,PASS
4bd941611343,APTOS_VAL,model/datasets/val_manifest.csv,data/aptos2019/train_images/4bd941611343.png,4,1a0d6d87e23d88d270d26f75d17e3f75435ada7e4c2d5464378d90ee9765ec3f,3966441,2588,1958,PASS
74898f372d2b,APTOS_VAL,model/datasets/val_manifest.csv,data/aptos2019/train_images/74898f372d2b.png,0,c155ab1163114c41f91e9560b09eb0d9a2082bb1fd4cc0be25dd2ea4c153a3ed,5290025,2588,1958,PASS
5889a0c75cac,APTOS_VAL,model/datasets/val_manifest.csv,data/aptos2019/train_images/5889a0c75cac.png,0,9488cd0266c6a5f2f28d24a02bf0643dd3864b0bff75450f0427f6ca6a57f39a,1072141,1050,1050,PASS
b49b2fac2514,APTOS_VAL,model/datasets/val_manifest.csv,data/aptos2019/train_images/b49b2fac2514.png,4,8b3b9d101c7f016b2b7861d53a7c2b6a2eda7c876c9d2f94dfe01566bd181803,7120931,3388,2588,PASS
3bf2deaa5ef0,APTOS_VAL,model/datasets/val_manifest.csv,data/aptos2019/train_images/3bf2deaa5ef0.png,0,00f44cca0b6705115c1b0369bc755436349b9a55e3e73c396bab5a90abdb708f,1029861,1050,1050,PASS
84b88e8d3bca,APTOS_VAL,model/datasets/val_manifest.csv,data/aptos2019/train_images/84b88e8d3bca.png,0,a13ac7031060dc93190e27c3a5f87556f1f2b394870fd1da13cf6ea350a83167,357306,819,614,PASS
a688f20f8895,APTOS_VAL,model/datasets/val_manifest.csv,data/aptos2019/train_images/a688f20f8895.png,2,4c441d05fb709c71d8ede5e5ca175f93979ecc8f666fc130b908fdea6959a4b9,2098123,3216,2136,PASS
56e56aa08362,APTOS_VAL,model/datasets/val_manifest.csv,data/aptos2019/train_images/56e56aa08362.png,2,fe475b26ebf2e7a89eebbf753e61347121d2d1d310ea5e1b5f9d5330fc5bb863,2961919,3216,2136,PASS
03a7f4a5786f,APTOS_VAL,model/datasets/val_manifest.csv,data/aptos2019/train_images/03a7f4a5786f.png,4,5a4edcca0e0b51572ce8e99b768874bef50877cae2b70cfb348c0f8483996b58,3980427,2588,1958,PASS
a3802934bad7,APTOS_VAL,model/datasets/val_manifest.csv,data/aptos2019/train_images/a3802934bad7.png,2,669294874effba6c39169654242474565f6cc988bfc2e2c80365981d3140ee57,350361,640,480,PASS
b6d9974443ce,APTOS_VAL,model/datasets/val_manifest.csv,data/aptos2019/train_images/b6d9974443ce.png,0,5e4fb43b8d76fb19d726111a29e688c3554c53b2d05ed85ec4cf07014640acd9,1943429,2048,1536,PASS
8dc22e65c06f,APTOS_VAL,model/datasets/val_manifest.csv,data/aptos2019/train_images/8dc22e65c06f.png,1,aabef80de488ee31e0678118e962d37f267a4369e3fbd225798d23d0d5e5b8e7,5034670,2588,1958,PASS
09237bf783a4,APTOS_VAL,model/datasets/val_manifest.csv,data/aptos2019/train_images/09237bf783a4.png,0,702e9b8623067119a0a284812e5d467f19c34a4a02adbd3d7e45c18048320e73,1008486,1050,1050,PASS
3f6bccf21ce8,APTOS_VAL,model/datasets/val_manifest.csv,data/aptos2019/train_images/3f6bccf21ce8.png,0,8b6b26114a0f0a12c4a1f15a229de31bd4ea0ce6fd9e6cada71afcfc664e20b0,1035548,1050,1050,PASS
76e5b50f95a7,APTOS_VAL,model/datasets/val_manifest.csv,data/aptos2019/train_images/76e5b50f95a7.png,0,272e6d9eb2972aff875118a7c29f549d42d6034be2ee3eb1c834994c31c15869,916099,1050,1050,PASS
bde1063a5dd7,APTOS_VAL,model/datasets/val_manifest.csv,data/aptos2019/train_images/bde1063a5dd7.png,0,685a652824e3247bbf7dea8d32af0a030e6517a53c1f11bce9d0dc00a3831089,5443664,2588,1958,PASS
a9c7b83caf81,APTOS_VAL,model/datasets/val_manifest.csv,data/aptos2019/train_images/a9c7b83caf81.png,2,ced57a18661fbc7ea634d41e71a00904b77ef6c59a12a602bb01d4cf6063488d,3736758,2588,1958,PASS
6ccfdb031184,APTOS_VAL,model/datasets/val_manifest.csv,data/aptos2019/train_images/6ccfdb031184.png,0,ec3a1439061d870737e8f9a578ff0c91c135b42b8c4dab0a3c630ee092a59306,371766,819,614,PASS
606daaf0bfc7,APTOS_VAL,model/datasets/val_manifest.csv,data/aptos2019/train_images/606daaf0bfc7.png,0,a5c3f7e28d62c94a1de1e26956db2940e1b52ab0fff80919df01e8ee46a67987,377245,819,614,PASS
dee687c6e88a,APTOS_VAL,model/datasets/val_manifest.csv,data/aptos2019/train_images/dee687c6e88a.png,2,6790ae50c90c79da2d6a4641ae75d96fc700eb7a4eca49e11303043d12ea843a,3035041,3216,2136,PASS
5cde55f745af,APTOS_VAL,model/datasets/val_manifest.csv,data/aptos2019/train_images/5cde55f745af.png,2,3eb304cb4ff029668be74c4648954155f3f2fa4e874171e8de5250cb930bfa31,2051090,2416,1736,PASS
971bb98ab935,APTOS_VAL,model/datasets/val_manifest.csv,data/aptos2019/train_images/971bb98ab935.png,0,7b357b38a65aff98b396faf4e0871c9975f5cae7f76592d44e6ca3d648343fa3,338643,819,614,PASS
7a6495a39d87,APTOS_VAL,model/datasets/val_manifest.csv,data/aptos2019/train_images/7a6495a39d87.png,0,87533e9afe4b26caff8291441eb906ce89ec839c7c94ff95e3b5668a2530e886,2179664,1476,1117,PASS
06be1092a062,APTOS_VAL,model/datasets/val_manifest.csv,data/aptos2019/train_images/06be1092a062.png,0,5e1a0ff72f9756bfb9e01ae9f23a204b2fb61d33e8398ee9d232c8398a08fe37,283975,819,614,PASS
966c07831334,APTOS_VAL,model/datasets/val_manifest.csv,data/aptos2019/train_images/966c07831334.png,0,d6e605ba3db788c35012d76f8c357a39d08f1aa518ee1090435c8d97ccb104ee,1072987,1050,1050,PASS
e1c02f6c3362,APTOS_VAL,model/datasets/val_manifest.csv,data/aptos2019/train_images/e1c02f6c3362.png,0,0e50415d5f51c123d628db1cddf83b722469f545448d5ef789f3bd14b7b738e0,1893452,2048,1536,PASS
db6207e62c7b,APTOS_VAL,model/datasets/val_manifest.csv,data/aptos2019/train_images/db6207e62c7b.png,0,6a2ba0f10f77b9718b9d15231c7815a54e898143cec662589bfa6e395aa94db6,1945954,2048,1536,PASS
53704c80f0d8,APTOS_VAL,model/datasets/val_manifest.csv,data/aptos2019/train_images/53704c80f0d8.png,1,508c2ef0eef7c56a3196bbcf929e24b8e5aec10a6b612f0684a4cfab229ecd60,2279187,2416,1736,PASS
0eb52045349f,APTOS_VAL,model/datasets/val_manifest.csv,data/aptos2019/train_images/0eb52045349f.png,1,cfca855b723b1e353bd29773781443c4e6347fcb47f19e19256ddc742875d7d8,5299579,4288,2848,PASS
cb0cc98d7e35,APTOS_VAL,model/datasets/val_manifest.csv,data/aptos2019/train_images/cb0cc98d7e35.png,0,62512b94437e5787f744812929690ffb3a4c77095ebf9416024a7a3cec885437,2344199,2416,1736,PASS
4ffa38550c95,APTOS_VAL,model/datasets/val_manifest.csv,data/aptos2019/train_images/4ffa38550c95.png,0,eb48b757d758a3255cbf0b3366d14e2305ad9516ff5eb0680789d875ad8f7116,1872864,2048,1536,PASS
c013e869acce,APTOS_VAL,model/datasets/val_manifest.csv,data/aptos2019/train_images/c013e869acce.png,0,cea07234a491b53fd2697f091cff68e23aa67d2c05f56dd4ca6082c28de27d0a,1913502,2048,1536,PASS
a1eb88562239,APTOS_VAL,model/datasets/val_manifest.csv,data/aptos2019/train_images/a1eb88562239.png,0,e490625e50a2d39a681684398686062cabb15d67fcbecae8365a0bc7439f795d,828103,1050,1050,PASS
d69698f838db,APTOS_VAL,model/datasets/val_manifest.csv,data/aptos2019/train_images/d69698f838db.png,0,9caeb68a0c9ed15ef8544204a9852718382c82dc8fea9f7ba58967388cea59c3,978828,1050,1050,PASS
01b3aed3ed4c,APTOS_VAL,model/datasets/val_manifest.csv,data/aptos2019/train_images/01b3aed3ed4c.png,1,cfe7d73ff89715046ddef7073d4e441045b89920e03e317fc8ac608147eebd03,1975236,2416,1736,PASS
9ce46d400cd6,APTOS_VAL,model/datasets/val_manifest.csv,data/aptos2019/train_images/9ce46d400cd6.png,0,4bd969aa3f3c14248f2f011c30ad12e9bcbbfa7d60e2059e9f00a9c0c8cb6bee,892095,1050,1050,PASS
20404ec7b518,APTOS_VAL,model/datasets/val_manifest.csv,data/aptos2019/train_images/20404ec7b518.png,2,f030f4ab537cc3128b2829bbab2882e76e8113acbbcc3c05780f0889bdfbb85d,2490591,2416,1736,PASS
683023cda6a5,APTOS_VAL,model/datasets/val_manifest.csv,data/aptos2019/train_images/683023cda6a5.png,0,fda694062020e32e33240fd533c300a83a06b82411e093ba0e4baddd6dcb14f4,294049,819,614,PASS
acc9f29538c4,APTOS_VAL,model/datasets/val_manifest.csv,data/aptos2019/train_images/acc9f29538c4.png,2,355e7817b8b2b41e0f4250bad40a41e0499a96cadca54cc5e8f7d76e6c60a023,2754629,3216,2136,PASS
a3957df90a78,APTOS_VAL,model/datasets/val_manifest.csv,data/aptos2019/train_images/a3957df90a78.png,2,f8321f2d416e99780f92378e64e3d24c65cd4a6cb240c957625056b36cb91cc3,2729938,3216,2136,PASS
ee02294cc3d9,APTOS_VAL,model/datasets/val_manifest.csv,data/aptos2019/train_images/ee02294cc3d9.png,2,72aebc576f2a42aae4ca2210ff992a3c54563baf25bb2a2a3db212207e9fe203,3371975,3216,2136,PASS
60aa4e649abf,APTOS_VAL,model/datasets/val_manifest.csv,data/aptos2019/train_images/60aa4e649abf.png,0,437a8f95571bd138ad0c05a4de288e08b72dcaa7c89bbc7c87b6f4dc7cd6f15e,5536168,2588,1958,PASS
9c088d2d1559,APTOS_VAL,model/datasets/val_manifest.csv,data/aptos2019/train_images/9c088d2d1559.png,2,761d7383c73c0dda832ed76c34e7a5f340c9b93bc7ab451f2bdb0e1434e92b5d,2243344,2588,1958,PASS
4dd5d5ccddcf,APTOS_VAL,model/datasets/val_manifest.csv,data/aptos2019/train_images/4dd5d5ccddcf.png,1,1a4a45ebc5bb4f84e445c14c0fc592815bb37243f1eef843321d80ec31937493,2070085,2416,1736,PASS
13c191b59ed0,APTOS_VAL,model/datasets/val_manifest.csv,data/aptos2019/train_images/13c191b59ed0.png,0,51b8a0be15e1590b98a91bb98582894a7fdf8080ff8d046ce323cf16b83bf191,1649344,2048,1536,PASS
e33766353db2,APTOS_VAL,model/datasets/val_manifest.csv,data/aptos2019/train_images/e33766353db2.png,0,03e20ef233fc72a2000d5928fa77bacfa80a596cd710af82007abf5edb7673ac,325285,819,614,PASS
3b4a5fcbe5e0,APTOS_VAL,model/datasets/val_manifest.csv,data/aptos2019/train_images/3b4a5fcbe5e0.png,4,04bbfed5d2cd875ea96ebecb46ec678ac5de34129bc0dbf6860dfedcfecd1c7b,1373861,1504,1000,PASS
9a1029536d78,APTOS_VAL,model/datasets/val_manifest.csv,data/aptos2019/train_images/9a1029536d78.png,0,2f80a5f05fce075b045bad5ed77555a66242e54b25dd106dcff82e25ee8cdce7,1041783,1050,1050,PASS
1c578b72d7b3,APTOS_VAL,model/datasets/val_manifest.csv,data/aptos2019/train_images/1c578b72d7b3.png,2,0a835fe0a61beec9fa4f4e64a0339024697610e049880b4670f98d9dda7a2c22,3694290,3388,2588,PASS
453a1e2754b2,APTOS_VAL,model/datasets/val_manifest.csv,data/aptos2019/train_images/453a1e2754b2.png,2,d87f45c21e4f1e7bf98726375f6216faf7ad197b46ba732c47c1ca9315880578,305138,640,480,PASS
cf8f1bc7a215,APTOS_VAL,model/datasets/val_manifest.csv,data/aptos2019/train_images/cf8f1bc7a215.png,0,371fea9605fc73bb4e8e146d98286bd2544f7a8f57badde66997e6b33f0c16ee,310639,819,614,PASS
da6389d129aa,APTOS_VAL,model/datasets/val_manifest.csv,data/aptos2019/train_images/da6389d129aa.png,0,a383694811cf06c6884f9fb5a87de96f15cfe8f61acfca86b09cb5849868ebb9,2494919,2416,1736,PASS
13073f075a56,APTOS_VAL,model/datasets/val_manifest.csv,data/aptos2019/train_images/13073f075a56.png,0,19a050586da57f706c1fca9c69a92aa7852bb7432de11c5e4d5de01fe26bf62b,915072,1050,1050,PASS
76be29bb30b2,APTOS_VAL,model/datasets/val_manifest.csv,data/aptos2019/train_images/76be29bb30b2.png,1,035784ade62dcf1dbd717de5e78997b15c7e26c7c0f2bd63926588ed87894d80,2402545,2416,1736,PASS
53f6c1c65c04,APTOS_VAL,model/datasets/val_manifest.csv,data/aptos2019/train_images/53f6c1c65c04.png,1,2ccf62ac0c648c80c9b6476a818f55dbf3103d0c5dec7bf2c346d0c85007ab9d,2230046,2416,1736,PASS
7d261f986bef,APTOS_VAL,model/datasets/val_manifest.csv,data/aptos2019/train_images/7d261f986bef.png,2,6fe6122554217870ff0b81879ccc189b51f62110576ca1ab0857e26606742b82,2747144,2144,1424,PASS
2463bb04ebc3,APTOS_VAL,model/datasets/val_manifest.csv,data/aptos2019/train_images/2463bb04ebc3.png,2,0de3b0b3cf4dd8a749ce06796775de4f773bd0f6ace7680454751053baed62e6,3086259,3216,2136,PASS
96b5474ae604,APTOS_VAL,model/datasets/val_manifest.csv,data/aptos2019/train_images/96b5474ae604.png,0,5210bb012bfefc1d156ac7537815fdbd5ae2587c55b0a99f550c0f9440db9cda,941587,1050,1050,PASS
a88365134c3c,APTOS_VAL,model/datasets/val_manifest.csv,data/aptos2019/train_images/a88365134c3c.png,0,37b83fc44232954bf767c958fa66514faa8d999d0777bd48af11c012625874ec,1045877,1050,1050,PASS
84c663f39632,APTOS_VAL,model/datasets/val_manifest.csv,data/aptos2019/train_images/84c663f39632.png,4,f3c8262312fcd33725012fd43aa1a65a3e426f8d0507230c552e25c8d222348f,7009934,3388,2588,PASS
cd941e5bc659,APTOS_VAL,model/datasets/val_manifest.csv,data/aptos2019/train_images/cd941e5bc659.png,0,c90c76baaf611dcd8fe59d4196f4f81d4ecfd3d54b9cadade973f390172e97c9,901694,1050,1050,PASS
c5bec7f1e5f3,APTOS_VAL,model/datasets/val_manifest.csv,data/aptos2019/train_images/c5bec7f1e5f3.png,0,7e8897128c72665012861a044dccb6f98cfd51683e63e7b3c5fb9e98548004f9,916825,1050,1050,PASS
da9fe02dead3,APTOS_VAL,model/datasets/val_manifest.csv,data/aptos2019/train_images/da9fe02dead3.png,0,a6f0321e0691bdec9638d22d65824372537b1ba221f0f95b852c82a9e623bd37,985796,1050,1050,PASS
a4b8de38eac1,APTOS_VAL,model/datasets/val_manifest.csv,data/aptos2019/train_images/a4b8de38eac1.png,3,f90205364508ef70aed083a612b019261e25f6223287cee571162f9583803c10,2103843,2896,1944,PASS
a8652b2de23f,APTOS_VAL,model/datasets/val_manifest.csv,data/aptos2019/train_images/a8652b2de23f.png,2,a0b9b903f5383e4537dd5cdf7568b3c1a62c57b9246bceeecb12ef3aede19428,1870329,2416,1736,PASS
7e70344b0c25,APTOS_VAL,model/datasets/val_manifest.csv,data/aptos2019/train_images/7e70344b0c25.png,0,94c1a0f112bca01ad2d4eec1e3571ae8fa7394e572c5fbb5857b2280477fe92c,1920050,2048,1536,PASS
4cae247d9909,APTOS_VAL,model/datasets/val_manifest.csv,data/aptos2019/train_images/4cae247d9909.png,1,f363329e50ba57cca11a187b5f423b1269a4bb06e630e9d9d43f968e9154bff1,889985,1050,1050,PASS
b43440c6ebe4,APTOS_VAL,model/datasets/val_manifest.csv,data/aptos2019/train_images/b43440c6ebe4.png,0,ff05600d6b50f95b2eded69835debff1df428abd87dbedcac0724bcb9e52245c,5340948,2588,1958,PASS
6a2c3f4ef329,APTOS_VAL,model/datasets/val_manifest.csv,data/aptos2019/train_images/6a2c3f4ef329.png,0,6dc37501424d023201bee64b2666dd37de303e1da3d9e3f4918f65c833481fa0,5173814,2588,1958,PASS
ef7a4ed8d5d1,APTOS_VAL,model/datasets/val_manifest.csv,data/aptos2019/train_images/ef7a4ed8d5d1.png,2,9e2878ecf6be779f4290dfb37b1402626bd8fe543aa898cd27a2b6c3df18e725,5642697,2588,1958,PASS
d94e10f42861,APTOS_VAL,model/datasets/val_manifest.csv,data/aptos2019/train_images/d94e10f42861.png,2,107b34f0bd58fceaae88e76025011990e2873d9ea21cb1ca32ac25ea4a4dcd1e,3365907,3216,2136,PASS
61a62b1dcc36,APTOS_VAL,model/datasets/val_manifest.csv,data/aptos2019/train_images/61a62b1dcc36.png,0,304be4a7b4c6f6cac4f68627f5a64c5b1f12cd53f40631e8c1b26059e37a2673,1768411,2048,1536,PASS
bcdc8db5423b,APTOS_VAL,model/datasets/val_manifest.csv,data/aptos2019/train_images/bcdc8db5423b.png,2,0a9a014e61ea5e61725885d51abaa709193b086d5ec6fc617de7122ee963ba84,5968823,3216,2136,PASS
7f43becd3e83,APTOS_VAL,model/datasets/val_manifest.csv,data/aptos2019/train_images/7f43becd3e83.png,0,7c23961eca73036e6e7ba8249d52d02c4b5511eb87238fabe6ff52495fc90e1b,365155,819,614,PASS
70d0392397de,APTOS_VAL,model/datasets/val_manifest.csv,data/aptos2019/train_images/70d0392397de.png,0,f27042b92223e4c3a83b738ce8e85dcd79d6e8d154be670d20b4adee81e0a41d,1977514,2588,1958,PASS
46d3316c4857,APTOS_VAL,model/datasets/val_manifest.csv,data/aptos2019/train_images/46d3316c4857.png,4,f941c608b4e4040d2d261087a49256c9d81c56105c94911d4ffac84320ed911e,5849898,3216,2136,PASS
cd48cfab4e44,APTOS_VAL,model/datasets/val_manifest.csv,data/aptos2019/train_images/cd48cfab4e44.png,0,3111133af89c445a04144b971d4cd7407a875ea7e6dff2718aa16861f8b2a94b,3196170,2588,1958,PASS
ab32db41c409,APTOS_VAL,model/datasets/val_manifest.csv,data/aptos2019/train_images/ab32db41c409.png,0,153d9cdb7931a2467f63f19410c774685e41eb260ef94adec7b35f4497fcaaf0,5724175,2588,1958,PASS
1df1530b9b8d,APTOS_VAL,model/datasets/val_manifest.csv,data/aptos2019/train_images/1df1530b9b8d.png,0,4eb0ad899c25b11c3ed2a26193ef29582ada28d67f695c214c3cdd9e6ab0896c,1067137,1050,1050,PASS
cb68fce07789,APTOS_VAL,model/datasets/val_manifest.csv,data/aptos2019/train_images/cb68fce07789.png,0,d4914fa0fa8a5af49c9c6a8963fbb8ca801d523b33d2300564a48cd084f44099,1017365,1050,1050,PASS
710b05a96e0f,APTOS_VAL,model/datasets/val_manifest.csv,data/aptos2019/train_images/710b05a96e0f.png,4,67d3737db28a21b2e8b7bd2b12dc1c33b390d409fa7f2c2c27617f255c0ee497,4350974,4288,2848,PASS
b0f8613305a3,APTOS_VAL,model/datasets/val_manifest.csv,data/aptos2019/train_images/b0f8613305a3.png,0,1ced8c3efb430ee72e8b37c142dae877f179f8aa4712ed671580734a59781683,2384829,2416,1736,PASS
54cab3596214,APTOS_VAL,model/datasets/val_manifest.csv,data/aptos2019/train_images/54cab3596214.png,2,56066ea432219d17d16aa1ce49d856d2af5f34cfa18481e0daf6e1586a6ed2d9,1013545,1050,1050,PASS
0e0fc1d9810c,APTOS_VAL,model/datasets/val_manifest.csv,data/aptos2019/train_images/0e0fc1d9810c.png,4,8d32b3ccc0df0e0349405f108a1b15dac5cf796f89d62bbeeef77c2d16f4fdeb,5156093,4288,2848,PASS
63b71347e95d,APTOS_VAL,model/datasets/val_manifest.csv,data/aptos2019/train_images/63b71347e95d.png,0,86c7a104213c5bd7a828337442d5b881546b7db44f3be473e510ecf725a6930c,899047,1050,1050,PASS
9f37c98b8187,APTOS_VAL,model/datasets/val_manifest.csv,data/aptos2019/train_images/9f37c98b8187.png,3,9064c844a2ec2d84a16a733df3f2ff773515a6f1664236140a7e45dc36363a98,5389685,2588,1958,PASS
e17507a4a1f5,APTOS_VAL,model/datasets/val_manifest.csv,data/aptos2019/train_images/e17507a4a1f5.png,2,684882151138eee60f935e95fb3c7d3bceeeb22b0a075b90d9b1cc39934bba37,2177894,2416,1736,PASS
81914ceb4e74,APTOS_VAL,model/datasets/val_manifest.csv,data/aptos2019/train_images/81914ceb4e74.png,0,975bc08229215e542be56ac3342a03c4ac57b96c9746fdf423c71143a71faaf6,973441,1050,1050,PASS
e65f94ad9be3,APTOS_VAL,model/datasets/val_manifest.csv,data/aptos2019/train_images/e65f94ad9be3.png,2,cfbe788b1ee9ea18270711123212e385e73047857b31cdfbe3dc6cac2c108d7a,5275328,2588,1958,PASS
757e39293591,APTOS_VAL,model/datasets/val_manifest.csv,data/aptos2019/train_images/757e39293591.png,0,e0c597d9c035a623d9a8a7f02d2f2614efd453989688cf7ffb1d07ece0f8d60d,1135831,1050,1050,PASS
8d13c46e7d75,APTOS_VAL,model/datasets/val_manifest.csv,data/aptos2019/train_images/8d13c46e7d75.png,0,2a23ba1cdc8437ef88cdb52c6f25f1f6b6f469fd1d21fc672977968722e4ac77,897032,1050,1050,PASS
578109578b46,APTOS_VAL,model/datasets/val_manifest.csv,data/aptos2019/train_images/578109578b46.png,1,041ae1dbc8906ba708a66c1ab7d2561b726e2a823d15e6cb8caac71f64c8654e,4488340,2588,1958,PASS
33778d136069,APTOS_VAL,model/datasets/val_manifest.csv,data/aptos2019/train_images/33778d136069.png,3,31b149a86981bd938332e56dcbcede592f8a8477290ff786aef40d1696fa65d0,1532542,1476,1117,PASS
789c60cba801,APTOS_VAL,model/datasets/val_manifest.csv,data/aptos2019/train_images/789c60cba801.png,0,f811311ee4449713f10793ade50b2065e38d019bdb23d715d7ab0887cc2e1f85,278776,819,614,PASS
86fbac86ed3e,APTOS_VAL,model/datasets/val_manifest.csv,data/aptos2019/train_images/86fbac86ed3e.png,2,e6836250b12e7be821577e326b7940cc1115d9faf22b535300f0f69ea4834c12,2218895,2416,1736,PASS
64bad93fde3f,APTOS_VAL,model/datasets/val_manifest.csv,data/aptos2019/train_images/64bad93fde3f.png,4,baa83ace9bd798409dd379ac87a7c658a3dd775b9a5c67999664e51cc8bb8f57,1135691,1844,1226,PASS
437cbec4a3f8,APTOS_VAL,model/datasets/val_manifest.csv,data/aptos2019/train_images/437cbec4a3f8.png,2,4226486424270f29a20180803955eb549a34ca53f46c0c03ac99ea6361529991,2253307,2416,1736,PASS
c90c6b94cf40,APTOS_VAL,model/datasets/val_manifest.csv,data/aptos2019/train_images/c90c6b94cf40.png,0,ee1b284b71257f9ac28d9ad1d6ca1daedd8034cdb8731d20ad4941a7dd4a2cf2,287377,819,614,PASS
6d0c0531083f,APTOS_VAL,model/datasets/val_manifest.csv,data/aptos2019/train_images/6d0c0531083f.png,3,e96bff579f1cc418208c5066b25fd7ee824e28af521a804cb57b0076b9a5ca23,2020903,2416,1736,PASS
b2b79b37d314,APTOS_VAL,model/datasets/val_manifest.csv,data/aptos2019/train_images/b2b79b37d314.png,0,3c037f9028ac051b903cacc7c38e452b86ce25236aa1c472599d1409fa9afe9a,932759,1050,1050,PASS
67f5d89da548,APTOS_VAL,model/datasets/val_manifest.csv,data/aptos2019/train_images/67f5d89da548.png,1,0b5958662bcb984aed32c33dc5a6c8e7208074d843298b1ba20fad399bd48703,2220668,2416,1736,PASS
c3e02d4a1798,APTOS_VAL,model/datasets/val_manifest.csv,data/aptos2019/train_images/c3e02d4a1798.png,2,187d1ebaa68fabea537a15d8e71433b8ea2b3949ef5a98740c1df52a39b0d9bb,2985891,3216,2136,PASS
976082127e2a,APTOS_VAL,model/datasets/val_manifest.csv,data/aptos2019/train_images/976082127e2a.png,0,f0076acc6117012020ca2a6bb2b89239981dd6db587a701226e9874aadeb01ed,929740,1050,1050,PASS
b5b913358b32,APTOS_VAL,model/datasets/val_manifest.csv,data/aptos2019/train_images/b5b913358b32.png,0,3ab80018fb78a66234a1830cf619ff9bd9dc2d6f8bfab18c7f2a30e5b4e32639,1043502,1050,1050,PASS
ec01f0862669,APTOS_VAL,model/datasets/val_manifest.csv,data/aptos2019/train_images/ec01f0862669.png,0,b09c03a5a4bba1f2bc767ab742c0b3e62961eacda4efc9e743b35a74714a08c9,1006802,1050,1050,PASS
b90bc89ce8d8,APTOS_VAL,model/datasets/val_manifest.csv,data/aptos2019/train_images/b90bc89ce8d8.png,4,66235b8fc4b7e98b0fb5b64fa9492409a7d10a09246ac40c329324be3a7974ff,6976395,3388,2588,PASS
001639a390f0,APTOS_VAL,model/datasets/val_manifest.csv,data/aptos2019/train_images/001639a390f0.png,4,9e4a10bcf0569bd7640ff3107601cb00c1147c44de5d3e0c469d9d38f1fdc1c5,2261129,3216,2136,PASS
36677b70b1ef,APTOS_VAL,model/datasets/val_manifest.csv,data/aptos2019/train_images/36677b70b1ef.png,1,22a3b2c1bf2e52f6cd488e791ff140c5f9c877b3837eabca10437c8ed41ad330,2214945,2416,1736,PASS
a45c30da0c72,APTOS_VAL,model/datasets/val_manifest.csv,data/aptos2019/train_images/a45c30da0c72.png,0,594d6b570299f1432baf83226acb012a481d7a1c792034a0c8a12fbb5fc46bdc,349676,819,614,PASS
9fab29e69a6b,APTOS_VAL,model/datasets/val_manifest.csv,data/aptos2019/train_images/9fab29e69a6b.png,4,95021df21c365b06bd7e724aca660252cf14dc9d15b7be07c6138df9b6548e51,1015097,1844,1226,PASS
475c7ded0f7a,APTOS_VAL,model/datasets/val_manifest.csv,data/aptos2019/train_images/475c7ded0f7a.png,2,f385caec8eb41bf88460bced71c9aee20322f39e377b65a24da1576c7328efec,7177237,3388,2588,PASS
4f46d7ee61ed,APTOS_VAL,model/datasets/val_manifest.csv,data/aptos2019/train_images/4f46d7ee61ed.png,2,16fb569475c83efe0512dc39dfc5e45cb43fe0c1bd84b19a5aeaa5ada37241ab,2942547,3216,2136,PASS
f5e9a307288c,APTOS_VAL,model/datasets/val_manifest.csv,data/aptos2019/train_images/f5e9a307288c.png,2,77dfa0d6ea8f23ce1c6b0dd5a396a29130604fcb5bcda03da1f7e2931f5ed88b,2123731,3216,2136,PASS
237aa50edc34,APTOS_VAL,model/datasets/val_manifest.csv,data/aptos2019/train_images/237aa50edc34.png,0,b2e4482e177eda61d69fbf58e92a6d53c5e60a175ba737eb9ad6303a9862e3f8,2679758,2588,1958,PASS
c446985355f1,APTOS_VAL,model/datasets/val_manifest.csv,data/aptos2019/train_images/c446985355f1.png,0,99528688f6812bead866f73d69c89e7f978eddaf9545a58305a9b47277fcff8a,950564,1050,1050,PASS
a53d6d2472a6,APTOS_VAL,model/datasets/val_manifest.csv,data/aptos2019/train_images/a53d6d2472a6.png,0,45b7942ea7603c63f19d82577e54ce33c772ecdb445c0eb2b5d23fe594b3a095,1090056,1050,1050,PASS
7ae69d22075a,APTOS_VAL,model/datasets/val_manifest.csv,data/aptos2019/train_images/7ae69d22075a.png,1,d0931bc78ad4af62d95716593fbea8d1ccad834e492cd0b8503392ad8cde9373,985123,1050,1050,PASS
2b3a4a81d748,APTOS_VAL,model/datasets/val_manifest.csv,data/aptos2019/train_images/2b3a4a81d748.png,0,cd3044e130382a6c238fef8d6a058fc4bb53b8927b1b5c12bbc32ca6d391222b,1074587,1050,1050,PASS
05195a3db5e2,APTOS_VAL,model/datasets/val_manifest.csv,data/aptos2019/train_images/05195a3db5e2.png,0,1a73c3de43b346cf07ecd3cb3e81d0d9aff7036cff3c5a4a6bc11e3b401e7970,348006,819,614,PASS
c5ba9e455d5e,APTOS_VAL,model/datasets/val_manifest.csv,data/aptos2019/train_images/c5ba9e455d5e.png,3,07b08ebf34bebad7c253ada8ade8a37f8dbed48a72b633171310b4d51df302b4,2962232,3216,2136,PASS
ac1667fac512,APTOS_VAL,model/datasets/val_manifest.csv,data/aptos2019/train_images/ac1667fac512.png,0,506d6e1ec840e9d0482762a5170e0484ad07a84f7a003598ed24c29888798a57,931952,1050,1050,PASS
b7e0f95353f2,APTOS_VAL,model/datasets/val_manifest.csv,data/aptos2019/train_images/b7e0f95353f2.png,3,60107576f2bd006ae45bed9de28904dcf73af030ce3a2d938940b0f94e657920,2323883,3216,2136,PASS
aef9016557ca,APTOS_VAL,model/datasets/val_manifest.csv,data/aptos2019/train_images/aef9016557ca.png,2,728087047772e7c851e3ac1f85b7be5bd6690efa7fbedf5f96e5f3e2475c6877,276027,640,480,PASS
d15ca3469b87,APTOS_VAL,model/datasets/val_manifest.csv,data/aptos2019/train_images/d15ca3469b87.png,2,4ea0997a132da62e2dced254bbfcb32456adeba12bec7dbe95e898ca1760a08b,5100813,2588,1958,PASS
419406328dcd,APTOS_VAL,model/datasets/val_manifest.csv,data/aptos2019/train_images/419406328dcd.png,2,03757a1068de5bd52aa7e7a005b0df033d8dee695ba61202698b2681dba8b0f9,2599781,3216,2136,PASS
0fe31196e0e8,APTOS_VAL,model/datasets/val_manifest.csv,data/aptos2019/train_images/0fe31196e0e8.png,0,8a2c160f7b82e333620c4ebcedc12f59da734089c52d21a99d51ef993f6dd4f3,1044183,1050,1050,PASS
1dd9adcbfff4,APTOS_VAL,model/datasets/val_manifest.csv,data/aptos2019/train_images/1dd9adcbfff4.png,2,1cd1fefcb2877cf5d7921546c06ad6d2b850108e053560e2c3517dc42452b9c7,3968032,3388,2588,PASS
0db1d8dcf219,APTOS_VAL,model/datasets/val_manifest.csv,data/aptos2019/train_images/0db1d8dcf219.png,0,d4e94cde43cc5ec0fa5aa3805ad9a5f7664d311d7832a919f5918851f1a37428,1912764,2048,1536,PASS
ab686895533e,APTOS_VAL,model/datasets/val_manifest.csv,data/aptos2019/train_images/ab686895533e.png,0,23fe4d17056f74bd3c957e0fc230179737241661ffccb731556c2810ce5539dc,1066799,1050,1050,PASS
904b03ad5594,APTOS_VAL,model/datasets/val_manifest.csv,data/aptos2019/train_images/904b03ad5594.png,0,057978e33cca450dbaf79c94a394cce9c179a4ba9a3047de02b7be1709815a71,4942075,2588,1958,PASS
36b5b3c9fb32,APTOS_VAL,model/datasets/val_manifest.csv,data/aptos2019/train_images/36b5b3c9fb32.png,3,50a1c62207f61f7f201e0a239825ae83d424cf88b3527fb78e8fd67a3c4d1de1,5621679,2588,1958,PASS
367c7049929c,APTOS_VAL,model/datasets/val_manifest.csv,data/aptos2019/train_images/367c7049929c.png,2,5b02bb7f1bcccebbc11560b5d3480a65f0c76425b8a618436c4466b51a04a0cf,978886,1050,1050,PASS
901a3552fe26,APTOS_VAL,model/datasets/val_manifest.csv,data/aptos2019/train_images/901a3552fe26.png,0,7dea7ce042d3f4662affa238ff4fd817df63c461409904241a0e93c90998623e,1069448,1050,1050,PASS
d27ac9e54901,APTOS_VAL,model/datasets/val_manifest.csv,data/aptos2019/train_images/d27ac9e54901.png,0,79fa861de4fd52ac5579b8ce2569ad9778c7f8894d378efbc9e50f316d1bb0c0,1037348,1050,1050,PASS
9519a590985d,APTOS_VAL,model/datasets/val_manifest.csv,data/aptos2019/train_images/9519a590985d.png,0,a28956de45d3610b59d24891070e5c7ed33d2b223d9633ec3ecd308687142075,964396,1050,1050,PASS
bb7e0a2544cd,APTOS_VAL,model/datasets/val_manifest.csv,data/aptos2019/train_images/bb7e0a2544cd.png,3,ec96f76568f58db4cc2d5411cc805437f0c036c7413a4134c5bac471fb63c8fe,1387393,1504,1000,PASS
d99b0f7dd9b9,APTOS_VAL,model/datasets/val_manifest.csv,data/aptos2019/train_images/d99b0f7dd9b9.png,0,b400491c9ee1e02a7bc30c25ae17935168fb56b14d46fba1253797331618a6a9,998278,1050,1050,PASS
a3bd2e034614,APTOS_VAL,model/datasets/val_manifest.csv,data/aptos2019/train_images/a3bd2e034614.png,0,00b72efc297b2e7ac41e646bc248f782500e36b30e7d1d7c4189f8bb388603eb,1646367,2588,1958,PASS
f09fd9433dff,APTOS_VAL,model/datasets/val_manifest.csv,data/aptos2019/train_images/f09fd9433dff.png,0,3cbd9583cb4700513ee5ab77d8e6819ee5e309cae1247b4878ce24fce0dd4193,1032918,1050,1050,PASS
4ad6109706e8,APTOS_VAL,model/datasets/val_manifest.csv,data/aptos2019/train_images/4ad6109706e8.png,2,47f77712a8286004f8a5fb78a7f421834241f6f0664e25931845dd6347b5ddd4,2070248,3216,2136,PASS
59fee5bc3479,APTOS_VAL,model/datasets/val_manifest.csv,data/aptos2019/train_images/59fee5bc3479.png,4,5ffc079ce6255a47e448b08ca6356d32edd259c7ab220fa9dec1dd8e66b1200d,4999407,2588,1958,PASS
ba2ea9182090,APTOS_VAL,model/datasets/val_manifest.csv,data/aptos2019/train_images/ba2ea9182090.png,0,c425214e2ca6126a4772c822708d4fc8cdd55fe036cede81bbde320b42318504,964419,1050,1050,PASS
aa9b8f05f4bf,APTOS_VAL,model/datasets/val_manifest.csv,data/aptos2019/train_images/aa9b8f05f4bf.png,2,2fe4ca05eae909919456955ac3f3b9e85b1f54fd3554e7cd839a31fb48a12916,2008510,2416,1736,PASS
8e76054f0831,APTOS_VAL,model/datasets/val_manifest.csv,data/aptos2019/train_images/8e76054f0831.png,0,dbf30d8c95b91aae4ee89410ca85a347decf3baf7bffc96f69156b6fda94bef6,956294,1050,1050,PASS
e5197d77ec68,APTOS_VAL,model/datasets/val_manifest.csv,data/aptos2019/train_images/e5197d77ec68.png,0,61533b4b8ca89d5f846028802747f49e39021155405b39abb2913036a3af7079,346866,819,614,PASS
8860c7b11530,APTOS_VAL,model/datasets/val_manifest.csv,data/aptos2019/train_images/8860c7b11530.png,2,4a9246f62b68cc7e159ae454f10e48efdb8e7dff3616a10875d9bea4365a37eb,2613167,3216,2136,PASS
b70cb31b9abb,APTOS_VAL,model/datasets/val_manifest.csv,data/aptos2019/train_images/b70cb31b9abb.png,4,7a4f8d910e7a1b4f2548652d7e8f8ba8f9639fbab55949627a1fc78a3f838595,3515395,3216,2136,PASS
52dbec057cc8,APTOS_VAL,model/datasets/val_manifest.csv,data/aptos2019/train_images/52dbec057cc8.png,2,5e7b3bde26d05fdc3532b887bfdd10846b25653d48290feb91615d6461746893,2198669,3216,2136,PASS
1b495ac025b7,APTOS_VAL,model/datasets/val_manifest.csv,data/aptos2019/train_images/1b495ac025b7.png,3,96c6bcc5d796508879ecd04edf975a77a7a15ab9c859558637563f17e1301357,2298579,2416,1736,PASS
cf0575534cec,APTOS_VAL,model/datasets/val_manifest.csv,data/aptos2019/train_images/cf0575534cec.png,1,c5249cd4a2fab70a69e7ff44a8a349fd28092f8cbac562fca3f56cc1f3676470,2258418,2416,1736,PASS
af828dab3ffc,APTOS_VAL,model/datasets/val_manifest.csv,data/aptos2019/train_images/af828dab3ffc.png,2,64288d3265a03736111ece5cb12208eb96011a55163e3ab21fe35b22ec330be0,2192716,3216,2136,PASS
a80dab8eddf4,APTOS_VAL,model/datasets/val_manifest.csv,data/aptos2019/train_images/a80dab8eddf4.png,3,56d68c80e9efcf366164ccf755d111cc67463baa4f215692d2e332b90bfcf5ae,2401258,2416,1736,PASS
308f7fce6f0d,APTOS_VAL,model/datasets/val_manifest.csv,data/aptos2019/train_images/308f7fce6f0d.png,2,a67092e1547883b55febf8595daac7fda66e6a0d9d3f3ae8382d446570a2054f,5202936,2588,1958,PASS
cd54d022e37d,APTOS_VAL,model/datasets/val_manifest.csv,data/aptos2019/train_images/cd54d022e37d.png,4,9e22c486d508add868da3d55ed224f4c4e1a1d7cc77179d0fefe0294a1538fba,2923024,3216,2136,PASS
36865bbc64d6,APTOS_VAL,model/datasets/val_manifest.csv,data/aptos2019/train_images/36865bbc64d6.png,3,affaadc74cb665ef9ccb522fef28552ef99f7c2cf1ca071a1e866e1e9461a5be,2090111,2896,1944,PASS
239f2c348ea4,APTOS_VAL,model/datasets/val_manifest.csv,data/aptos2019/train_images/239f2c348ea4.png,2,aa9a2b4f6d0368840773a2506fbf95c7106af9282781bbce25b6a9f8924cb004,5044920,2588,1958,PASS
a384e688e228,APTOS_VAL,model/datasets/val_manifest.csv,data/aptos2019/train_images/a384e688e228.png,0,dfd75f807409464789c9c21fa5ea7e7b802fd78b59fbae34721975b61237d807,956374,1050,1050,PASS
1e8c31e29dd3,APTOS_VAL,model/datasets/val_manifest.csv,data/aptos2019/train_images/1e8c31e29dd3.png,0,b8056932325ccec9d08577a1fda46499d316e8c09c9f9783d05604b1a85f262e,965951,1050,1050,PASS
87a9f4d20f07,APTOS_VAL,model/datasets/val_manifest.csv,data/aptos2019/train_images/87a9f4d20f07.png,0,a27f2a182fe81415228bcaa80ad145a10f2817db616a0c9f02cb65c6a4ad0571,950644,1050,1050,PASS
c3acf47700ea,APTOS_VAL,model/datasets/val_manifest.csv,data/aptos2019/train_images/c3acf47700ea.png,2,c7061427fd610768c5ee9e7a041c3a5a7efb370157a088b0ce8e810e5ea07444,7497017,3388,2588,PASS
4dd4a4bf2421,APTOS_VAL,model/datasets/val_manifest.csv,data/aptos2019/train_images/4dd4a4bf2421.png,0,019f7d8c5c7635293798e1d53222da840f80f8090f4d8c47d73776bb536194d0,1013018,1050,1050,PASS
762d6e5d5068,APTOS_VAL,model/datasets/val_manifest.csv,data/aptos2019/train_images/762d6e5d5068.png,3,55256856ea2e5dfb1e0f684aaf71a68d65e0409d3566c917a0d9555169e7149a,2216449,2416,1736,PASS
d0926ed2c8e5,APTOS_VAL,model/datasets/val_manifest.csv,data/aptos2019/train_images/d0926ed2c8e5.png,0,957ac3fde98b37930a8630edf07257ad702903772d234ac293e0ba114a83cd9e,980234,1050,1050,PASS
dd19428c3d29,APTOS_VAL,model/datasets/val_manifest.csv,data/aptos2019/train_images/dd19428c3d29.png,1,2d660da1d1672f72c989befa104cca6d60f229a3a5b4df60e857da0dbbc67512,2138383,2416,1736,PASS
c7e827fc7f41,APTOS_VAL,model/datasets/val_manifest.csv,data/aptos2019/train_images/c7e827fc7f41.png,2,6f5399684d32dcf5e42affedb7ec71c51cf2e0a70be7ce4bf79b38470877d8e0,2364227,2416,1736,PASS
1eee55494271,APTOS_VAL,model/datasets/val_manifest.csv,data/aptos2019/train_images/1eee55494271.png,0,d4f6a3ef8a8baaa386cd4f87f52dc36c3cd58f8804ab1c8d858f22a7b3fc53e1,1631783,2048,1536,PASS
aed4e743c230,APTOS_VAL,model/datasets/val_manifest.csv,data/aptos2019/train_images/aed4e743c230.png,2,f711fc7de34a5e776306c2496a7eec8ab1219a6cfb905bef9aac311b50ea5ccd,2302549,2416,1736,PASS
cffc50047828,APTOS_VAL,model/datasets/val_manifest.csv,data/aptos2019/train_images/cffc50047828.png,0,948f849b0edbca90b48078f3a0e9fad94054083b083c1af560afcd1dd20153a2,313604,819,614,PASS
1120f6d08d95,APTOS_VAL,model/datasets/val_manifest.csv,data/aptos2019/train_images/1120f6d08d95.png,2,0f0ca5c25b543237e470a8f759378f423b867705cd785a76acef349c47e65b2a,5548609,2588,1958,PASS
675de69373f8,APTOS_VAL,model/datasets/val_manifest.csv,data/aptos2019/train_images/675de69373f8.png,0,070d394ade27ca805a0a8ba465679b5ba77acb99e90cb7906f6881355ecdcc4d,333139,819,614,PASS
76fe19ff64fb,APTOS_VAL,model/datasets/val_manifest.csv,data/aptos2019/train_images/76fe19ff64fb.png,2,bd41a43f4c613d5631c88d928593950eb6a8be363b196dfbc056640e7c2ffe07,2554768,3216,2136,PASS
958c1fa044ba,APTOS_VAL,model/datasets/val_manifest.csv,data/aptos2019/train_images/958c1fa044ba.png,0,5d17055d669340226c53764eb11b874b6a3181b060e5de18b757d9e4fc2c5c23,980268,1050,1050,PASS
c3789c1dab96,APTOS_VAL,model/datasets/val_manifest.csv,data/aptos2019/train_images/c3789c1dab96.png,0,519ff8af2e2d19f9ed365f8c8eaf9d5e8c32e2d79a337b3973f8aa6b6ecc57df,282920,819,614,PASS
cb02bb47fdc5,APTOS_VAL,model/datasets/val_manifest.csv,data/aptos2019/train_images/cb02bb47fdc5.png,0,b536cfc9838c542e5ce50c32d113a570bf880cb71d9b237b07ddd41ab61e88f9,2307663,2416,1736,PASS
b498b84d383f,APTOS_VAL,model/datasets/val_manifest.csv,data/aptos2019/train_images/b498b84d383f.png,2,46894abc7b6a4a4ea744901c6acb3c1d14802591ee7839ac37b7e5dfbf4871a4,7278159,3388,2588,PASS
9a94e0316ee3,APTOS_VAL,model/datasets/val_manifest.csv,data/aptos2019/train_images/9a94e0316ee3.png,3,c665893f1cdcd9bf372864d8a2b7584c6cc2c8de40d57d8278dd2f0660eb924c,2040954,2416,1736,PASS
c2f3281cf528,APTOS_VAL,model/datasets/val_manifest.csv,data/aptos2019/train_images/c2f3281cf528.png,0,0354b9172731617110982d823747cb7b1fc5776e4a61fe062eb809122ebfd659,998306,1050,1050,PASS
b759cbef90c5,APTOS_VAL,model/datasets/val_manifest.csv,data/aptos2019/train_images/b759cbef90c5.png,0,6778ec5c3ecc2af94531facb1e625e2c4127cd4ce81c66fc28113aa148b0e905,927129,1050,1050,PASS
bebfbd907cac,APTOS_VAL,model/datasets/val_manifest.csv,data/aptos2019/train_images/bebfbd907cac.png,0,d4596ad512add3a117dad06eb3f4547cc812bf599b766907563ad8166839919a,984329,1050,1050,PASS
64ac539f58cb,APTOS_VAL,model/datasets/val_manifest.csv,data/aptos2019/train_images/64ac539f58cb.png,0,4f92da37f636f44ce5f114b0f130458356e162e1c1d5814718cb0c2bc9f1411a,1906845,2048,1536,PASS
4bcee3cbe232,APTOS_VAL,model/datasets/val_manifest.csv,data/aptos2019/train_images/4bcee3cbe232.png,0,3b89414215bad0678db5eb00305c196f8516ba97c26f9bf191efe93c08c73c83,1070811,1050,1050,PASS
76e6a9238570,APTOS_VAL,model/datasets/val_manifest.csv,data/aptos2019/train_images/76e6a9238570.png,2,b3f789529e9987fb9329a6fd88fd0271d510b3da4a0addee246e9c6200d5fab2,2391285,3216,2136,PASS
c6a8f8f998a2,APTOS_VAL,model/datasets/val_manifest.csv,data/aptos2019/train_images/c6a8f8f998a2.png,0,833b50502f29e6f5889079bc5bbf919408e1cbb2c11e9f55c2712c3bab8f7d8a,963173,1050,1050,PASS
2c77bf969079,APTOS_VAL,model/datasets/val_manifest.csv,data/aptos2019/train_images/2c77bf969079.png,0,9c6c646c3395634272a128c39cba4fcfb01d05ee365e6d35d6af20551302291f,5074150,2588,1958,PASS
d57d1be1bbd1,APTOS_VAL,model/datasets/val_manifest.csv,data/aptos2019/train_images/d57d1be1bbd1.png,0,0fbce03edea0647ab20bc73d80684568e3ab160d6c0cef0a6f2de9bae27d50f9,5401407,2588,1958,PASS
5b3d41626ec5,APTOS_VAL,model/datasets/val_manifest.csv,data/aptos2019/train_images/5b3d41626ec5.png,0,593f937407f1a20e7b27f37bc354b2468d18159d80232bf9f5c0334cf20e7284,1037229,1050,1050,PASS
5cab3ef4b31c,APTOS_VAL,model/datasets/val_manifest.csv,data/aptos2019/train_images/5cab3ef4b31c.png,1,83aa11c218987cf76d75f37cb724798f9e1e41df666c994e180bd177f223e7b0,3616118,2588,1958,PASS
ac5b5dddf91b,APTOS_VAL,model/datasets/val_manifest.csv,data/aptos2019/train_images/ac5b5dddf91b.png,2,ff14dff745e2641ed12800dd098e609f756e37979cb9d571902f0785aa229969,2135497,2416,1736,PASS
ba08cee68c71,APTOS_VAL,model/datasets/val_manifest.csv,data/aptos2019/train_images/ba08cee68c71.png,4,46f9f27be84cb4affb5330cf6ffe65dcaf5399b0570306d6e2326bab811b1a60,2214654,2416,1736,PASS
f0e1201b5c1f,APTOS_VAL,model/datasets/val_manifest.csv,data/aptos2019/train_images/f0e1201b5c1f.png,0,4a97b4e4af38f9716d95bf61539595890e7c92464a2f38dc7730883d449500da,283523,819,614,PASS
6155cf375354,APTOS_VAL,model/datasets/val_manifest.csv,data/aptos2019/train_images/6155cf375354.png,0,721d87e0ce5dceb18ec0bd0e2347aed6e550a49982ffb424cc51d4b351869fa7,913189,1050,1050,PASS
daad7b617f21,APTOS_VAL,model/datasets/val_manifest.csv,data/aptos2019/train_images/daad7b617f21.png,0,ee6a508456dcc9f22041e1017e76664cbbac34bcdecc4442ed598a8a091e4f86,350914,819,614,PASS
c76664770c07,APTOS_VAL,model/datasets/val_manifest.csv,data/aptos2019/train_images/c76664770c07.png,3,f2755a488298aaa745e7e5f4e7a4e78d92ca2ba7737a74eb6debb53cec094f32,5258579,2588,1958,PASS
ad944bd56bb6,APTOS_VAL,model/datasets/val_manifest.csv,data/aptos2019/train_images/ad944bd56bb6.png,0,73cd0b11d04d75d608d2d9727a3104bdc0ceeb6ed44a58f4ac18a39b66965e75,1917011,2048,1536,PASS
ae8424cdb029,APTOS_VAL,model/datasets/val_manifest.csv,data/aptos2019/train_images/ae8424cdb029.png,2,8b230490f8bf9a76800abde202987aa0ba0773ec8be3fbb1d81e6d9043145524,5360923,2588,1958,PASS
7131bf4c9e6f,APTOS_VAL,model/datasets/val_manifest.csv,data/aptos2019/train_images/7131bf4c9e6f.png,0,10a39e52a7f60b3c75e11ddcb320613f699ecd552aadd041f3c03bef4852c71e,324641,819,614,PASS
dbd062558b81,APTOS_VAL,model/datasets/val_manifest.csv,data/aptos2019/train_images/dbd062558b81.png,1,c378a6c93e729177c07313e0255c86e0ac43e91a9cf152ecf9e21b7c0190f8d0,7224985,3388,2588,PASS
ae975c43bd8b,APTOS_VAL,model/datasets/val_manifest.csv,data/aptos2019/train_images/ae975c43bd8b.png,0,a872ceeda7131561c1b2eb98483a6d1819beaa2d7eebc52133840001a7f32df2,945418,1050,1050,PASS
542964865b1e,APTOS_VAL,model/datasets/val_manifest.csv,data/aptos2019/train_images/542964865b1e.png,0,57e4cef6b91c689dc083c7581fd6534f6ddc40dc53a75750ab923c08abde2596,1044948,1050,1050,PASS
6377e23928f6,APTOS_VAL,model/datasets/val_manifest.csv,data/aptos2019/train_images/6377e23928f6.png,1,21581c53320e5de65d386e589275abb7213eb673747d0aba677101d828dc3dc1,2913202,3216,2136,PASS
fe37f4492920,APTOS_VAL,model/datasets/val_manifest.csv,data/aptos2019/train_images/fe37f4492920.png,2,1bdcc26b0833aa849a924199f82f6fe07d8c54f41e8a798d8691c815533a4dfc,2241401,2416,1736,PASS
ca7f5caddf96,APTOS_VAL,model/datasets/val_manifest.csv,data/aptos2019/train_images/ca7f5caddf96.png,2,4f12325e430ac4f72442ed05ad1096a722858c6c24b36e6d8adfe62eec55dc8b,5156804,2588,1958,PASS
d6803e467592,APTOS_VAL,model/datasets/val_manifest.csv,data/aptos2019/train_images/d6803e467592.png,0,50460699cbabbbdfc813e4da0efee1e2592fdc27620b0e0ec30b426d95783382,1015580,1050,1050,PASS
17f6c7072f61,APTOS_VAL,model/datasets/val_manifest.csv,data/aptos2019/train_images/17f6c7072f61.png,0,0e436c56eaa650d73ad67d36e4c13f88fafd88df1e26e00120d6c53d5999ecd5,934006,1050,1050,PASS
90bde2ff8953,APTOS_VAL,model/datasets/val_manifest.csv,data/aptos2019/train_images/90bde2ff8953.png,0,2a61c68c0b499e314ba729872456bcf4dc2218063c66345718fe192498c1ee9e,954582,1050,1050,PASS
9785805af1b8,APTOS_VAL,model/datasets/val_manifest.csv,data/aptos2019/train_images/9785805af1b8.png,2,30b11e2d17db4097b34c2f14124b83eeef7c6fba36317f34d4516c1226cd40b2,353310,640,480,PASS
357f02a779d7,APTOS_VAL,model/datasets/val_manifest.csv,data/aptos2019/train_images/357f02a779d7.png,0,912fca90fdbe736112b8d358c9dd03ef8c7da81a34647fe437a29dd246427403,956435,1050,1050,PASS
d6f6bdfd8011,APTOS_VAL,model/datasets/val_manifest.csv,data/aptos2019/train_images/d6f6bdfd8011.png,0,a34bae6a58a1ba03b42eb353fb159971b38b4554d4fee81dee773374ea311c0d,986023,1050,1050,PASS
6110ecb3bb1c,APTOS_VAL,model/datasets/val_manifest.csv,data/aptos2019/train_images/6110ecb3bb1c.png,0,7f72377c593562acfdc1513688a4c9b6eb6fb7863f8d89b729fa36f5d55ebdca,1035006,1050,1050,PASS
f233638e0e90,APTOS_VAL,model/datasets/val_manifest.csv,data/aptos2019/train_images/f233638e0e90.png,0,1142b3ece9fc7d2adce26e8790806e032e8a96aa76b67096afdb953e779850bb,337088,819,614,PASS
45693d027798,APTOS_VAL,model/datasets/val_manifest.csv,data/aptos2019/train_images/45693d027798.png,0,241c7be733e3be1ba3b93c1b1692677f913fd41d6e437fa0a988e143e4965e65,1022289,1050,1050,PASS
9cc6b1f9bcbd,APTOS_VAL,model/datasets/val_manifest.csv,data/aptos2019/train_images/9cc6b1f9bcbd.png,4,a80b410dfaa78f46f64c09df6c089892bd57bcbb6528fc27f92ed2e5b4784519,5600658,2588,1958,PASS
493d99f030e2,APTOS_VAL,model/datasets/val_manifest.csv,data/aptos2019/train_images/493d99f030e2.png,0,0791e3d20910620b43bd92e1c081be8ceab9e27d13f2087341d9c79337c089ee,5482744,2588,1958,PASS
e6a6acf7fca1,APTOS_VAL,model/datasets/val_manifest.csv,data/aptos2019/train_images/e6a6acf7fca1.png,2,b2517c414897da79f4e60fae30baf9763a6562258cde6e4fede20ea876bf075f,2095287,3216,2136,PASS
e2ec22b3d07e,APTOS_VAL,model/datasets/val_manifest.csv,data/aptos2019/train_images/e2ec22b3d07e.png,0,46941280068b1e6a94ee3f5a5cb66cc1d9638505f19e66025ad0990a943a15a1,352177,819,614,PASS
898f0bc8acfa,APTOS_VAL,model/datasets/val_manifest.csv,data/aptos2019/train_images/898f0bc8acfa.png,0,c35cd27aa49d089ed5cc9c1478685bc2ef3474bddc1525c21c2eca3b8a7792d8,1945281,2048,1536,PASS
d0ffa0425ef1,APTOS_VAL,model/datasets/val_manifest.csv,data/aptos2019/train_images/d0ffa0425ef1.png,3,c753aea5ed9f32a5c36b6af7790e79d34e46a65f0b722a4cfe80791f2664686e,2044006,2416,1736,PASS
891392c9683c,APTOS_VAL,model/datasets/val_manifest.csv,data/aptos2019/train_images/891392c9683c.png,2,1b838ac5a6ed1408aabc4f3bc515e6a341fc41d3f6233d53da433dc06c82b538,5047131,2588,1958,PASS
e2c39ed0c941,APTOS_VAL,model/datasets/val_manifest.csv,data/aptos2019/train_images/e2c39ed0c941.png,0,bd91770a6385fbce3bae6fad81536060799d46b002dcafb9ad210658fcc988d6,973374,1050,1050,PASS
40e9b5630438,APTOS_VAL,model/datasets/val_manifest.csv,data/aptos2019/train_images/40e9b5630438.png,1,1ed09890ee6da4bf1db30880258257173dc26d87e0bb6725dbc6c022c99b7b67,2272382,2416,1736,PASS
0e75d51152fc,APTOS_VAL,model/datasets/val_manifest.csv,data/aptos2019/train_images/0e75d51152fc.png,2,29e74ab655957da5a694bce6dfbd4fd1868335221f1412759b635fa2f9765e1a,3845080,3216,2136,PASS
f02babb3a023,APTOS_VAL,model/datasets/val_manifest.csv,data/aptos2019/train_images/f02babb3a023.png,0,a356cafc1257c6a20b02dc405c66249ca3ed1648a1777f36c215888747382374,998140,1050,1050,PASS
e3cd96cb094c,APTOS_VAL,model/datasets/val_manifest.csv,data/aptos2019/train_images/e3cd96cb094c.png,0,3c77c2f498d450da0d9393cd89cb220206c9b671053bedd6d0001e42597808b1,1925657,2048,1536,PASS
ad1f7445b1a8,APTOS_VAL,model/datasets/val_manifest.csv,data/aptos2019/train_images/ad1f7445b1a8.png,1,8762c6dd349c52024fba1d3228860e4590940256983eb07c87b93de5b5483aab,2431198,2416,1736,PASS
7f60f2a083d3,APTOS_VAL,model/datasets/val_manifest.csv,data/aptos2019/train_images/7f60f2a083d3.png,1,1eda171f10a9f3f7e1121b59c8e02ad466bfd93ea125487c29adcb1a79569ec8,2132154,2416,1736,PASS
f35d80bb1a22,APTOS_VAL,model/datasets/val_manifest.csv,data/aptos2019/train_images/f35d80bb1a22.png,0,73f582bb9e75064092ece61b29aea34455b8e31c575147601027b072aeb1b0c1,959260,1050,1050,PASS
bfda2fd0533a,APTOS_VAL,model/datasets/val_manifest.csv,data/aptos2019/train_images/bfda2fd0533a.png,2,825b776343d8ee8c2195eecb55961ac433960c1bffcb5f7d1385e7c6c52bea4d,2374587,2416,1736,PASS
2a47e5b21791,APTOS_VAL,model/datasets/val_manifest.csv,data/aptos2019/train_images/2a47e5b21791.png,2,fb720a3370849befff4c5129d7edfda515d591438b13a8076e7f09846462102e,2189308,2416,1736,PASS
0182152c50de,APTOS_VAL,model/datasets/val_manifest.csv,data/aptos2019/train_images/0182152c50de.png,0,0c9e599f3f8d578cc763040456a14459eb97b9bd81ade2012bf4a61bc44c0732,824837,1050,1050,PASS
b6a0e348a01e,APTOS_VAL,model/datasets/val_manifest.csv,data/aptos2019/train_images/b6a0e348a01e.png,1,0f5452433b126a681723df3ea5a6ab6bd92967baebb84120df72f1db8523e2c6,4375111,2588,1958,PASS
2994f17f58a5,APTOS_VAL,model/datasets/val_manifest.csv,data/aptos2019/train_images/2994f17f58a5.png,1,75c20b40c6d5b56f99b3e9365ac903fe4e1640a3e61a925cca8cdde50584385c,2145000,2416,1736,PASS
ad570b850a4f,APTOS_VAL,model/datasets/val_manifest.csv,data/aptos2019/train_images/ad570b850a4f.png,2,0351e83371a723473c1974cabf4f11b71896e3340588f828eb15a8295e0cc7a4,5236730,2588,1958,PASS
599b89048034,APTOS_VAL,model/datasets/val_manifest.csv,data/aptos2019/train_images/599b89048034.png,2,53fc6fc9bcefe373de1a8c36dc053efa2de0878c5b8157a6aaea1e36fdabc993,7398620,3388,2588,PASS
975252e325e3,APTOS_VAL,model/datasets/val_manifest.csv,data/aptos2019/train_images/975252e325e3.png,2,2041109229e96dc280803b426d5476cfe37eddf72782813ece304636338a516f,7338118,3388,2588,PASS
94a67ec0714f,APTOS_VAL,model/datasets/val_manifest.csv,data/aptos2019/train_images/94a67ec0714f.png,2,96bbb2785608d9998ea1041dfaeacd2d8fcaa4170224efceec9c909b30842a34,2163975,2416,1736,PASS
d2c5fb82fe5f,APTOS_VAL,model/datasets/val_manifest.csv,data/aptos2019/train_images/d2c5fb82fe5f.png,0,6419ed403ca919239997db1d1fd0e2437e66ff74e7518c0b942b2c37882b5eba,1912516,2048,1536,PASS
5baed382f062,APTOS_VAL,model/datasets/val_manifest.csv,data/aptos2019/train_images/5baed382f062.png,0,f652b9e94816fb0ab9fe5a26346b01dad7d50ff3a9faf6553e52ec2f4b075b23,268382,819,614,PASS
0124dffecf29,APTOS_VAL,model/datasets/val_manifest.csv,data/aptos2019/train_images/0124dffecf29.png,1,432b1579a2ba08ffd53d3234d43ec30ae26f57919d96da5ed3df57f834109e22,3437954,3216,2136,PASS
0231642cf1c2,APTOS_VAL,model/datasets/val_manifest.csv,data/aptos2019/train_images/0231642cf1c2.png,0,989a7c874aaf59ac3f9d6437d8fb80b2ac36b4a3efdeacdefd98170b4bd9a27c,5298953,2588,1958,PASS
48c49f662f7d,APTOS_VAL,model/datasets/val_manifest.csv,data/aptos2019/train_images/48c49f662f7d.png,2,b8a877da0fb54e9cf15e7ecb6969279e03b3771b4b9d4b43637001c1e44e3604,1324184,1504,1000,PASS
609be3ca5ddf,APTOS_VAL,model/datasets/val_manifest.csv,data/aptos2019/train_images/609be3ca5ddf.png,0,b3202fbc64188adb232eddb955d9d43c046cf9ac86c295c6fc7453fe25eac3ae,310899,819,614,PASS
7b29e3783919,APTOS_VAL,model/datasets/val_manifest.csv,data/aptos2019/train_images/7b29e3783919.png,3,e9b66c603a4aa78bb9052cf75a857210f7fa4d080d3a74310003382b128f30fc,4614908,2588,1958,PASS
04ac765f91a1,APTOS_VAL,model/datasets/val_manifest.csv,data/aptos2019/train_images/04ac765f91a1.png,1,b7fae2c893ae891dcb09b5916366f40df4d429c114bb59651942e6e282d36226,2406834,2416,1736,PASS
ef26625121b3,APTOS_VAL,model/datasets/val_manifest.csv,data/aptos2019/train_images/ef26625121b3.png,4,59b538dfbdc1ae52a92f8680cf9e48cebfac7d56c6e0a027d8186db6ef49869c,2189200,2416,1736,PASS
f90f8931a9bc,APTOS_VAL,model/datasets/val_manifest.csv,data/aptos2019/train_images/f90f8931a9bc.png,0,d731ddba618666734a574671a23e9bb5ce08e967ab44f65f654864f80a0499cf,1034435,1050,1050,PASS
8e2a3978c244,APTOS_VAL,model/datasets/val_manifest.csv,data/aptos2019/train_images/8e2a3978c244.png,0,1c0849e585fceb3d801f0ed52f03935456eac78efb1ec0eb0d0bdda0d62b5a2c,1004147,1050,1050,PASS
d18e5b68f6d2,APTOS_VAL,model/datasets/val_manifest.csv,data/aptos2019/train_images/d18e5b68f6d2.png,2,e20ba7837a6af20c3c0413f479e3c18ff3b2b3b92d5194cf8d3903a741a9afb1,5343690,2588,1958,PASS
96c3e3db68bc,APTOS_VAL,model/datasets/val_manifest.csv,data/aptos2019/train_images/96c3e3db68bc.png,2,489effc2cd5319a1b14eaaad5466f2cd6d5ecea3c4ca4026b29691f72c3bf9cd,7049673,3388,2588,PASS
d7bc00091cfc,APTOS_VAL,model/datasets/val_manifest.csv,data/aptos2019/train_images/d7bc00091cfc.png,0,2726a758d14eb599ce5d170e415e0311e5462dcee077ffdd05a5a8b1214eab86,1018519,1050,1050,PASS
65e51e18242b,APTOS_VAL,model/datasets/val_manifest.csv,data/aptos2019/train_images/65e51e18242b.png,1,642422f1729b15d2b24772ff6afa818e93c112f6ac76ae597767817cc7191053,2454927,2416,1736,PASS
05a5183c92d0,APTOS_VAL,model/datasets/val_manifest.csv,data/aptos2019/train_images/05a5183c92d0.png,1,746899e2c660f05a3069eb425d4f45ccad80b8c7894bd6194da39a69e2ab9a02,2055886,2416,1736,PASS
fa59221cf464,APTOS_VAL,model/datasets/val_manifest.csv,data/aptos2019/train_images/fa59221cf464.png,4,e07cf6009969f8cbd7e9fd5cf8c23ceb1c077b6be3184dc87932b6c981e572fe,2201317,2896,1944,PASS
0ef4c61dc056,APTOS_VAL,model/datasets/val_manifest.csv,data/aptos2019/train_images/0ef4c61dc056.png,0,3b5abd95a7c5ff532063e610c49c8d8517f490f71a3c24747b8f823e6f2b4968,944609,1050,1050,PASS
3d3e288d490e,APTOS_VAL,model/datasets/val_manifest.csv,data/aptos2019/train_images/3d3e288d490e.png,2,b9680c9f2bcfb8a00e50dcb5ad22e548c5fbe00fa84997f3a4c9baa30b63efe1,2182567,2896,1944,PASS
2532613a584a,APTOS_VAL,model/datasets/val_manifest.csv,data/aptos2019/train_images/2532613a584a.png,2,f4d50fc08cc9aeb5d7f6b785e57a57cc730c653c7fe442c8f421d6f5554ba2d2,7492310,3388,2588,PASS
f1a761c68559,APTOS_VAL,model/datasets/val_manifest.csv,data/aptos2019/train_images/f1a761c68559.png,2,b422b59189a55eb30cb0c670a97109ad2f05db2418168b19d1e66fbd3a179256,1267488,1504,1000,PASS
c6f5b5b5be41,APTOS_VAL,model/datasets/val_manifest.csv,data/aptos2019/train_images/c6f5b5b5be41.png,0,67895b1dabd5585a5dec5c6cc53563675b01ef2ca3752e517898c5edb9020981,1037056,1050,1050,PASS
276b14f72328,APTOS_VAL,model/datasets/val_manifest.csv,data/aptos2019/train_images/276b14f72328.png,0,08e51f2a647764c2bf5df87a418e330c7b09b9a40373c69ecc628786c2261ae2,5315026,2588,1958,PASS
dc0eea0b68a7,APTOS_VAL,model/datasets/val_manifest.csv,data/aptos2019/train_images/dc0eea0b68a7.png,0,5e5d14fb6b3d9f934865b7a4156041eb7aec739e6830e55e16735d275d0618af,2211219,1476,1117,PASS
d7bc62d60e8c,APTOS_VAL,model/datasets/val_manifest.csv,data/aptos2019/train_images/d7bc62d60e8c.png,0,5e3363f2fd3736927424835392ec71fc6039e48111d4413bd146ca1df5d05e74,5510001,2588,1958,PASS
ceaa5803d780,APTOS_VAL,model/datasets/val_manifest.csv,data/aptos2019/train_images/ceaa5803d780.png,2,b61ac9cb9276a780d683fc99a407e1dd49f5dbf101431dcf4ca269d4aeecf1f2,3058416,3216,2136,PASS
0e43c8298fc0,APTOS_VAL,model/datasets/val_manifest.csv,data/aptos2019/train_images/0e43c8298fc0.png,0,6c90f5c4296f4b0f5e50632cf8eacc267e93d4442d8e78d70c8151f77f5262f4,1911983,2048,1536,PASS
9e99ae6ee7af,APTOS_VAL,model/datasets/val_manifest.csv,data/aptos2019/train_images/9e99ae6ee7af.png,0,5e2541b6bdba082bb5c0f541787bf424d0722445b7defdbf82dd833ca4ccb617,1669358,2048,1536,PASS
e31c42a8652b,APTOS_VAL,model/datasets/val_manifest.csv,data/aptos2019/train_images/e31c42a8652b.png,2,82d2a38a11af227eca8b13f91739eeba26eb0b540a2a09e34f2fc7e403f5e4f1,341981,640,480,PASS
a9e3d186cd1b,APTOS_VAL,model/datasets/val_manifest.csv,data/aptos2019/train_images/a9e3d186cd1b.png,0,4091205658ce1fbd86941b5ec35cf1ed3a933f3ff62195293c9cf55fb68f7d1a,321461,819,614,PASS
1b4625877527,APTOS_VAL,model/datasets/val_manifest.csv,data/aptos2019/train_images/1b4625877527.png,2,3f2cc0e09062f4dd6b37a256849ef54fcfc39c45ca5f32ccc35e3c8e2744e9cd,1367147,1504,1000,PASS
6c2555a9cae4,APTOS_VAL,model/datasets/val_manifest.csv,data/aptos2019/train_images/6c2555a9cae4.png,2,cad5a18d373e6e338089f63ea70497ca89dc64315182f34a1006992a5a71b0a5,2300173,2416,1736,PASS
756b0d6488bb,APTOS_VAL,model/datasets/val_manifest.csv,data/aptos2019/train_images/756b0d6488bb.png,1,b6fd92f8318f4c0bf2c10b5e44100b998c2f8798e58a9a23ef937d3cc7a97e8d,2207076,2416,1736,PASS
f576e45d1da2,APTOS_VAL,model/datasets/val_manifest.csv,data/aptos2019/train_images/f576e45d1da2.png,3,09e072c14bc72af56d0a91a4fc9737bab557f19e2a6e5f099a385127cd8207b5,7069440,3388,2588,PASS
92d9e9f08709,APTOS_VAL,model/datasets/val_manifest.csv,data/aptos2019/train_images/92d9e9f08709.png,1,d51e8e5900104469b3ed9516cca904040f82f73bbe9f00ebd58b6c92a49d9b6d,2203992,2896,1944,PASS
0a74c92e287c,APTOS_VAL,model/datasets/val_manifest.csv,data/aptos2019/train_images/0a74c92e287c.png,0,5b473eb068818507ca59bc08b40f078fbd4f8d8aa75c8062116b368a4e850f02,1668073,2048,1536,PASS
f0c0f7b5e820,APTOS_VAL,model/datasets/val_manifest.csv,data/aptos2019/train_images/f0c0f7b5e820.png,2,be46b99c4cd5741dc29e969a55a9cca5c603718e187824244c3abb4dd35b7a2b,2307232,2416,1736,PASS
df9cb3729eb1,APTOS_VAL,model/datasets/val_manifest.csv,data/aptos2019/train_images/df9cb3729eb1.png,0,5962b0e7f01a5b20c92225222527644ebf9482640dfd77419f2ebe56c73e7fed,1687088,2048,1536,PASS
e23add229074,APTOS_VAL,model/datasets/val_manifest.csv,data/aptos2019/train_images/e23add229074.png,4,19fe5edda61fa73df04e9501e7b9907066437ef274e7e799b98b5fe41b1a05b7,2811753,3216,2136,PASS
c3a82acb7d7a,APTOS_VAL,model/datasets/val_manifest.csv,data/aptos2019/train_images/c3a82acb7d7a.png,3,a801508f46e1ec08b2de09ec5f5b1af22f7a7cb3218002ca43aa84c334d216bb,3468069,3216,2136,PASS
358d2224de73,APTOS_VAL,model/datasets/val_manifest.csv,data/aptos2019/train_images/358d2224de73.png,1,3b5738dd2bbb4ca3ddea1b27d911f4993426284e4b7a1c1749c1e18e6a476d7b,3642833,3388,2588,PASS
fdd534271f3d,APTOS_VAL,model/datasets/val_manifest.csv,data/aptos2019/train_images/fdd534271f3d.png,4,3c2acd42fbd97e71cdd371e1d7da16ae3b63ab0a8465f17f77ba4d06fd9fa9e4,2245735,2416,1736,PASS
ec6659926105,APTOS_VAL,model/datasets/val_manifest.csv,data/aptos2019/train_images/ec6659926105.png,0,7a7e919cd40921c376dc9b15a265e870c519080d1fa7a234b824134af92169a7,1058391,1050,1050,PASS
e7a372a1c3a4,APTOS_VAL,model/datasets/val_manifest.csv,data/aptos2019/train_images/e7a372a1c3a4.png,2,f834484d01ca6ea4147bc3a65cf0afff57c112ab425b9afa07393f37956b110b,2297272,2416,1736,PASS
77ab222bf85c,APTOS_VAL,model/datasets/val_manifest.csv,data/aptos2019/train_images/77ab222bf85c.png,0,bb088cd24166c61646fb597b21c355fe7558d759193fcb787af1e66088780be5,289043,819,614,PASS
8c7c26c52a6c,APTOS_VAL,model/datasets/val_manifest.csv,data/aptos2019/train_images/8c7c26c52a6c.png,4,e849438bd1a9e4e107108f7555df565e80c4cf5966fca451548a99de4cc3a5db,2281666,2416,1736,PASS
08a3875063c3,APTOS_VAL,model/datasets/val_manifest.csv,data/aptos2019/train_images/08a3875063c3.png,4,e2fdfccbd0da5e73b60c99c101cd8673ea7e161bc4dcf413eb79655918afc5a0,3108384,3216,2136,PASS
7e6e90a93aa5,APTOS_VAL,model/datasets/val_manifest.csv,data/aptos2019/train_images/7e6e90a93aa5.png,2,a126bff2dca8923dde04c1247eb8807a92842c5030667ae4f68648a354e8e864,2866537,3216,2136,PASS
f025f33b2c9b,APTOS_VAL,model/datasets/val_manifest.csv,data/aptos2019/train_images/f025f33b2c9b.png,4,ea7adc19c4401695f8cee37da19cb48f0b83e1860c77217ecc94a537f65ae7bd,2957473,3216,2136,PASS
3bf3085ac167,APTOS_VAL,model/datasets/val_manifest.csv,data/aptos2019/train_images/3bf3085ac167.png,0,45933bad7fee226a243ece55019f6ab8919c97b0629756cccb074155fce26524,1040209,1050,1050,PASS
58529a8638d0,APTOS_VAL,model/datasets/val_manifest.csv,data/aptos2019/train_images/58529a8638d0.png,2,40d0e04440cb8151dfd7b2cef0d878b8a8ebe0f41213cd4a88b7242a73edeffe,2744611,3216,2136,PASS
74eee788edee,APTOS_VAL,model/datasets/val_manifest.csv,data/aptos2019/train_images/74eee788edee.png,3,e17ab37de4d2aa70aa41c2fcd9d879fde442852b71e5e6ce2a80d9cb33b282c7,1954136,2416,1736,PASS
f85fd4fac887,APTOS_VAL,model/datasets/val_manifest.csv,data/aptos2019/train_images/f85fd4fac887.png,0,105ca85dd9f1bb9cd2e276f840ca3805a870f0b0d02030688936e459b782398f,2627028,2588,1958,PASS
b60dbf9f0744,APTOS_VAL,model/datasets/val_manifest.csv,data/aptos2019/train_images/b60dbf9f0744.png,2,ced65013a4cdf2d88afa26b28975a962d1e69e3f76631ea567255c118ede290c,2367344,2416,1736,PASS
4b1001050f1d,APTOS_VAL,model/datasets/val_manifest.csv,data/aptos2019/train_images/4b1001050f1d.png,2,6ae0140ca03de738eb00e789cb3dfef40a90fa1eea58b1ef11b4972914714fed,5455782,2588,1958,PASS
0dc031c94225,APTOS_VAL,model/datasets/val_manifest.csv,data/aptos2019/train_images/0dc031c94225.png,1,5b39f78e4e5a9bf1d1ed7a0714627e60e14e77140fc37f812909707498646e6b,2395344,2416,1736,PASS
f7735b6d47f7,APTOS_VAL,model/datasets/val_manifest.csv,data/aptos2019/train_images/f7735b6d47f7.png,0,fef707998eaa9fb4b45b669eb37b92ef5592f6747d39fb147cc5e8fb99c11050,1021555,1050,1050,PASS
5e52c9fe676f,APTOS_VAL,model/datasets/val_manifest.csv,data/aptos2019/train_images/5e52c9fe676f.png,2,cf7cbc2763d6b0b2e8bda860058adf0c7fa644129aeb6a0fc9405386dfb4aa63,3277270,2588,1958,PASS
5d4e5fd34d91,APTOS_VAL,model/datasets/val_manifest.csv,data/aptos2019/train_images/5d4e5fd34d91.png,0,e2a5143dcb9fa90a6717761a87ad74ece3780f9e9e93b1437d86451802ab4ccb,1828667,2048,1536,PASS
8448af27ba07,APTOS_VAL,model/datasets/val_manifest.csv,data/aptos2019/train_images/8448af27ba07.png,0,b6787840d626b0e08c2cc2560e9e72c1085eec0c50ff0d4c284a09dcf8f3cd81,1110781,1050,1050,PASS
eae901557a84,APTOS_VAL,model/datasets/val_manifest.csv,data/aptos2019/train_images/eae901557a84.png,2,7371e35578e0805d0e9ec6c337d4c5c8085d0de153ce02d18860a66f5102e681,3742897,2588,1958,PASS
73e83a07a16d,APTOS_VAL,model/datasets/val_manifest.csv,data/aptos2019/train_images/73e83a07a16d.png,2,a76cea8fd58094c4d854436099bbd0637a3c5ea81373b8ca05c54897a7e84ec3,5173198,2588,1958,PASS
5a27b9b2a9c1,APTOS_VAL,model/datasets/val_manifest.csv,data/aptos2019/train_images/5a27b9b2a9c1.png,0,29e4cea6da50b47c966d93303861728f6683404d86e53947ccbac80592e9ad2e,361890,819,614,PASS
ceb32a193eff,APTOS_VAL,model/datasets/val_manifest.csv,data/aptos2019/train_images/ceb32a193eff.png,0,da69739cf8882e33876020f5bcfb601648adef8024cb753f0f826359ba8ae7fc,2321333,1476,1117,PASS
73a07e2ea23e,APTOS_VAL,model/datasets/val_manifest.csv,data/aptos2019/train_images/73a07e2ea23e.png,0,60a9585b51649d0965e47d44d7d2d7df4f52d80d2365d84d3b3e16543932f9ca,278964,819,614,PASS
28dc010a0780,APTOS_VAL,model/datasets/val_manifest.csv,data/aptos2019/train_images/28dc010a0780.png,0,1851ebe7b2520392bf7b22b1fe9856e41dfc13fed3693b20f7cdf1de94f6e6ed,1030774,1050,1050,PASS
d18aea8238a0,APTOS_VAL,model/datasets/val_manifest.csv,data/aptos2019/train_images/d18aea8238a0.png,2,5930dbb75fe677d6e802031bde64aa44c2a6624d83652e0391ecb44cd4b144e0,5416665,2588,1958,PASS
ed6bd9293a89,APTOS_VAL,model/datasets/val_manifest.csv,data/aptos2019/train_images/ed6bd9293a89.png,0,fcdb63d89d66486cdab83d6e26286d386800975adf4b34d405f85e15ca740bb2,1028766,1050,1050,PASS
291e2ff3d834,APTOS_VAL,model/datasets/val_manifest.csv,data/aptos2019/train_images/291e2ff3d834.png,2,f371351746fb944d28699740eede7427c27f284fd42acdcdde494c9ddad2ffca,1744739,2416,1736,PASS
6630f8675a97,APTOS_VAL,model/datasets/val_manifest.csv,data/aptos2019/train_images/6630f8675a97.png,4,b0be90121af544bbc77f3b89406b513c35af8680c1428c59ea9581edcda35526,5205560,4288,2848,PASS
408ea9d5e082,APTOS_VAL,model/datasets/val_manifest.csv,data/aptos2019/train_images/408ea9d5e082.png,4,9f18e58839a7b9f7e1dce01512ac358ae3be0fa6832b87d8796702bd0dd954e8,6809501,3388,2588,PASS
315c1a0d87fd,APTOS_VAL,model/datasets/val_manifest.csv,data/aptos2019/train_images/315c1a0d87fd.png,0,f048b7f31af3a3ec2a2bcadb83e878d432e87a6e1f58721488c492c652823b86,948694,1050,1050,PASS
53327edb9e4d,APTOS_VAL,model/datasets/val_manifest.csv,data/aptos2019/train_images/53327edb9e4d.png,0,4cd949ed9330103249d84a5bd0670ecba6692005c7669a6c1255b47c67be42b3,842002,1050,1050,PASS
2cdcc910778d,APTOS_VAL,model/datasets/val_manifest.csv,data/aptos2019/train_images/2cdcc910778d.png,0,f602ab6009d7ab46dc5b33910eebefca66b27417e11b24c4799c613f07948683,293394,819,614,PASS
cfb17a7cc8d4,APTOS_VAL,model/datasets/val_manifest.csv,data/aptos2019/train_images/cfb17a7cc8d4.png,0,6118b4885b662c533742c58bcce40edc7e8915e83b24ddaba4d9e5b4e5203212,906771,1050,1050,PASS
fb88783de055,APTOS_VAL,model/datasets/val_manifest.csv,data/aptos2019/train_images/fb88783de055.png,0,7325e93688bdef83125e508e481a19c2ec4fc0e6d5c0cccc74ec3ff0dfc0276d,1046784,1050,1050,PASS
929cd3867815,APTOS_VAL,model/datasets/val_manifest.csv,data/aptos2019/train_images/929cd3867815.png,2,886d49ebfb580635f39857741a617403a1942926d9fd04d7bfce0f1446e1318e,5426347,2588,1958,PASS
7179f85bfd6f,APTOS_VAL,model/datasets/val_manifest.csv,data/aptos2019/train_images/7179f85bfd6f.png,0,e902cb111580c99dafe985be81bdfffcfd164a2095abfe7b6470941e0ff496b5,348639,819,614,PASS
e160a3b19911,APTOS_VAL,model/datasets/val_manifest.csv,data/aptos2019/train_images/e160a3b19911.png,0,40a7b182b02384df155c7724c3d0ec5185a4b8721eefafef1658434c6087c220,314669,819,614,PASS
3246f07e65b4,APTOS_VAL,model/datasets/val_manifest.csv,data/aptos2019/train_images/3246f07e65b4.png,2,af8142ee2ae28add0dd2c8895ccc5144273a076b3dac10b811a55418e7e74dd4,955421,1844,1226,PASS
4dc2211a1c31,APTOS_VAL,model/datasets/val_manifest.csv,data/aptos2019/train_images/4dc2211a1c31.png,4,4b35c1886ae6a72ce75e23b577f7c1b12fad312bea788e74b6216a700fdada34,5572723,2588,1958,PASS
4e1e252317b5,APTOS_VAL,model/datasets/val_manifest.csv,data/aptos2019/train_images/4e1e252317b5.png,0,b10c4c4de8d38dbef1a2b1cc2913369f4aae529160fe22fc0611b7da37d36903,977010,1050,1050,PASS
3af9aaa880e9,APTOS_VAL,model/datasets/val_manifest.csv,data/aptos2019/train_images/3af9aaa880e9.png,0,976833f77c9d502edb54b28c6137b521e3336f9707cce79183635c111d834c1e,1018291,1050,1050,PASS
25b0e72705a8,APTOS_VAL,model/datasets/val_manifest.csv,data/aptos2019/train_images/25b0e72705a8.png,3,e87e58c175680577bcf3186afee7c8ebd98e28768c8c997119625028ae77f2ae,2116283,2416,1736,PASS
ea5c42a78979,APTOS_VAL,model/datasets/val_manifest.csv,data/aptos2019/train_images/ea5c42a78979.png,0,269d26f12652875bbc20aab850e076811549916a570a1f7138e8367e2bc0ea2c,987741,1050,1050,PASS
3f44d749cd0b,APTOS_VAL,model/datasets/val_manifest.csv,data/aptos2019/train_images/3f44d749cd0b.png,0,83db42b71932536a1ec6e561385e506561c964bb0cb84096884bc1e49780ade3,1778424,2416,1736,PASS
65e120143825,APTOS_VAL,model/datasets/val_manifest.csv,data/aptos2019/train_images/65e120143825.png,4,8dfa71b74fc6ab130bd7b85ca96643bf87abc15d4307a6f9889e034b4e169e21,2113447,2416,1736,PASS
c3c8fdda50c0,APTOS_VAL,model/datasets/val_manifest.csv,data/aptos2019/train_images/c3c8fdda50c0.png,0,24d7befd334c3435e525de6bf179a13090180297c3155e6e7d5b66d66dd5a2a4,929965,1050,1050,PASS
71e4130bf5c8,APTOS_VAL,model/datasets/val_manifest.csv,data/aptos2019/train_images/71e4130bf5c8.png,2,e382012994f1b3b538608b4cfedbb8777b70f9e342d0748e7c1c91dc16d3b8a3,3167548,3216,2136,PASS
58b866484a05,APTOS_VAL,model/datasets/val_manifest.csv,data/aptos2019/train_images/58b866484a05.png,4,d268b95aef3a39dbfc1616fc984b075f7a09f42b1680a789a0414c7a9c9f029c,795231,1844,1226,PASS
a11bf2edd470,APTOS_VAL,model/datasets/val_manifest.csv,data/aptos2019/train_images/a11bf2edd470.png,4,654438ce4853dd52ac2efc8ee26ae2190f842fded985b0c2cfa24a3fdbc7c458,5668728,2588,1958,PASS
f3a268d2726d,APTOS_VAL,model/datasets/val_manifest.csv,data/aptos2019/train_images/f3a268d2726d.png,2,69998473f32cd4b08fcde278d52acd7e694d48b0430a3a3a00bb08145a53e5d4,5170508,2588,1958,PASS
6a2642131e4a,APTOS_VAL,model/datasets/val_manifest.csv,data/aptos2019/train_images/6a2642131e4a.png,0,115a4178fe203bb326d96845c8504c8835ec949895308c6d10699bea4e83d19f,981448,1050,1050,PASS
ff59d44a70a7,APTOS_VAL,model/datasets/val_manifest.csv,data/aptos2019/train_images/ff59d44a70a7.png,0,655a3cd84f8abc9cdf370f5f003927cec88ea58d67a639f37dd81567ca8be48b,1049612,1050,1050,PASS
8eeac97f02f0,APTOS_VAL,model/datasets/val_manifest.csv,data/aptos2019/train_images/8eeac97f02f0.png,4,5e3f9bd79f69e03faec3d868b11a2070f89d47efaea250bfabf4fb8ad4fc4447,5453770,4288,2848,PASS
4cfd22ae43d4,APTOS_VAL,model/datasets/val_manifest.csv,data/aptos2019/train_images/4cfd22ae43d4.png,0,a6b872655b52e3a39a7f9969bd2f7692cef1323ba30a297730a126e9b60d3109,918301,1050,1050,PASS
1414128bead0,APTOS_VAL,model/datasets/val_manifest.csv,data/aptos2019/train_images/1414128bead0.png,2,1d6781e2c6bd4f0ec1ed428dfbc5645c3b9abb7d5485a722f809aef491155e47,5262304,2588,1958,PASS
165c548185f8,APTOS_VAL,model/datasets/val_manifest.csv,data/aptos2019/train_images/165c548185f8.png,0,b2f55bc8a8fb32eb120caed7ec67368b84b4f70ff8d50d9a770b4974d5151fb6,1032299,1050,1050,PASS
61f403fdb434,APTOS_VAL,model/datasets/val_manifest.csv,data/aptos2019/train_images/61f403fdb434.png,4,45549d82c521e8e316b5fee37f083d81b25a40609c1f775d4e7666f6fdea186e,5518468,2588,1958,PASS
77baa08a1345,APTOS_VAL,model/datasets/val_manifest.csv,data/aptos2019/train_images/77baa08a1345.png,2,69710ff727aced65924fad02499b03f508000f85c45f8892ffba7bab6cfe4d30,4688980,2588,1958,PASS
9de9421f17e3,APTOS_VAL,model/datasets/val_manifest.csv,data/aptos2019/train_images/9de9421f17e3.png,0,84ba33c938157425d4209501547501ebb7078c9a1d3b58f4f7af6afc4e226e95,930660,1050,1050,PASS
7116128c65ab,APTOS_VAL,model/datasets/val_manifest.csv,data/aptos2019/train_images/7116128c65ab.png,1,8d5c0a756f2af6c34bafba0353e422e308e50c5f93ffd1a51f2baac98ee7ce4b,799838,1844,1226,PASS
b22cc1bf0b8a,APTOS_VAL,model/datasets/val_manifest.csv,data/aptos2019/train_images/b22cc1bf0b8a.png,0,8a9479fab1af5154987586dfd8332a7efa392f3e6cce62275d35ac6e2d3c4033,1066836,1050,1050,PASS
21d18b022429,APTOS_VAL,model/datasets/val_manifest.csv,data/aptos2019/train_images/21d18b022429.png,4,482fdb0fe48b9ecfd7060725798221495ac86b479590514ab5251f457893687c,5394295,2588,1958,PASS
a1822dd8d05d,APTOS_VAL,model/datasets/val_manifest.csv,data/aptos2019/train_images/a1822dd8d05d.png,0,8f234c7e02989028f8de96304771efd4c14841db642eac37ce384c970847d214,914198,1050,1050,PASS
8191ae701985,APTOS_VAL,model/datasets/val_manifest.csv,data/aptos2019/train_images/8191ae701985.png,0,db6f045eb68178e3d885f44379ef3c26e4e95cb89da7450d019542c972d51af2,5123295,2588,1958,PASS
18ce0cdc473d,APTOS_VAL,model/datasets/val_manifest.csv,data/aptos2019/train_images/18ce0cdc473d.png,0,afd12197784732cf60b0b54e0e3d0f903c6f45d49045617c9e513084eca69438,5535242,2588,1958,PASS
5090917a2676,APTOS_VAL,model/datasets/val_manifest.csv,data/aptos2019/train_images/5090917a2676.png,1,651ed2e3e1e7e01e1775d0e200b6c63dbc8523801dd2469f1f00797ff8c85746,5473351,2588,1958,PASS
09f6ab477654,APTOS_VAL,model/datasets/val_manifest.csv,data/aptos2019/train_images/09f6ab477654.png,2,f171a52d7c300c94889bf04b6269a463c844cf18bb75fd3500dd3c7883180299,1933682,2416,1736,PASS
c3cd0200df79,APTOS_VAL,model/datasets/val_manifest.csv,data/aptos2019/train_images/c3cd0200df79.png,3,9670ad318c026ab2f5e396d00ad3481cba0be088f9ce7bd3cd51feea5a7c7d3d,4003772,2588,1958,PASS
b99794a0beed,APTOS_VAL,model/datasets/val_manifest.csv,data/aptos2019/train_images/b99794a0beed.png,2,5ca5417c37bf2e5d171a5166935717c34188ea79ad472dcfb68a9db9afb7116e,2558660,3216,2136,PASS
46f56c38051f,APTOS_VAL,model/datasets/val_manifest.csv,data/aptos2019/train_images/46f56c38051f.png,2,45299365ec10fa84e66c2064fa836ba25cecd1083448ff90ba50290edb0ad1b7,7576023,3388,2588,PASS
3599029efeb3,APTOS_VAL,model/datasets/val_manifest.csv,data/aptos2019/train_images/3599029efeb3.png,0,0e891fda767c939f9e91f93c625ab9ac95c003fbfc53d2dbcf2e1e905ec6bfc1,5254833,2588,1958,PASS
04579e31e4be,APTOS_VAL,model/datasets/val_manifest.csv,data/aptos2019/train_images/04579e31e4be.png,0,023893421484ee8014de37133ae08550b14d81731fca83d8a4bdeecfdf109353,1031373,1050,1050,PASS
101b9ebfc720,APTOS_VAL,model/datasets/val_manifest.csv,data/aptos2019/train_images/101b9ebfc720.png,1,ad56fac11a74ada92a9eb9d62dbbfc5079cc6cf6b62109c8f805d39e1e9aed7e,2018139,2416,1736,PASS
94ef1d14597f,APTOS_VAL,model/datasets/val_manifest.csv,data/aptos2019/train_images/94ef1d14597f.png,4,58b1b1798643033ff29b12643722aa7993c2a8bda0a336a0a9fd77e07ab77980,7271549,3388,2588,PASS
b82dfa63a75f,APTOS_VAL,model/datasets/val_manifest.csv,data/aptos2019/train_images/b82dfa63a75f.png,0,43b2668b1453729c068af533baada46fdce0ecef10ece32c6f21cd136014dae9,1926532,2048,1536,PASS
cae33655ca00,APTOS_VAL,model/datasets/val_manifest.csv,data/aptos2019/train_images/cae33655ca00.png,0,cbee51ccfdbfa7f24e744c95f3a18892d3891b6a4193c4af4bdeca83e217bb89,985701,1050,1050,PASS
6d3d1fe6c32a,APTOS_VAL,model/datasets/val_manifest.csv,data/aptos2019/train_images/6d3d1fe6c32a.png,2,4c6df4209a302e50f56e434864ffb28950b713bb2ac69bcf7f4104551d43db48,2157144,2416,1736,PASS
272d9c043c81,APTOS_VAL,model/datasets/val_manifest.csv,data/aptos2019/train_images/272d9c043c81.png,2,cdce6016d336f47acacb188fb52853022d259497b6eb0b3a2fddf2258e5ba901,7540627,3388,2588,PASS
cb28adab4e8a,APTOS_VAL,model/datasets/val_manifest.csv,data/aptos2019/train_images/cb28adab4e8a.png,0,ddefcb336c9b6382ab206b4bd0c70bed9ac626f13665c883ef7bf2767f6b4785,282088,819,614,PASS
e135d7ba9a0e,APTOS_VAL,model/datasets/val_manifest.csv,data/aptos2019/train_images/e135d7ba9a0e.png,0,c9c1acf77038959fde28d5294c7b2ba14a29ca49020e490ff2735bafbc7d02aa,969780,1050,1050,PASS
7ccf9d25dc48,APTOS_VAL,model/datasets/val_manifest.csv,data/aptos2019/train_images/7ccf9d25dc48.png,0,bf0428ea22647ba7e729b97cbe6bd2b4b40078e48442e2b103a8e7a646f0b12d,1053023,1050,1050,PASS
32a3eb37ff40,APTOS_VAL,model/datasets/val_manifest.csv,data/aptos2019/train_images/32a3eb37ff40.png,2,ed9d58a213d9efcafc0e9d84e2d9a91696cb1f7991b783546c779f9eea9dfeda,2263778,2416,1736,PASS
c3aa424eff9a,APTOS_VAL,model/datasets/val_manifest.csv,data/aptos2019/train_images/c3aa424eff9a.png,0,bd73310a7d661c742099fb7ad4d69e18d3d7602ce4e5cfef1b0df7ba3379ba10,1792619,2048,1536,PASS
dd3176bacfe2,APTOS_VAL,model/datasets/val_manifest.csv,data/aptos2019/train_images/dd3176bacfe2.png,0,443389abdf7b7bece1fde8ebd2e601ef0a816d9823f6e1cea8396e02a27eadfd,312095,819,614,PASS
668e853258cd,APTOS_VAL,model/datasets/val_manifest.csv,data/aptos2019/train_images/668e853258cd.png,2,090969e9f238da621276a14c1647c4054c1354e15bb9bebace09742a17ed13ed,5070598,2588,1958,PASS
150fc7127582,APTOS_VAL,model/datasets/val_manifest.csv,data/aptos2019/train_images/150fc7127582.png,0,f318f658ab1f14d074aea700c511aee962cda6f036ca203e8cf53c083a97d4d8,1065406,1050,1050,PASS
1d2472849dce,APTOS_VAL,model/datasets/val_manifest.csv,data/aptos2019/train_images/1d2472849dce.png,0,dc68240629458b27a924e781c349c1b6563ad5e12373cb65c02b74a68edb21b3,1034547,1050,1050,PASS
a7b03e58a6e1,APTOS_VAL,model/datasets/val_manifest.csv,data/aptos2019/train_images/a7b03e58a6e1.png,0,46b3a17461d648d9ee938abfa470b2608acc0579ce807c3dead5b060c739fb8e,1076995,1050,1050,PASS
b2aaa81cc8f0,APTOS_VAL,model/datasets/val_manifest.csv,data/aptos2019/train_images/b2aaa81cc8f0.png,2,1374b87de1118f52fe151a48810daf9129955033a96c9a759f3c1bac7eaa4b56,712468,1504,1000,PASS
80b5697f2a5e,APTOS_VAL,model/datasets/val_manifest.csv,data/aptos2019/train_images/80b5697f2a5e.png,0,54b1c111e69a60ee17af9ac14ab099ed02f8c5b65a48df0009f01185a32f4ce4,1032553,1050,1050,PASS
4d47300e3ddb,APTOS_VAL,model/datasets/val_manifest.csv,data/aptos2019/train_images/4d47300e3ddb.png,3,fb110a5150e19a0619424ebe88f55f045d2d7a0f8c8464de7ca1c66e543210a6,5277249,2588,1958,PASS
25e9fd872182,APTOS_VAL,model/datasets/val_manifest.csv,data/aptos2019/train_images/25e9fd872182.png,1,c31ebc45ac1b596521cf4be505379510d6bb8607cfb710ae66dfd0f7acd80636,2499301,2416,1736,PASS
f8f5942b690e,APTOS_VAL,model/datasets/val_manifest.csv,data/aptos2019/train_images/f8f5942b690e.png,0,ca6de7063ee2390a8378f92731059ff54ab5f6126994b81553970099d98ab8be,371100,819,614,PASS
33b978734eab,APTOS_VAL,model/datasets/val_manifest.csv,data/aptos2019/train_images/33b978734eab.png,0,84896c778b11d5989b7d018e3127378b0b2435e08b6c4cefbba3930f55aae6c8,1827645,2048,1536,PASS
3ee17aa12e46,APTOS_VAL,model/datasets/val_manifest.csv,data/aptos2019/train_images/3ee17aa12e46.png,1,73919f8d69e3917298f1ccd8c9a72619d9a3c6bff5fe680ae3b31879b7e3f708,2024417,2416,1736,PASS
992b9a07b25f,APTOS_VAL,model/datasets/val_manifest.csv,data/aptos2019/train_images/992b9a07b25f.png,0,b3292ab3df267ec926fa3daa8898c3a8ee0ec9c54345a7c460677b1cffe50030,5123395,2588,1958,PASS
2700754f71e9,APTOS_VAL,model/datasets/val_manifest.csv,data/aptos2019/train_images/2700754f71e9.png,2,8370b623074ca270ead9823d9797bb2d16f1f5eac543f27d477a6d2ca30a8797,409700,819,614,PASS
7663aba8d762,APTOS_VAL,model/datasets/val_manifest.csv,data/aptos2019/train_images/7663aba8d762.png,2,29c261e764e34d071cfc32d5d47040167601b4c51483b66a4d47d5dd68515a2d,1811558,2416,1736,PASS
687759336b0d,APTOS_VAL,model/datasets/val_manifest.csv,data/aptos2019/train_images/687759336b0d.png,3,7083e5712c516891305fba7217c040fb3b6f17809f91f19870c051c9b0fb6b5c,5528142,2588,1958,PASS
e8ddfc9709ce,APTOS_VAL,model/datasets/val_manifest.csv,data/aptos2019/train_images/e8ddfc9709ce.png,0,5abc4c8d9ecbe5233ffa0f5ec05f8c447cfadc59372846941d01925ab9eaea2c,1028792,1050,1050,PASS
71e43b4f8ba6,APTOS_VAL,model/datasets/val_manifest.csv,data/aptos2019/train_images/71e43b4f8ba6.png,0,56dcf99b9832df1f5c0c39fa8a9c83daeb57efda5742797dbc72779c131a876a,1015686,1050,1050,PASS
48a45619d1a3,APTOS_VAL,model/datasets/val_manifest.csv,data/aptos2019/train_images/48a45619d1a3.png,0,1bf44211b26f5e1da77f1fae92a194d5617c597e6591765996fd8f8e277a4ed8,310787,819,614,PASS
cf8ae5501bd6,APTOS_VAL,model/datasets/val_manifest.csv,data/aptos2019/train_images/cf8ae5501bd6.png,0,479448a2235b096e7669a8ad433c83828645bd350b703b5968a4164cf6c83624,951036,1050,1050,PASS
d7a01fca9838,APTOS_VAL,model/datasets/val_manifest.csv,data/aptos2019/train_images/d7a01fca9838.png,0,422245e517cbf8c01632fe116d7a137979252cd9c2b5f3610912850a8e8a2ff0,289251,819,614,PASS
2bb063318cf1,APTOS_VAL,model/datasets/val_manifest.csv,data/aptos2019/train_images/2bb063318cf1.png,3,fa22f52240691d39c724c6ad6df2469fb9039af1c678954d339124e18a2b6680,3340305,3216,2136,PASS
8a234d68b27e,APTOS_VAL,model/datasets/val_manifest.csv,data/aptos2019/train_images/8a234d68b27e.png,3,c7cb96b72983371a173ac339c97f5715470a18583707516fb7458cf698d0d093,3928725,2588,1958,PASS
f850cb51fdba,APTOS_VAL,model/datasets/val_manifest.csv,data/aptos2019/train_images/f850cb51fdba.png,4,56142dd450856d5d4afabdb725bb686d6c56a17991d7c74d9a23b24dee00ef0f,2354955,2416,1736,PASS
d2c2f02bb313,APTOS_VAL,model/datasets/val_manifest.csv,data/aptos2019/train_images/d2c2f02bb313.png,4,5997e5b287aaedaf77b347b37b5d052984d6cb75b1d4b9ce4c3f1a13bde0f0ee,2120979,2416,1736,PASS
e7d2c2c3b30f,APTOS_VAL,model/datasets/val_manifest.csv,data/aptos2019/train_images/e7d2c2c3b30f.png,4,c9d5868acd1a3bf648e3ef8249c13678a56bfe46d8799a507c77972977122c92,2297467,2416,1736,PASS
962c0fc85e13,APTOS_VAL,model/datasets/val_manifest.csv,data/aptos2019/train_images/962c0fc85e13.png,0,a8418b61aa618bd96276e36edf22e257d7f84a4d75d58991f88ac88290437f40,1946516,2048,1536,PASS
992599744a23,APTOS_VAL,model/datasets/val_manifest.csv,data/aptos2019/train_images/992599744a23.png,0,4f1cf33cc2417212ebcab5e19314b300d36fe373cf8745532ea32ce22f1c0df0,5414922,2588,1958,PASS
fcc55ae641ae,APTOS_VAL,model/datasets/val_manifest.csv,data/aptos2019/train_images/fcc55ae641ae.png,2,38f9d1ae387eb22ef1fbc4150ad76a9c17cc20f6569f447a3e1b6f10b3628155,7201178,3388,2588,PASS
22325552a4e3,APTOS_VAL,model/datasets/val_manifest.csv,data/aptos2019/train_images/22325552a4e3.png,1,a0a00300a23cc760ebb10bc12bdca64cd743e66a834658d77e206d78ff33402b,2029295,2416,1736,PASS
b13d72ceea26,APTOS_VAL,model/datasets/val_manifest.csv,data/aptos2019/train_images/b13d72ceea26.png,2,f77e824ed596b9052c1bd6aba523f2f74b70af2bdbc3b60e38aa0fd7b279bec4,1275292,1504,1000,PASS
51a1d162e223,APTOS_VAL,model/datasets/val_manifest.csv,data/aptos2019/train_images/51a1d162e223.png,4,d66b75dff176548c2add9913afcd85c6d14fcd656618f8001d167fe4281d7afe,1048855,1844,1226,PASS
d28bd830c171,APTOS_VAL,model/datasets/val_manifest.csv,data/aptos2019/train_images/d28bd830c171.png,2,d6b99dd6fa58f2fc181efd58273e356ca966913e200cfa7e4db51a537ef7b780,6088579,3216,2136,PASS
1d29cb2f4296,APTOS_VAL,model/datasets/val_manifest.csv,data/aptos2019/train_images/1d29cb2f4296.png,0,9dd00b6572b59344b65a5b160ec68c237a243dea65d797d4c2c8418e9f86e5b3,5353190,2588,1958,PASS
7ec1ffe8220b,APTOS_VAL,model/datasets/val_manifest.csv,data/aptos2019/train_images/7ec1ffe8220b.png,2,7eb2a60bac31358d4521d84e273a6f49e1727588bf69cd073f307d82b8681f45,3036338,3216,2136,PASS
a528be013a04,APTOS_VAL,model/datasets/val_manifest.csv,data/aptos2019/train_images/a528be013a04.png,0,c11e2e55580c05bf07e1d7621cb56d2a5efca31e8dd5303a143b12f84af3e2e5,1030235,1050,1050,PASS
b963a11638f2,APTOS_VAL,model/datasets/val_manifest.csv,data/aptos2019/train_images/b963a11638f2.png,0,6d714de18ed8fc449967945151ed4fe615f0e9a83255473d7ef6e390c4773257,318177,819,614,PASS
0dbaa09a458c,APTOS_VAL,model/datasets/val_manifest.csv,data/aptos2019/train_images/0dbaa09a458c.png,2,bd6cf68ac06f4e28d84f6773cc8f7751cfda9a540105526eefd2f270f3e44b76,2440114,2416,1736,PASS
529906ff9dfa,APTOS_VAL,model/datasets/val_manifest.csv,data/aptos2019/train_images/529906ff9dfa.png,0,42331d6b89827111a440e32f2baaf738c3e167179c9622ee0b3a1073084d75ee,902850,1050,1050,PASS
d99dd99be001,APTOS_VAL,model/datasets/val_manifest.csv,data/aptos2019/train_images/d99dd99be001.png,0,e2cdbcb904be2b157c0f2a146cf2354d6d47570b476dd7b7b1e0a91536dc79f0,1056982,1050,1050,PASS
3a61e690f4bb,APTOS_VAL,model/datasets/val_manifest.csv,data/aptos2019/train_images/3a61e690f4bb.png,2,01bf36ece574e483bf2afb1304c2074fcbca23ee578a2b5391854c65b3e14065,342191,640,480,PASS
8f1e7433a95d,APTOS_VAL,model/datasets/val_manifest.csv,data/aptos2019/train_images/8f1e7433a95d.png,2,7379885b1b9c966bf69e9fda9bd730ab828eacab6b74a35ee3116b80438ad827,7143987,3388,2588,PASS
184a185e7447,APTOS_VAL,model/datasets/val_manifest.csv,data/aptos2019/train_images/184a185e7447.png,0,9c6ccf19d492b863dcbfd1ef1031db9eefd63f9157064b6ed7f69e4cd1647d0d,337504,819,614,PASS
a8b3c0961d42,APTOS_VAL,model/datasets/val_manifest.csv,data/aptos2019/train_images/a8b3c0961d42.png,0,c7dc63cb238f5eebd6efb18b179adc7071fbcdcf5c559d9da2017252a875240b,355398,819,614,PASS
af345c68e836,APTOS_VAL,model/datasets/val_manifest.csv,data/aptos2019/train_images/af345c68e836.png,0,b3fff8c5f241cbcdf879058b550ae0568e72779bc704344f65834f4142805b3c,988197,1050,1050,PASS
eba3acc42197,APTOS_VAL,model/datasets/val_manifest.csv,data/aptos2019/train_images/eba3acc42197.png,1,cd476a4026872e6d6ae65694b8e6a95f1c114519df0b74e91059dde1b0683f7d,2441481,3216,2136,PASS
f366fb1cc475,APTOS_VAL,model/datasets/val_manifest.csv,data/aptos2019/train_images/f366fb1cc475.png,0,794b45f2282fc868f79a2cb8b7126c19b65a0b5fd44a5ce6a83c122453ba5e24,1058674,1050,1050,PASS
34a7dbd3f05c,APTOS_VAL,model/datasets/val_manifest.csv,data/aptos2019/train_images/34a7dbd3f05c.png,0,0cdad3632b431a5880933c57a23d3cc394908c816e1f094484bdf05b7049e60d,1913182,2048,1536,PASS
977e1ca77653,APTOS_VAL,model/datasets/val_manifest.csv,data/aptos2019/train_images/977e1ca77653.png,1,63cfe3efa14198912e30078c9248bad34c8b7f551f4664656ca8edc49399d7fd,2054574,2416,1736,PASS
d9a475dfe59a,APTOS_VAL,model/datasets/val_manifest.csv,data/aptos2019/train_images/d9a475dfe59a.png,2,582ae68408692ba89a3fcb8542749813a6ea2eca79a390685414f2d7b62cb0a3,2428882,2416,1736,PASS
d7e5fe5245e0,APTOS_VAL,model/datasets/val_manifest.csv,data/aptos2019/train_images/d7e5fe5245e0.png,0,df235130ff4159f746055ab073e30b4791dded92d3f7f4ce561e32710d94b7b9,1884952,2416,1736,PASS
a86128b601a7,APTOS_VAL,model/datasets/val_manifest.csv,data/aptos2019/train_images/a86128b601a7.png,0,53f59f53fbb3cfd4f0237ded3e007e7b7452396663af541078df2ea8397ef760,1010010,1050,1050,PASS
15cd5f52d300,APTOS_VAL,model/datasets/val_manifest.csv,data/aptos2019/train_images/15cd5f52d300.png,2,b9af07c6cbf470d4f633db009067b4ec1a9be44e9c2f867b097398c3f5fca82c,3131258,3216,2136,PASS
ffcf7b45f213,APTOS_VAL,model/datasets/val_manifest.csv,data/aptos2019/train_images/ffcf7b45f213.png,2,f040a166afd5147d3c42c633cc1f849b80872dd82100bb05facfb233beb6bd94,2528117,3216,2136,PASS
d85d052900b4,APTOS_VAL,model/datasets/val_manifest.csv,data/aptos2019/train_images/d85d052900b4.png,1,ae78fa3af782f6305cfbf3f9f148d96cf3887fe89dbdd78d30f08fafa77e9578,2180424,2416,1736,PASS
77e15f213b04,APTOS_VAL,model/datasets/val_manifest.csv,data/aptos2019/train_images/77e15f213b04.png,0,a85f2c967efb52b1b99814560e5f01ad344b01f8a0400f0d7018cf92f79254b8,1903850,2048,1536,PASS
0790515cf5af,APTOS_VAL,model/datasets/val_manifest.csv,data/aptos2019/train_images/0790515cf5af.png,0,b31be068765679b6264047b9e270e16e0bd63d474ffaecf62411b5cc349a0949,905786,1050,1050,PASS
39923b29988a,APTOS_VAL,model/datasets/val_manifest.csv,data/aptos2019/train_images/39923b29988a.png,2,11e690fc64310a7307ff9aae1e1eb9fb04e074b5d8145df3919e6f2551ae2a35,994316,1844,1226,PASS
b1197f2cc9b3,APTOS_VAL,model/datasets/val_manifest.csv,data/aptos2019/train_images/b1197f2cc9b3.png,1,d3177f7cd16f92297769361623b368d728d0ba43c270c5fbb114ee95688b5130,2042571,2416,1736,PASS
9b418ce42c13,APTOS_VAL,model/datasets/val_manifest.csv,data/aptos2019/train_images/9b418ce42c13.png,2,be82994580fd6a9c7a55391aaf470889046b93ab41c1e6ef02ea40d37fbd4628,1486302,1504,1000,PASS
e12df54e0d1e,APTOS_VAL,model/datasets/val_manifest.csv,data/aptos2019/train_images/e12df54e0d1e.png,0,f65c828056a6b60813ae320d8e8313d9663f04faa4dd1366f2a39845ccb5c048,892856,1050,1050,PASS
25d069089c5e,APTOS_VAL,model/datasets/val_manifest.csv,data/aptos2019/train_images/25d069089c5e.png,4,d3a81f234c4ecbfff594e068eef42aa07dd239d29fedbf325bd8cf8952887812,2651130,2416,1736,PASS
f2f569a64949,APTOS_VAL,model/datasets/val_manifest.csv,data/aptos2019/train_images/f2f569a64949.png,0,13d329e27048a77a8bc2782f85ad2361262311d9bc6bfde78f04bb2b75560ef7,1822562,2048,1536,PASS
5723d0ec895e,APTOS_VAL,model/datasets/val_manifest.csv,data/aptos2019/train_images/5723d0ec895e.png,2,a74fd771304d699d9241d638b59d52092ac768f0c928c6fe33d670759dac54cf,5261280,2588,1958,PASS
8d62ba9cb22a,APTOS_VAL,model/datasets/val_manifest.csv,data/aptos2019/train_images/8d62ba9cb22a.png,2,1f3ecc662e3aad8514a832e162ee75be2b0a0437ea4d3d64bc8e65d8f87a8a89,2393677,2588,1958,PASS
b8e9a8f4617d,APTOS_VAL,model/datasets/val_manifest.csv,data/aptos2019/train_images/b8e9a8f4617d.png,0,6cd5347c93c779d738682b08c67b9e051a2e03768d71b4515f465ee85895f11c,987614,1050,1050,PASS
005b95c28852,APTOS_VAL,model/datasets/val_manifest.csv,data/aptos2019/train_images/005b95c28852.png,0,4af20410946f8730d1a9c13361a0b4604c5934c325890b6ddd85b39627c6a0e8,1819430,2048,1536,PASS
ac720570dd0f,APTOS_VAL,model/datasets/val_manifest.csv,data/aptos2019/train_images/ac720570dd0f.png,2,cb8162454340a3911ba4c169cd3ad4d80105b804d8f553f6da94d901010e23ea,5028531,2588,1958,PASS
8d9516ea3587,APTOS_VAL,model/datasets/val_manifest.csv,data/aptos2019/train_images/8d9516ea3587.png,0,c2c203d245d74526b3a461a770ee115e8632e13fd607d0f556014a45d6430d78,1028311,1050,1050,PASS
66b88a4bc474,APTOS_VAL,model/datasets/val_manifest.csv,data/aptos2019/train_images/66b88a4bc474.png,0,ea48bc3f0aa1dd11e4e8a3768923ade1a3161e7ae2c43d92807a0e66a519e40d,1914178,2048,1536,PASS
415f2d2bd2a1,APTOS_VAL,model/datasets/val_manifest.csv,data/aptos2019/train_images/415f2d2bd2a1.png,0,48560613a9e096a34b723989fff0fc008fdcdd8e9c3fe5124d9d5398257c3237,1026734,1050,1050,PASS
6531070bf03c,APTOS_VAL,model/datasets/val_manifest.csv,data/aptos2019/train_images/6531070bf03c.png,2,fbbd25140de7948dec67ca24254d399ec9550c6dffcbcf879f90cc13ffbb0994,2468798,3216,2136,PASS
f0546a45ef10,APTOS_VAL,model/datasets/val_manifest.csv,data/aptos2019/train_images/f0546a45ef10.png,0,994ff159072aaaf5c88c7c7280581145a957606e0e8c13318ff9773c62eba179,1006944,1050,1050,PASS
d1afdb8cf70d,APTOS_VAL,model/datasets/val_manifest.csv,data/aptos2019/train_images/d1afdb8cf70d.png,0,b57d93b15d3472199f19a36a674074bdfd749af113fe6140ca8b33de38cdb85d,946242,1050,1050,PASS
a505981d1cab,APTOS_VAL,model/datasets/val_manifest.csv,data/aptos2019/train_images/a505981d1cab.png,2,bac8ae4828852f2c3e0d13e8af86de30d58c4eb8ab1c7bf301ae13446870a043,2596370,2144,1424,PASS
15bed5adde74,APTOS_VAL,model/datasets/val_manifest.csv,data/aptos2019/train_images/15bed5adde74.png,3,ff013be73e06f4c0b9c448b0032def2890d4ef1ce0e09ccf6b40e30d63937d0e,2208244,2896,1944,PASS
6180920bc224,APTOS_VAL,model/datasets/val_manifest.csv,data/aptos2019/train_images/6180920bc224.png,0,b265fab410f2a4b539d20c7405cee146a5855c8d26b4cc0d9d496cd8d2de6364,935422,1050,1050,PASS
61bbe8db6f3a,APTOS_VAL,model/datasets/val_manifest.csv,data/aptos2019/train_images/61bbe8db6f3a.png,1,2ec16e0ba0cb1e42c13aaf6bd6a3f8c16cceccbd3cb24b6fda81c3a3f7f2778e,2183953,2416,1736,PASS
3b73a3a4a734,APTOS_VAL,model/datasets/val_manifest.csv,data/aptos2019/train_images/3b73a3a4a734.png,1,dd9c078f88200e4b1af92292e1f34ed711e8f3f93b5e16e7b15859e6c123ba71,2037346,2416,1736,PASS
83038ca49b6d,APTOS_VAL,model/datasets/val_manifest.csv,data/aptos2019/train_images/83038ca49b6d.png,0,bcc8d328aa63e4c594131bee4a1b2261387278015a199e5e1a2766ba6c210319,1033133,1050,1050,PASS
8e4a354e3da2,APTOS_VAL,model/datasets/val_manifest.csv,data/aptos2019/train_images/8e4a354e3da2.png,0,b403fa4b8e93c6d5ee1c208587552a0ecba7f974dfcb73963f5c1db620fe6ff3,1944213,2048,1536,PASS
3dec415b188a,APTOS_VAL,model/datasets/val_manifest.csv,data/aptos2019/train_images/3dec415b188a.png,0,7625e9a8daed02e4370843f0f8be5432f6ebdf5a6eecdf3c14434cc298f98e6e,1000084,1050,1050,PASS
e4d3d437b0a8,APTOS_VAL,model/datasets/val_manifest.csv,data/aptos2019/train_images/e4d3d437b0a8.png,0,0825ee7d97c1ff9b8438133de7e5d24cd7a26f4384355ff28f65d2cc076f1aa7,1026734,1050,1050,PASS
6e92b1c5ac8e,APTOS_VAL,model/datasets/val_manifest.csv,data/aptos2019/train_images/6e92b1c5ac8e.png,3,c741bd577687fb6d5337d348d9d3b6e12cbc578dd11d902f89fc8c73fd22dea2,2708524,2144,1424,PASS
47536db39f00,APTOS_VAL,model/datasets/val_manifest.csv,data/aptos2019/train_images/47536db39f00.png,0,68577c0761bc62ad6658d8011077382af855445746d5b6417e466549351e7fee,5365146,2588,1958,PASS
e66855a5c583,APTOS_VAL,model/datasets/val_manifest.csv,data/aptos2019/train_images/e66855a5c583.png,0,0a9524aae4f3e9747366da693a6ef73618e406513cabbf62ed3f4aed0418038b,1032888,1050,1050,PASS
266fbefa58fb,APTOS_VAL,model/datasets/val_manifest.csv,data/aptos2019/train_images/266fbefa58fb.png,0,6df4c770087a09efe95faaa212a4f2ee9acc4c84d4f9f27c0c0138f7662da579,1011624,1050,1050,PASS
51aa3361294c,APTOS_VAL,model/datasets/val_manifest.csv,data/aptos2019/train_images/51aa3361294c.png,0,de70dd01e40dbdea89852c96c0899c4975e3355997575a76cd727f7963c81437,347066,819,614,PASS
ab3c505b624f,APTOS_VAL,model/datasets/val_manifest.csv,data/aptos2019/train_images/ab3c505b624f.png,0,5a62ceb069e8aa116c8652a9ddafdafc6dad94d0b3f6b875d0979775779a0dfb,289282,819,614,PASS
15c24478ac72,APTOS_VAL,model/datasets/val_manifest.csv,data/aptos2019/train_images/15c24478ac72.png,0,a7154d87028e21c572020ac93901e3bdd6f5f1c46ae4c4e3d585acdf14229d40,982089,1050,1050,PASS
4ad8d3ec8789,APTOS_VAL,model/datasets/val_manifest.csv,data/aptos2019/train_images/4ad8d3ec8789.png,0,98a15e85ab78e48a05b4705b0897ab924912c8969d15eebc029884526b788157,1768479,2048,1536,PASS
3e6bfc4d5c65,APTOS_VAL,model/datasets/val_manifest.csv,data/aptos2019/train_images/3e6bfc4d5c65.png,2,fcb0c34dfd2effe24092278560f5b6a257f723df23c040f2dcfcdde8e34052d7,5299453,2588,1958,PASS
5fcff7280019,APTOS_VAL,model/datasets/val_manifest.csv,data/aptos2019/train_images/5fcff7280019.png,0,eb2c70aa572eb13805a9e8c3e17ecbaced6119cc18a3773af02c9fd0434404c4,365845,819,614,PASS
5905a9b06a73,APTOS_VAL,model/datasets/val_manifest.csv,data/aptos2019/train_images/5905a9b06a73.png,2,8137e9b4addfbcc93a3b6ee951310f5828f0f6232d96ed890ac65ae3275b6cf9,5429715,2588,1958,PASS
f06e7a9df795,APTOS_VAL,model/datasets/val_manifest.csv,data/aptos2019/train_images/f06e7a9df795.png,0,a429f51f3768d781549147780d339275de0a60eb2f16ebeff263dcbf6df63397,5252961,2588,1958,PASS
6f689fced922,APTOS_VAL,model/datasets/val_manifest.csv,data/aptos2019/train_images/6f689fced922.png,0,f3f369eaa1b73538971a2f548552b10a56f651bda2ef536b05b3e766c49830b2,1023145,1050,1050,PASS
ed2ef440d22c,APTOS_VAL,model/datasets/val_manifest.csv,data/aptos2019/train_images/ed2ef440d22c.png,0,06de97a9595e20f3763001483298f247a4e54b47dee94f42f059d72d67c20461,324515,819,614,PASS
496155f71d0a,APTOS_VAL,model/datasets/val_manifest.csv,data/aptos2019/train_images/496155f71d0a.png,0,f59ee9b2be0b6e9adf9db43c94dfc105255d6eb622acacbc83144a7d311cfaab,1000227,1050,1050,PASS
d56d32a1d62d,APTOS_VAL,model/datasets/val_manifest.csv,data/aptos2019/train_images/d56d32a1d62d.png,0,1720f2a706584d8777001e82079f59e45a3f9aad287ac8c036d745ecb75f1140,1939249,2048,1536,PASS
1db18bdd43aa,APTOS_VAL,model/datasets/val_manifest.csv,data/aptos2019/train_images/1db18bdd43aa.png,2,62eea878290b973b89091655e75060dfce9eaf43d8f4e7f43b56c13d37bcbe4b,5068503,2588,1958,PASS
fd87b6b2e664,APTOS_VAL,model/datasets/val_manifest.csv,data/aptos2019/train_images/fd87b6b2e664.png,0,be84a29d8ffa09287286b246cabcd2fdae60ebdfab221723eefffcc6fc28d1f6,1015523,1050,1050,PASS
a00b4cb250a7,APTOS_VAL,model/datasets/val_manifest.csv,data/aptos2019/train_images/a00b4cb250a7.png,1,295975ccb467498cf1ea813f1c3f85fd5a95b73ac9ab16223a2d2891e328f531,2204614,2416,1736,PASS
a01c590c444f,APTOS_VAL,model/datasets/val_manifest.csv,data/aptos2019/train_images/a01c590c444f.png,2,5dfa91f35e451f488f211c97700aeb2e01d489387589a511777684e3c179568c,2106133,2416,1736,PASS
ae5d31979f19,APTOS_VAL,model/datasets/val_manifest.csv,data/aptos2019/train_images/ae5d31979f19.png,0,1c613e7535dc3551dcbeb450e66519ad1ae2fedf0ed54880481e6c71cefe8ae4,2361448,2416,1736,PASS
5db2e3a4594a,APTOS_VAL,model/datasets/val_manifest.csv,data/aptos2019/train_images/5db2e3a4594a.png,0,d67e8e67ef6d47067334f8dba10a40a66a80197d60c2510c9062a76515b09ba5,919912,1050,1050,PASS
2628305cbb29,APTOS_VAL,model/datasets/val_manifest.csv,data/aptos2019/train_images/2628305cbb29.png,4,6b5702f20251f57d14ecfaf423b7890be0750603f0596d273f3d8930d5648684,2206849,2416,1736,PASS
842d697884f6,APTOS_VAL,model/datasets/val_manifest.csv,data/aptos2019/train_images/842d697884f6.png,2,8982146e6a9ef6249867d35cca101c174c1e57ff1d0b1e0ef048350e8288f8f9,941687,1050,1050,PASS
f4874247ede6,APTOS_VAL,model/datasets/val_manifest.csv,data/aptos2019/train_images/f4874247ede6.png,0,4a86d8ad38cdcd978e51a3d9556255421c7067bb22d95701ee8dcfa5a38655f7,332797,819,614,PASS
fbdc796290d4,APTOS_VAL,model/datasets/val_manifest.csv,data/aptos2019/train_images/fbdc796290d4.png,0,8baa811974b505d62f461498608f0f0685a1a521c60232162e5c4485d63a0f10,951276,1050,1050,PASS
4464bb62bf20,APTOS_VAL,model/datasets/val_manifest.csv,data/aptos2019/train_images/4464bb62bf20.png,0,d6e3b726c797f0ff4770733e8577bc57a54d3fac484957da4e8e086c05becde9,5483061,2588,1958,PASS
3fe282197c1c,APTOS_VAL,model/datasets/val_manifest.csv,data/aptos2019/train_images/3fe282197c1c.png,0,0799f20c29dc51e1ee2eb51a9647b45a79ffb453f57f51d5d7d5cc1da0d7807c,1943865,2048,1536,PASS
ffec9a18a3ce,APTOS_VAL,model/datasets/val_manifest.csv,data/aptos2019/train_images/ffec9a18a3ce.png,2,0017c538f0c81b021de2d618e32691ccb50d6534ef62a28e902b1e172ec6670b,4842826,2588,1958,PASS
aad0c0ee9268,APTOS_VAL,model/datasets/val_manifest.csv,data/aptos2019/train_images/aad0c0ee9268.png,2,85db4dca8a74e12023778fcfceeb3e1133669a2f74db7848c44a5bcd0b42780b,1057038,1050,1050,PASS
144b01e7b993,APTOS_VAL,model/datasets/val_manifest.csv,data/aptos2019/train_images/144b01e7b993.png,2,1e3bd519dc8cc467c993e2fa51964a0e9a9d98810ac9dd2559f747e36859fbe3,1326860,1504,1000,PASS
e3a7671f787b,APTOS_VAL,model/datasets/val_manifest.csv,data/aptos2019/train_images/e3a7671f787b.png,2,43ea4835206f6ca0eed85b89097b4bae044893fb5143104d8fb81cbe801f011c,7214166,3388,2588,PASS
c94f37085d0f,APTOS_VAL,model/datasets/val_manifest.csv,data/aptos2019/train_images/c94f37085d0f.png,0,7b9d6d7fc17f4d6ed190cbb613fc6e1f2254ee41cfbd892239618a3f3e7e1724,900873,1050,1050,PASS
f85c78201a50,APTOS_VAL,model/datasets/val_manifest.csv,data/aptos2019/train_images/f85c78201a50.png,0,9103bb83c272c628db8050d178b0f791f3b4f79d5c65b53d8c2bf9304c6908eb,1038976,1050,1050,PASS
5728b8aa98ef,APTOS_VAL,model/datasets/val_manifest.csv,data/aptos2019/train_images/5728b8aa98ef.png,0,249a1ef3d6cd1acf17f561346c97798550962454871639b8ca747913993d27f7,1014829,1050,1050,PASS
